// images.h
// contains image buffers for simple space invaders
// Jonathan Valvano, March 5, 2018
// Capture image dimensions from BMP files

#ifndef __images_h
#define __images_h
#include <stdint.h>


// *************************** Images ***************************
// enemy ship that starts at the top of the screen (arms/mouth closed)
// includes two blacked out columns on the left and right sides of the image to prevent smearing when moved 2 pixels to the left or right
// includes one blacked out row on the top and bottom sides of the image to prevent smearing when moved 1 pixels to the up or down
// width=16 x height=10
//strawberry
const unsigned short wholebluefish[] = {
 0xFFFF, 0xFFFF, 0xFFFF, 0xFFFF, 0xFFFF, 0xFFFF, 0xFFFF, 0xFFFF, 0xFFFF, 0xFFFF, 0xFFBE, 0xE6D9, 0xE698, 0xFFBE, 0xFFFF, 0xFFFF,
 0xFFFF, 0xFFFF, 0xFFFF, 0xFFFF, 0xFFFF, 0xFFFF, 0xFFFF, 0xFFFF, 0xFFFF, 0xFFFF, 0xFFFF, 0xFFFF, 0xFFFF, 0xFFFF, 0xFFFF, 0xFFFF,
 0xFFFF, 0xFFFF, 0xFFFF, 0xFFFF, 0xFFFF, 0xFFFF, 0xFFFF, 0xFFFF, 0xFFFF, 0xFFFF, 0xFFFF, 0xFFFF, 0xFFFF, 0xFFFF, 0xFFFF, 0xFFFF,
 0xFFFF, 0xFFFF, 0xFFFF, 0xFFFF, 0xFFFF, 0xFFFF, 0xFFFF, 0xFFFF, 0xFFFF, 0xDE77, 0x9B66, 0x8240, 0x9B87, 0xF79D, 0xFFFF, 0xFFFF,
 0xFFFF, 0xFFFF, 0xFFFF, 0xDE56, 0xAC6B, 0xAC2A, 0xAC4B, 0xCDD4, 0xFFDF, 0xFFFF, 0xFFFF, 0xFFFF, 0xFFFF, 0xFFFF, 0xFFFF, 0xFFFF,
 0xFFFF, 0xFFFF, 0xFFFF, 0xFFFF, 0xFFFF, 0xFFFF, 0xFFFF, 0xFFFF, 0xFFFF, 0xFFFF, 0xFFFF, 0xFFFF, 0xFFFF, 0xFFFF, 0xFFFF, 0xFFFF,
 0xFFFF, 0xFFFF, 0xFFFF, 0xFFFF, 0xFFFF, 0xFFFF, 0xFFFF, 0xFFFF, 0xEF5C, 0x9304, 0x71C0, 0x8AA2, 0xDE35, 0xFF9D, 0xFF7C, 0xF75B,
 0xF73B, 0xFF5B, 0xEEF9, 0x9325, 0x71E0, 0x7A40, 0x7A00, 0x8241, 0xDE57, 0xFFDF, 0xFFFF, 0xFFFF, 0xFFFF, 0xEF1A, 0xB4AD, 0xA3E9,
 0xBCCE, 0xF77C, 0xFFFF, 0xFFFF, 0xFFFF, 0xFFFF, 0xFFFF, 0xFFFF, 0xFFFF, 0xF79D, 0xE6D9, 0xD615, 0xCD92, 0xBCCE, 0xAC4C, 0xEF1A,
 0xFFFF, 0xFFFF, 0xFFFF, 0xFFFF, 0xFFFF, 0xFFFF, 0xFF7C, 0xF6F9, 0xDD71, 0x8AA1, 0x8260, 0x9303, 0xDD0E, 0xE52F, 0xDCED, 0xDCED,
 0xDCCD, 0xDCCD, 0xDCAC, 0x9B03, 0x8280, 0x8AC1, 0x82A0, 0x8AC1, 0xD4AC, 0xE591, 0xE5B2, 0xEE14, 0xEE35, 0x9B86, 0x71E0, 0x7A20,
 0x7A00, 0xD5F4, 0xFFFF, 0xFFFF, 0xFFFF, 0xFFFF, 0xF7BE, 0xD615, 0xB48C, 0x9B66, 0x8261, 0x7A00, 0x8261, 0x9326, 0xB4AD, 0xF75C,
 0xFFDE, 0xF6D9, 0xEE55, 0xEE14, 0xE5D3, 0xE571, 0xDD0E, 0xDCAC, 0xDC8B, 0xCC6A, 0xCC4A, 0xCC6B, 0xDCAC, 0xDCAC, 0xDCAC, 0xDCAC,
 0xDCAC, 0xDCAC, 0xDCCC, 0xD48B, 0xCC4A, 0xCC6A, 0xCC4A, 0xCC8B, 0xDCAC, 0xDC8B, 0xDC8B, 0xDC8B, 0xD48B, 0xA344, 0x92E2, 0x82A0,
 0x92C2, 0xD50E, 0xEE76, 0xF73B, 0xFFDE, 0xD615, 0x9BA7, 0x8260, 0x8240, 0x7A00, 0x9324, 0xC551, 0xE6F9, 0xF7BD, 0xFFFF, 0xFFFF,
 0xEDF3, 0xDC8B, 0xDC8B, 0xDC8B, 0xDC8B, 0xDCAC, 0xDCCC, 0xDCAC, 0xDCCD, 0xE4ED, 0xE4ED, 0xDCED, 0xDCCD, 0xDCCC, 0xDCCD, 0xDCCC,
 0xDCCC, 0xDCCC, 0xDCCC, 0xDCED, 0xE4ED, 0xE4ED, 0xE4ED, 0xDCED, 0xDCCD, 0xDCCC, 0xDCCC, 0xDCCC, 0xDCCD, 0xDCCD, 0xD4AC, 0xC429,
 0xCC6B, 0xDCAC, 0xDC8B, 0xE4ED, 0xCCED, 0x8AC2, 0x8240, 0x8AA1, 0x8260, 0xA3A7, 0xEF3B, 0xFFFF, 0xFFFF, 0xFFFF, 0xFFFF, 0xFFFF,
 0xDD2F, 0xD44A, 0xDCAC, 0xDCCD, 0xDCCC, 0xBC08, 0xC44A, 0xDCCD, 0xDCCD, 0xDCCC, 0xDCCC, 0xDCCC, 0xDCCC, 0xDCCC, 0xDCCC, 0xDCCC,
 0xDCCC, 0xDCCC, 0xDCCC, 0xDCCC, 0xDCCC, 0xDCCC, 0xDCCC, 0xDCCC, 0xDCCC, 0xDCCC, 0xDCCC, 0xDCCC, 0xDCCC, 0xDCCD, 0xDCED, 0xE4ED,
 0xE4ED, 0xDCCC, 0xDCCC, 0xE4ED, 0xBBC7, 0x8280, 0x8AC1, 0x8AA1, 0x8240, 0xC550, 0xFFFF, 0xFFFF, 0xFFFF, 0xFFFF, 0xFFFF, 0xFFFF,
 0xF6D9, 0xE52F, 0xDCAC, 0xDCAB, 0xD44A, 0x8280, 0x8AC2, 0xD4AC, 0xDCED, 0xDCCC, 0xDCCC, 0xDCCC, 0xDCCC, 0xDCCC, 0xDCCC, 0xDCCC,
 0xDCCC, 0xDCCC, 0xDCCC, 0xDCCC, 0xDCCC, 0xDCCC, 0xDCCC, 0xDCCC, 0xDCCC, 0xDCCC, 0xDCCC, 0xDCCC, 0xDCCC, 0xDCCC, 0xDCCC, 0xDCCC,
 0xDCCC, 0xDCCC, 0xDCAC, 0xDCAC, 0xCC29, 0x8280, 0x8260, 0x8AA1, 0x8280, 0x9324, 0xE6B8, 0xFFFF, 0xFFFF, 0xFFFF, 0xFFFF, 0xFFFF,
 0xFFFF, 0xFFBE, 0xF71A, 0xEE55, 0xE5B1, 0xCCAC, 0xC449, 0xDC8B, 0xDC8B, 0xDC8B, 0xDC8B, 0xDC8B, 0xDC8B, 0xDC8B, 0xDCAC, 0xDCCD,
 0xE4ED, 0xE4ED, 0xE4ED, 0xE4ED, 0xDCCC, 0xDCAC, 0xDCAC, 0xDCAC, 0xDCAC, 0xDCAC, 0xDCAC, 0xDC8B, 0xDC8B, 0xDC8B, 0xDC8B, 0xDC8B,
 0xDC8B, 0xDC8B, 0xDCCD, 0xE591, 0xF6B7, 0xC551, 0x9304, 0x8240, 0x8260, 0x7A20, 0x9303, 0xCDB3, 0xF79D, 0xFFFF, 0xFFFF, 0xFFFF,
 0xFFFF, 0xFFFF, 0xFFFF, 0xFFFF, 0xFFFF, 0xFFDF, 0xFF7C, 0xF6D8, 0xEE56, 0xEE35, 0xE5F3, 0xE591, 0xE570, 0xE52F, 0xDCEE, 0xD46B,
 0xCC4A, 0xC429, 0xC429, 0xCC6A, 0xDCAC, 0xDCAC, 0xDCAC, 0xDCAC, 0xDCCC, 0xDCCD, 0xDD0E, 0xE52F, 0xE570, 0xE591, 0xE5B2, 0xEE14,
 0xEE55, 0xF6B8, 0xFF7C, 0xFFDF, 0xFFFF, 0xFFFF, 0xEF3B, 0xC551, 0xA3C8, 0x8AE3, 0x7A00, 0x79E0, 0x9325, 0xC551, 0xEEFA, 0xFFBE,
 0xFFFF, 0xFFFF, 0xFFFF, 0xFFFF, 0xFFFF, 0xFFFF, 0xFFFF, 0xFFFF, 0xFFFF, 0xFFFF, 0xFFFF, 0xFFFF, 0xFFDE, 0xFFBE, 0xF75C, 0xA3C8,
 0x7A20, 0x8AA1, 0x8280, 0x8AA1, 0xD592, 0xF71A, 0xF71A, 0xF71A, 0xF73A, 0xF75B, 0xFF7C, 0xFFBD, 0xFFDE, 0xFFFF, 0xFFFF, 0xFFFF,
 0xFFFF, 0xFFFF, 0xFFFF, 0xFFFF, 0xFFFF, 0xFFFF, 0xFFFF, 0xFFFF, 0xFFDE, 0xE6D9, 0xCDB3, 0xB46B, 0x9B87, 0x9304, 0x8AA1, 0xB48D,
 0xFFFF, 0xFFFF, 0xFFFF, 0xFFFF, 0xFFFF, 0xFFFF, 0xFFFF, 0xFFFF, 0xFFFF, 0xFFFF, 0xFFFF, 0xFFFF, 0xFFFF, 0xFFFF, 0xFFFF, 0xE6B8,
 0x9B67, 0x7A20, 0x8260, 0x8281, 0xD635, 0xFFFF, 0xFFFF, 0xFFFF, 0xFFFF, 0xFFFF, 0xFFFF, 0xFFFF, 0xFFFF, 0xFFFF, 0xFFFF, 0xFFFF,
 0xFFFF, 0xFFFF, 0xFFFF, 0xFFFF, 0xFFFF, 0xFFFF, 0xFFFF, 0xFFFF, 0xFFFF, 0xFFFF, 0xFFFF, 0xFFFF, 0xFFBE, 0xF77C, 0xD635, 0xDE57,
 0xFFFF, 0xFFFF, 0xFFFF, 0xFFFF, 0xFFFF, 0xFFFF, 0xFFFF, 0xFFFF, 0xFFFF, 0xFFFF, 0xFFFF, 0xFFFF, 0xFFFF, 0xFFFF, 0xFFFF, 0xFFFF,
 0xF77C, 0xBCCE, 0x8281, 0x79E0, 0x9B87, 0xF77C, 0xFFFF, 0xFFFF, 0xFFFF, 0xFFFF, 0xFFFF, 0xFFFF, 0xFFFF, 0xFFFF, 0xFFFF, 0xFFFF,
 0xFFFF, 0xFFFF, 0xFFFF, 0xFFFF, 0xFFFF, 0xFFFF, 0xFFFF, 0xFFFF, 0xFFFF, 0xFFFF, 0xFFFF, 0xFFFF, 0xFFFF, 0xFFFF, 0xFFFF, 0xFFFF,
 0xFFFF, 0xFFFF, 0xFFFF, 0xFFFF, 0xFFFF, 0xFFFF, 0xFFFF, 0xFFFF, 0xFFFF, 0xFFFF, 0xFFFF, 0xFFFF, 0xFFFF, 0xFFFF, 0xFFFF, 0xFFFF,
 0xFFFF, 0xFFFF, 0xE6D9, 0xC551, 0xC530, 0xF77C, 0xFFFF, 0xFFFF, 0xFFFF, 0xFFFF, 0xFFFF, 0xFFFF, 0xFFFF, 0xFFFF, 0xFFFF, 0xFFFF,
 0xFFFF, 0xFFFF, 0xFFFF, 0xFFFF, 0xFFFF, 0xFFFF, 0xFFFF, 0xFFFF, 0xFFFF, 0xFFFF, 0xFFFF, 0xFFFF, 0xFFFF, 0xFFFF, 0xFFFF, 0xFFFF,

};
//cut strawberry
const unsigned short cutbluefish[] =  {
 0xFFFF, 0xFFFF, 0xFFFF, 0xFFFF, 0xFFFF, 0xFFFF, 0xFFFF, 0xFFFF, 0xE6D9, 0xD615, 0xF75C, 0xFFFF, 0xFFFF, 0xFFFF, 0xFFFF, 0xFFFF,
 0xFFFF, 0xFFFF, 0xFFFF, 0xFFFF, 0xFFFF, 0xFFFF, 0xFFFF, 0xFFFF, 0xFFFF, 0xFFFF, 0xFFFF, 0xFFFF, 0xFFFF, 0xFFFF, 0xFFFF, 0xFFFF,
 0xFFFF, 0xFFFF, 0xFFFF, 0xFFFF, 0xFFFF, 0xFFFF, 0xFFFF, 0xFFFF, 0xFFFF, 0xFFFF, 0xFFFF, 0xFFFF, 0xF77C, 0xD615, 0xBD10, 0xDE77,
 0xFFFF, 0xFFFF, 0xFFFF, 0xFFFF, 0xFFFF, 0xFFFF, 0xEF1A, 0xAC2A, 0x8261, 0x8240, 0xDE56, 0xFFFF, 0xFFFF, 0xFFFF, 0xFFFF, 0xFFFF,
 0xFFFF, 0xFFFF, 0xFFFF, 0xFFBE, 0xE6B8, 0xD635, 0xD5F4, 0xEF1A, 0xFFFF, 0xFFFF, 0xFFFF, 0xFFFF, 0xFFFF, 0xFFFF, 0xFFBE, 0xE6B9,
 0xEF3B, 0xFFFF, 0xFFFF, 0xFFFF, 0xFFFF, 0xFFFF, 0xFFFF, 0xFFFF, 0xFFFF, 0xF77C, 0xD614, 0xB48C, 0x8AE3, 0x7A00, 0x79E0, 0xBCCF,
 0xFFFF, 0xFFFF, 0xFFFF, 0xFFFF, 0xFFFF, 0xFFDE, 0xA3E9, 0x79E0, 0x8AA1, 0xD5F4, 0xFFFF, 0xFFFF, 0xFFFF, 0xFFFF, 0xFFFF, 0xFFFF,
 0xFFFF, 0xFFFF, 0xFFFF, 0xC551, 0x8262, 0x8281, 0x8240, 0x9B66, 0xEED8, 0xFF9D, 0xFFDE, 0xFFFF, 0xFFFF, 0xFFFF, 0xB48D, 0x8283,
 0x9304, 0xCDB3, 0xFFFF, 0xFFFF, 0xFFFF, 0xFFFF, 0xFFFF, 0xEF3B, 0xC550, 0x9B66, 0x8260, 0x71E0, 0x8AA2, 0xBCEE, 0xDE97, 0xF79D,
 0xFFFF, 0xFFFF, 0xFFFF, 0xFFBE, 0xFF7C, 0xDE35, 0x82A1, 0x7A40, 0x8B03, 0xE677, 0xFF1A, 0xF6F9, 0xF73A, 0xFF5A, 0xFFDD, 0xFFFF,
 0xFFFF, 0xFFFF, 0xFFDF, 0xBC8C, 0x7A00, 0x8260, 0x8260, 0x8260, 0xC429, 0xE52F, 0xE550, 0xE5D2, 0xEE34, 0xDDD3, 0x8AC2, 0x7A40,
 0x7A20, 0x8AA2, 0xE6F9, 0xFFFF, 0xFFFF, 0xF75C, 0xC530, 0x9324, 0x8240, 0x8240, 0x7A20, 0x9B87, 0xE697, 0xFFFF, 0xFFFF, 0xFFFF,
 0xFFFF, 0xFFDF, 0xEE97, 0xE54F, 0xE4ED, 0xD48B, 0x9B03, 0x82A1, 0x92E2, 0xCC4A, 0xDCCC, 0xDCAC, 0xDCCD, 0xCD12, 0xDDB5, 0xFF5A,
 0xFFFF, 0xFFFF, 0xFF7C, 0xDCCC, 0xA344, 0x92E2, 0x8AE2, 0x92E2, 0xCC4A, 0xDCCC, 0xDC8B, 0xDC8B, 0xDCAB, 0xCC4A, 0x92C2, 0x8280,
 0x8260, 0x8280, 0xD5B2, 0xFFDE, 0xE6D9, 0x9B46, 0x7A20, 0x8260, 0x8AA1, 0x8280, 0xAC4B, 0xF75C, 0xFFFF, 0xFFFF, 0xFFFF, 0xFFFF,
 0xFFFF, 0xEE14, 0xD46B, 0xDC8B, 0xDCAC, 0xDCCD, 0xDCAC, 0xCC4A, 0xD48B, 0xDCCC, 0xDCCC, 0xDCAB, 0xC4F3, 0xA51E, 0x9CBC, 0xC536,
 0xF6F8, 0xFFFF, 0xFFDF, 0xE5B2, 0xDC8B, 0xD4AC, 0xD48B, 0xD48B, 0xDCCD, 0xDCCD, 0xDCCD, 0xDCCD, 0xDCCD, 0xDCCC, 0xCC4A, 0xB3C7,
 0xA365, 0xBBE8, 0xDCAC, 0xED70, 0xBC4A, 0x7A20, 0x8AA1, 0x8AC1, 0x8280, 0x8AC1, 0xE6F9, 0xFFFF, 0xFFFF, 0xFFFF, 0xFFFF, 0xFFFF,
 0xF71A, 0xDC8B, 0xDCAC, 0xDCCD, 0xDCCC, 0xDCCC, 0xCC4A, 0xDCCC, 0xE4ED, 0xDCCD, 0xDCCC, 0xDCCB, 0xC534, 0x9CDF, 0x7B3E, 0x8BDE,
 0xBD17, 0xF6D8, 0xFFFF, 0xF75B, 0xDCED, 0xDCAC, 0xE4ED, 0xDCED, 0xDCCD, 0xDCCC, 0xDCCC, 0xDCCC, 0xDCCC, 0xDCCD, 0xE4ED, 0xE4ED,
 0xDCED, 0xE4ED, 0xDCCC, 0xDCAC, 0xD46B, 0x9303, 0x82A1, 0x8AA1, 0x8AA1, 0x8280, 0xC550, 0xFFFF, 0xFFFF, 0xFFFF, 0xFFFF, 0xFFFF,
 0xF71A, 0xDC8B, 0xDC8B, 0xDCCC, 0xB3C7, 0xA344, 0xAB85, 0xD4AC, 0xDCCD, 0xDCCC, 0xDCCC, 0xDCCB, 0xD50F, 0xA4DD, 0x7AFE, 0x729E,
 0x83BE, 0xC536, 0xFF7B, 0xFFFF, 0xF6B8, 0xDCAB, 0xDCAC, 0xDCCD, 0xDCCC, 0xDCCC, 0xDCCC, 0xDCCC, 0xDCCC, 0xDCCC, 0xDCCC, 0xDCCD,
 0xDCCD, 0xDCCD, 0xDCCC, 0xDCCD, 0xE4CD, 0xAB65, 0x8260, 0x8AA1, 0x8AC1, 0x8280, 0x8281, 0xC571, 0xFFFF, 0xFFFF, 0xFFFF, 0xFFFF,
 0xFFFF, 0xF697, 0xDCED, 0xDCAC, 0xBBC7, 0x7A40, 0xBBE7, 0xE4ED, 0xDCCC, 0xDCCC, 0xDCCC, 0xDCCC, 0xDCCB, 0xC516, 0x8C5F, 0x72DE,
 0x72FE, 0xA49B, 0xE635, 0xFFFF, 0xFFFF, 0xEE55, 0xDC8B, 0xDCAB, 0xDCAC, 0xDCAC, 0xDCAC, 0xDCAC, 0xDCAC, 0xDCAC, 0xDCAC, 0xDCAC,
 0xDCAC, 0xDCAB, 0xDC8B, 0xDC8B, 0xE50E, 0xBC29, 0x8260, 0x8240, 0x8280, 0x8AA1, 0x8280, 0x8280, 0xBCCE, 0xF77C, 0xFFFF, 0xFFFF,
 0xFFFF, 0xFFFF, 0xFF5C, 0xEE35, 0xD4AC, 0xA344, 0xA344, 0xD46A, 0xDC8B, 0xDC8B, 0xD48B, 0xDC8B, 0xDC8B, 0xDCAC, 0xC558, 0xA4FF,
 0x9CBF, 0xA53F, 0xD5D8, 0xFFDD, 0xFFFF, 0xFFDE, 0xE5B2, 0xDC8B, 0xDCAC, 0xDCAC, 0xDCAC, 0xDCAC, 0xDCCC, 0xDCCC, 0xDCCC, 0xDCCD,
 0xDD0E, 0xE52F, 0xE591, 0xEE34, 0xFF3B, 0xF79D, 0xCDD3, 0xAC0A, 0x8AE3, 0x8240, 0x8240, 0x7A20, 0x7A00, 0x9B46, 0xCDB3, 0xF75C,
 0xFFFF, 0xFFFF, 0xFFFF, 0xFFFF, 0xFF9D, 0xF6F9, 0xE656, 0xE614, 0xEDF4, 0xEDF3, 0xE5B2, 0xE550, 0xDD2F, 0xDCEC, 0xD48B, 0xC4D0,
 0xB4B1, 0xA430, 0xD5D5, 0xFFFF, 0xFFFF, 0xFFFF, 0xFFBE, 0xF719, 0xF6D8, 0xF6B8, 0xF6D8, 0xF6F9, 0xF71A, 0xF71A, 0xF71A, 0xF73A,
 0xFF7C, 0xFF9D, 0xFFDF, 0xFFFF, 0xFFFF, 0xFFFF, 0xFFFF, 0xFFFF, 0xE6D9, 0xCDB2, 0xB48C, 0x9B87, 0x92E3, 0x8240, 0x7A00, 0x9B86,
 0xFFFF, 0xFFFF, 0xFFFF, 0xFFFF, 0xFFFF, 0xFFFF, 0xFFFF, 0xFFFF, 0xFFFF, 0xFFFF, 0xFFDF, 0xFFBE, 0xFF9D, 0xE697, 0x92E3, 0x8A40,
 0x92A0, 0x8240, 0x9BA6, 0xF77D, 0xFFFF, 0xFFFF, 0xFFFF, 0xFFFF, 0xFFFF, 0xFFFF, 0xFFFF, 0xFFFF, 0xFFFF, 0xFFFF, 0xFFFF, 0xFFFF,
 0xFFFF, 0xFFFF, 0xFFFF, 0xFFFF, 0xFFFF, 0xFFFF, 0xFFFF, 0xFFFF, 0xFFFF, 0xFFFF, 0xFFFF, 0xF79D, 0xEF1A, 0xDE77, 0xCDB3, 0xCDB2,
 0xFFFF, 0xFFFF, 0xFFFF, 0xFFFF, 0xFFFF, 0xFFFF, 0xFFFF, 0xFFFF, 0xFFFF, 0xFFFF, 0xFFFF, 0xFFFF, 0xFFFF, 0xFFDF, 0xBD0F, 0x82A2,
 0x7A20, 0x7A20, 0x7A20, 0xB4AD, 0xF79D, 0xFFFF, 0xFFFF, 0xFFFF, 0xFFFF, 0xFFFF, 0xFFFF, 0xFFFF, 0xFFFF, 0xFFFF, 0xFFFF, 0xFFFF,
 0xFFFF, 0xFFFF, 0xFFFF, 0xFFFF, 0xFFFF, 0xFFFF, 0xFFFF, 0xFFFF, 0xFFFF, 0xFFFF, 0xFFFF, 0xFFFF, 0xFFFF, 0xFFFF, 0xFFFF, 0xFFFF,
 0xFFFF, 0xFFFF, 0xFFFF, 0xFFFF, 0xFFFF, 0xFFFF, 0xFFFF, 0xFFFF, 0xFFFF, 0xFFFF, 0xFFFF, 0xFFFF, 0xFFFF, 0xFFFF, 0xFFFF, 0xE6D9,
 0xBCEE, 0x9B86, 0x8AA2, 0x8240, 0xD614, 0xFFFF, 0xFFFF, 0xFFFF, 0xFFFF, 0xFFFF, 0xFFFF, 0xFFFF, 0xFFFF, 0xFFFF, 0xFFFF, 0xFFFF,
 0xFFFF, 0xFFFF, 0xFFFF, 0xFFFF, 0xFFFF, 0xFFFF, 0xFFFF, 0xFFFF, 0xFFFF, 0xFFFF, 0xFFFF, 0xFFFF, 0xFFFF, 0xFFFF, 0xFFFF, 0xFFFF,
 0xFFFF, 0xFFFF, 0xFFFF, 0xFFFF, 0xFFFF, 0xFFFF, 0xFFFF, 0xFFFF, 0xFFFF, 0xFFFF, 0xFFFF, 0xFFFF, 0xFFFF, 0xFFFF, 0xFFFF, 0xFFFF,
 0xFFFF, 0xF79D, 0xEF1A, 0xDE77, 0xF77C, 0xFFFF, 0xFFFF, 0xFFFF, 0xFFFF, 0xFFFF, 0xFFFF, 0xFFFF, 0xFFFF, 0xFFFF, 0xFFFF, 0xFFFF,
 0xFFFF, 0xFFFF, 0xFFFF, 0xFFFF, 0xFFFF, 0xFFFF, 0xFFFF, 0xFFFF, 0xFFFF, 0xFFFF, 0xFFFF, 0xFFFF, 0xFFFF, 0xFFFF, 0xFFFF, 0xFFFF,

};

//watermelon
const unsigned short wholeorangefish[] =  {
 0xFFFF, 0xFFFF, 0xFFFF, 0xFFFF, 0xFFFF, 0xFFFF, 0xFFFF, 0xFFFF, 0xFFFF, 0xFFFF, 0xFFFF, 0xFFFF, 0xFFFF, 0xEF9F, 0xD6FF, 0xDF1F,
 0xF7BF, 0xFFFF, 0xFFFF, 0xFFFF, 0xFFFF, 0xFFFF, 0xFFFF, 0xFFFF, 0xFFFF, 0xFFFF, 0xFFFF, 0xFFFF, 0xFFFF, 0xFFFF, 0xFFFF, 0xFFFF,
 0xFFFF, 0xFFFF, 0xFFFF, 0xFFFF, 0xFFFF, 0xFFFF, 0xFFFF, 0xFFFF, 0xFFFF, 0xFFFF, 0xFFFF, 0xFFFF, 0xFFFF, 0xFFFF, 0xFFFF, 0xE75F,
 0x7CFD, 0x3B5B, 0x1A7B, 0x2ADB, 0xCEBE, 0xFFFF, 0xFFFF, 0xFFFF, 0xFFFF, 0xFFFF, 0xFFFF, 0xFFFF, 0xFFFF, 0xFFFF, 0xFFFF, 0xFFFF,
 0xFFFF, 0xFFFF, 0xFFFF, 0xFFFF, 0xFFFF, 0xFFFF, 0xFFFF, 0xFFFF, 0xFFFF, 0xFFFF, 0xFFFF, 0xFFFF, 0xFFFF, 0xFFFF, 0xFFFF, 0xFFFF,
 0xFFFF, 0xFFFF, 0xE75F, 0x4BBC, 0x0A1A, 0x0A1A, 0x2ADB, 0x9D9D, 0xF7BF, 0xFFFF, 0xFFFF, 0xFFFF, 0xFFFF, 0xFFFF, 0xFFFF, 0xFFFF,
 0xFFFF, 0xFFFF, 0xFFFF, 0xFFFF, 0xFFFF, 0xFFFF, 0xFFFF, 0xFFFF, 0xFFFF, 0xFFFF, 0xFFFF, 0xFFFF, 0xFFFF, 0xFFFF, 0xFFFF, 0xFFFF,
 0xFFFF, 0xFFFF, 0xFFFF, 0xFFFF, 0xFFFF, 0xFFFF, 0x84FD, 0x0A1A, 0x1A7B, 0x1A9B, 0xA5DE, 0xFFFF, 0xFFFF, 0xFFFF, 0xFFFF, 0xFFFF,
 0xFFFF, 0xFFFF, 0xFFFF, 0xFFFF, 0xFFFF, 0xFFFF, 0xFFFF, 0xFFFF, 0xFFFF, 0xFFFF, 0xFFFF, 0xFFFF, 0xFFFF, 0xFFFF, 0xFFFF, 0xFFFF,
 0xFFFF, 0xFFFF, 0xFFFF, 0xFFFF, 0xFFFF, 0xFFFF, 0xFFFF, 0xFFFF, 0xFFFF, 0xDF1F, 0x3B5C, 0x125B, 0x1A7B, 0x4B9C, 0xEF9F, 0xFFFF,
 0xFFFF, 0xFFFF, 0xFFFF, 0xFFFF, 0xFFFF, 0xFFFF, 0xFFFF, 0xFFFF, 0xFFFF, 0xFFFF, 0xFFFF, 0xFFFF, 0xFFFF, 0xFFFF, 0xFFFF, 0xFFFF,
 0xFFFF, 0xFFFF, 0xFFFF, 0xFFFF, 0xFFFF, 0xFFFF, 0xFFFF, 0xFFFF, 0xFFFF, 0xFFFF, 0xF7BF, 0xBE7F, 0x853E, 0x5C1D, 0x229B, 0x1A7B,
 0x1A7B, 0x437C, 0x74DE, 0x8D3E, 0xA5FE, 0xBE7F, 0xD71F, 0xF7BF, 0xFFFF, 0xFFFF, 0xFFFF, 0xFFFF, 0xFFFF, 0xFFFF, 0xFFFF, 0xFFFF,
 0xFFFF, 0xFFFF, 0xFFFF, 0xEF9F, 0xCEDE, 0xBE5E, 0xB63E, 0xE75F, 0xFFFF, 0xFFFF, 0xFFFF, 0xFFFF, 0xFFFF, 0xD6FF, 0x74DE, 0x43BD,
 0x439E, 0x439D, 0x331C, 0x2AFC, 0x331C, 0x439D, 0x43BE, 0x439D, 0x43BE, 0x4BDD, 0x53FE, 0x6CBE, 0xB63F, 0xF7BF, 0xFFFF, 0xFFFF,
 0xFFFF, 0xFFFF, 0xFFFF, 0xFFFF, 0xFFFF, 0xEF7F, 0x9DBD, 0x4BBC, 0x2ADB, 0x1A9B, 0x22BB, 0xBE7E, 0xFFFF, 0xF7BF, 0xEF9F, 0xFFFF,
 0xBE7F, 0x541E, 0x3B9D, 0x4BDE, 0x4BFE, 0x4BDE, 0x4BDE, 0x4BDE, 0x4BDE, 0x4BFE, 0x4BDE, 0x4BDE, 0x4BDE, 0x4BDE, 0x43BE, 0x3B9D,
 0x3B9D, 0x853E, 0xE77F, 0xFFFF, 0xFFFF, 0xFFFF, 0xFFFF, 0xFFFF, 0xB63E, 0x4BDC, 0x125B, 0x123B, 0x1A7B, 0x123B, 0x331B, 0xEF7F,
 0xFFFF, 0x8D3D, 0x437B, 0x74BD, 0x53FE, 0x439D, 0x4BDE, 0x4BDE, 0x4BDE, 0x4BDE, 0x4BFE, 0x4BFE, 0x4BFE, 0x4BDE, 0x4BDE, 0x4BDE,
 0x4BDE, 0x4BDE, 0x4BDE, 0x4BFE, 0x4BDE, 0x3B9D, 0x74BE, 0xDF3F, 0xFFFF, 0xFFFF, 0xEF7F, 0x7CFD, 0x1A9B, 0x123B, 0x229B, 0x22BB,
 0x22BB, 0x0A3B, 0x643C, 0xFFFF, 0xFFFF, 0x955D, 0x01FA, 0x125B, 0x439D, 0x53FE, 0x4BDE, 0x4BDE, 0x4BDE, 0x4BDE, 0x4BDE, 0x4BDE,
 0x4BDE, 0x4BDE, 0x4BDE, 0x4BDE, 0x4BDE, 0x4BDE, 0x4BDE, 0x4BDE, 0x4BFE, 0x4BDE, 0x3B7D, 0x6CBE, 0xEF7F, 0xD6FE, 0x53DC, 0x123B,
 0x1A7B, 0x22BB, 0x22BB, 0x22BB, 0x1A9B, 0x125B, 0xA5DE, 0xFFFF, 0xFFFF, 0xAE1E, 0x229B, 0x1A5B, 0x3B5C, 0x4BFE, 0x4BDE, 0x4BDE,
 0x4BDE, 0x4BDE, 0x4BDE, 0x4BDE, 0x4BDE, 0x4BDE, 0x4BDE, 0x4BDE, 0x4BDE, 0x4BDE, 0x4BDE, 0x4BDE, 0x4BDE, 0x4BDE, 0x4BDE, 0x43BE,
 0x6C9E, 0x437C, 0x123B, 0x229B, 0x22BB, 0x22BB, 0x22BB, 0x229B, 0x0A1B, 0x5BFC, 0xEF9F, 0xFFFF, 0xDF1F, 0x22BB, 0x0A1A, 0x2ADB,
 0x439D, 0x4BFE, 0x4BDE, 0x4BFE, 0x4BFE, 0x4BDE, 0x4BDE, 0x4BDE, 0x4BDE, 0x4BDE, 0x4BDE, 0x4BDE, 0x4BDE, 0x4BDE, 0x4BDE, 0x4BDE,
 0x4BDE, 0x4BDE, 0x4BDE, 0x4BFE, 0x3B5D, 0x1A7B, 0x229B, 0x22BB, 0x22BB, 0x22BB, 0x22BB, 0x123B, 0x331B, 0xCEDE, 0xFFFF, 0xFFFF,
 0xDF1F, 0x5BFC, 0x3B5C, 0x439D, 0x4BFE, 0x4BFE, 0x4BFE, 0x4BBD, 0x4BBD, 0x4BDE, 0x4BDE, 0x4BDE, 0x4BDE, 0x4BDE, 0x4BDE, 0x4BDE,
 0x4BDE, 0x4BDE, 0x4BDE, 0x4BDE, 0x4BDE, 0x4BDE, 0x4BDE, 0x4BFE, 0x439D, 0x22BB, 0x229B, 0x22BB, 0x22BB, 0x22BB, 0x123B, 0x331B,
 0xC69E, 0xFFFF, 0xFFFF, 0xFFFF, 0xFFFF, 0xF7BF, 0xAE1F, 0x4BDE, 0x4BDE, 0x4BFE, 0x439C, 0x2277, 0x2AB8, 0x4BDD, 0x4BFE, 0x4BDE,
 0x4BDE, 0x4BDE, 0x4BDE, 0x4BDE, 0x4BDE, 0x4BDE, 0x4BDE, 0x4BDE, 0x4BDE, 0x4BDE, 0x4BDE, 0x4BFE, 0x439D, 0x22BB, 0x229B, 0x22BB,
 0x229B, 0x1A7B, 0x4BBC, 0xCEBE, 0xFFFF, 0xFFFF, 0xFFFF, 0xFFFF, 0xFFFF, 0xFFFF, 0xEF9F, 0x647E, 0x439E, 0x53FE, 0x331A, 0x11F4,
 0x1A15, 0x439C, 0x4BFE, 0x4BDE, 0x4BDE, 0x4BDE, 0x4BDE, 0x4BDE, 0x4BDE, 0x4BDE, 0x4BDE, 0x4BDE, 0x4BDE, 0x4BDE, 0x4BDE, 0x4BFE,
 0x3B5D, 0x1A9B, 0x229B, 0x22BB, 0x22BB, 0x125B, 0x851D, 0xFFFF, 0xFFFF, 0xFFFF, 0xFFFF, 0xFFFF, 0xFFFF, 0xFFFF, 0xFFFF, 0xAE1F,
 0x439D, 0x4BFE, 0x437C, 0x2256, 0x2277, 0x43BC, 0x4BFE, 0x4BDE, 0x4BDE, 0x4BDE, 0x4BDE, 0x4BDE, 0x4BDE, 0x4BDE, 0x4BDE, 0x4BDE,
 0x4BDE, 0x4BDE, 0x4BDE, 0x4BDE, 0x851E, 0x4BBC, 0x1A7B, 0x22BB, 0x22BB, 0x1A7B, 0x333B, 0xD6FE, 0xFFFF, 0xFFFF, 0xFFFF, 0xFFFF,
 0xFFFF, 0xFFFF, 0xFFFF, 0xF7BF, 0x74DE, 0x3B9E, 0x4BFE, 0x439C, 0x439C, 0x4BDE, 0x4BDE, 0x4BDE, 0x4BDE, 0x4BDE, 0x4BDE, 0x4BDE,
 0x4BDE, 0x4BDE, 0x4BDE, 0x4BDE, 0x4BDE, 0x4BDE, 0x439D, 0x74BE, 0xFFDF, 0xA5DE, 0x125B, 0x229B, 0x22BB, 0x229B, 0x125B, 0x8D3D,
 0xFFFF, 0xFFFF, 0xFFFF, 0xFFFF, 0xFFFF, 0xFFFF, 0xFFFF, 0xFFFF, 0xCEDF, 0x4BDE, 0x43BE, 0x53FE, 0x4BFE, 0x4BDE, 0x4BDE, 0x4BDE,
 0x4BDE, 0x4BDE, 0x4BDE, 0x4BDE, 0x4BDE, 0x4BDE, 0x4BDE, 0x4BDE, 0x4BDE, 0x43BE, 0x43BD, 0xB65F, 0xFFFF, 0xEF7F, 0x437C, 0x125B,
 0x22BB, 0x22BB, 0x125B, 0x53FC, 0xF7DF, 0xFFFF, 0xFFFF, 0xFFFF, 0xFFFF, 0xFFFF, 0xFFFF, 0xFFFF, 0xFFFF, 0xAE1E, 0x43BD, 0x43BD,
 0x4BDE, 0x4BDE, 0x4BDE, 0x4BDE, 0x4BDE, 0x4BDE, 0x4BDE, 0x4BDE, 0x4BDE, 0x4BDE, 0x4BDE, 0x4BDE, 0x4BDE, 0x3B9D, 0x8D5E, 0xF7DF,
 0xFFFF, 0xFFFF, 0x957D, 0x125B, 0x229B, 0x22BB, 0x1A5B, 0x437C, 0xEF7F, 0xFFFF, 0xFFFF, 0xFFFF, 0xFFFF, 0xFFFF, 0xFFFF, 0xFFFF,
 0xFFFF, 0xFFFF, 0xB63F, 0x53FE, 0x3B9D, 0x4BBE, 0x4BDE, 0x4BDE, 0x4BDE, 0x4BDE, 0x4BDE, 0x4BDE, 0x4BFE, 0x4BDE, 0x4BDE, 0x43BD,
 0x3B9D, 0x853E, 0xF7BF, 0xFFFF, 0xFFFF, 0xFFFF, 0xE75F, 0x3B3B, 0x1A5B, 0x22BB, 0x1A7B, 0x437C, 0xE75F, 0xFFFF, 0xFFFF, 0xFFFF,
 0xFFFF, 0xFFFF, 0xFFFF, 0xFFFF, 0xFFFF, 0xFFFF, 0xFFFF, 0xCEDF, 0x74DE, 0x43BE, 0x4BFE, 0x53FE, 0x53FE, 0x4BFE, 0x4BFE, 0x4BDE,
 0x43BD, 0x439D, 0x439D, 0x541E, 0x959E, 0xF7BF, 0xFFFF, 0xFFFF, 0xFFFF, 0xFFFF, 0xFFFF, 0x8D3D, 0x123B, 0x229B, 0x1A7B, 0x437C,
 0xEF7F, 0xFFFF, 0xFFFF, 0xFFFF, 0xFFFF, 0xFFFF, 0xFFFF, 0xFFFF, 0xFFFF, 0xFFFF, 0xFFFF, 0xFFFF, 0xF7BF, 0xA5FE, 0x43BD, 0x3B7D,
 0x43BD, 0x4BDD, 0x4BFE, 0x4BDE, 0x4BFE, 0x6C9E, 0xA5FE, 0xDF1F, 0xFFFF, 0xFFFF, 0xFFFF, 0xFFFF, 0xFFFF, 0xFFFF, 0xFFFF, 0xEF7F,
 0x4BBC, 0x0A3B, 0x1A5B, 0x4B9C, 0xF7BF, 0xFFFF, 0xFFFF, 0xFFFF, 0xFFFF, 0xFFFF, 0xFFFF, 0xFFFF, 0xFFFF, 0xFFFF, 0xFFFF, 0xFFFF,
 0xFFFF, 0xEF7F, 0x333B, 0x125B, 0x22BB, 0x2ADB, 0x2AFC, 0x851E, 0xCEDF, 0xEF9F, 0xFFFF, 0xFFFF, 0xFFFF, 0xFFFF, 0xFFFF, 0xFFFF,
 0xFFFF, 0xFFFF, 0xFFFF, 0xFFFF, 0xCEBE, 0x32FB, 0x01DA, 0x5C1C, 0xFFFF, 0xFFFF, 0xFFFF, 0xFFFF, 0xFFFF, 0xFFFF, 0xFFFF, 0xFFFF,
 0xFFFF, 0xFFFF, 0xFFFF, 0xFFFF, 0xFFFF, 0xF7BF, 0x643C, 0x0A3A, 0x22BB, 0x1A7B, 0x22BB, 0xC67E, 0xFFFF, 0xFFFF, 0xFFFF, 0xFFFF,
 0xFFFF, 0xFFFF, 0xFFFF, 0xFFFF, 0xFFFF, 0xFFFF, 0xFFFF, 0xFFFF, 0xFFFF, 0xB63E, 0x22BB, 0x8D5D, 0xFFFF, 0xFFFF, 0xFFFF, 0xFFFF,
 0xFFFF, 0xFFFF, 0xFFFF, 0xFFFF, 0xFFFF, 0xFFFF, 0xFFFF, 0xFFFF, 0xFFFF, 0xFFFF, 0xB63E, 0x1A9B, 0x1A7B, 0x1A7B, 0x3B5B, 0xDF1F,
 0xFFFF, 0xFFFF, 0xFFFF, 0xFFFF, 0xFFFF, 0xFFFF, 0xFFFF, 0xFFFF, 0xFFFF, 0xFFFF, 0xFFFF, 0xFFFF, 0xFFFF, 0xFFFF, 0xD6FF, 0xEF9F,
 0xFFFF, 0xFFFF, 0xFFFF, 0xFFFF, 0xFFFF, 0xFFFF, 0xFFFF, 0xFFFF, 0xFFFF, 0xFFFF, 0xFFFF, 0xFFFF, 0xFFFF, 0xFFFF, 0xF7BF, 0x5C1C,
 0x0A1B, 0x1A5B, 0x3B5B, 0xDF1F, 0xFFFF, 0xFFFF, 0xFFFF, 0xFFFF, 0xFFFF, 0xFFFF, 0xFFFF, 0xFFFF, 0xFFFF, 0xFFFF, 0xFFFF, 0xFFFF,
 0xFFFF, 0xFFFF, 0xFFFF, 0xFFFF, 0xFFFF, 0xFFFF, 0xFFFF, 0xFFFF, 0xFFFF, 0xFFFF, 0xFFFF, 0xFFFF, 0xFFFF, 0xFFFF, 0xFFFF, 0xFFFF,
 0xFFFF, 0xFFFF, 0xFFFF, 0xC69E, 0x22DB, 0x0A1A, 0x2AFB, 0xC69E, 0xFFFF, 0xFFFF, 0xFFFF, 0xFFFF, 0xFFFF, 0xFFFF, 0xFFFF, 0xFFFF,
 0xFFFF, 0xFFFF, 0xFFFF, 0xFFFF, 0xFFFF, 0xFFFF, 0xFFFF, 0xFFFF, 0xFFFF, 0xFFFF, 0xFFFF, 0xFFFF, 0xFFFF, 0xFFFF, 0xFFFF, 0xFFFF,
 0xFFFF, 0xFFFF, 0xFFFF, 0xFFFF, 0xFFFF, 0xFFFF, 0xFFFF, 0xFFFF, 0x9D9D, 0x125B, 0x0A1A, 0x851D, 0xFFFF, 0xFFFF, 0xFFFF, 0xFFFF,
 0xFFFF, 0xFFFF, 0xFFFF, 0xFFFF, 0xFFFF, 0xFFFF, 0xFFFF, 0xFFFF, 0xFFFF, 0xFFFF, 0xFFFF, 0xFFFF, 0xFFFF, 0xFFFF, 0xFFFF, 0xFFFF,
 0xFFFF, 0xFFFF, 0xFFFF, 0xFFFF, 0xFFFF, 0xFFFF, 0xFFFF, 0xFFFF, 0xFFFF, 0xFFFF, 0xFFFF, 0xFFFF, 0xFFDF, 0x851D, 0x0A1A, 0x3B1B,
 0xE75F, 0xFFFF, 0xFFFF, 0xFFFF, 0xFFFF, 0xFFFF, 0xFFFF, 0xFFFF, 0xFFFF, 0xFFFF, 0xFFFF, 0xFFFF, 0xFFFF, 0xFFFF, 0xFFFF, 0xFFFF,
 0xFFFF, 0xFFFF, 0xFFFF, 0xFFFF, 0xFFFF, 0xFFFF, 0xFFFF, 0xFFFF, 0xFFFF, 0xFFFF, 0xFFFF, 0xFFFF, 0xFFFF, 0xFFFF, 0xFFFF, 0xFFFF,
 0xFFFF, 0xFFFF, 0x957D, 0x749D, 0xEF9F, 0xFFFF, 0xFFFF, 0xFFFF, 0xFFFF, 0xFFFF, 0xFFFF, 0xFFFF, 0xFFFF, 0xFFFF, 0xFFFF, 0xFFFF,
 0xFFFF, 0xFFFF, 0xFFFF, 0xFFFF, 0xFFFF, 0xFFFF, 0xFFFF, 0xFFFF,
};

//cut watermelon
const unsigned short cutorangefish[] = {
 0xFFFF, 0xFFFF, 0xFFFF, 0xFFFF, 0xFFFF, 0xFFFF, 0xFFFF, 0xFFFF, 0xBE5E, 0x645C, 0x3B5B, 0x2AFB, 0x959D, 0xFFDF, 0xFFFF, 0xFFFF,
 0xFFFF, 0xFFFF, 0xFFFF, 0xFFFF, 0xFFFF, 0xFFFF, 0xFFFF, 0xFFFF, 0xFFFF, 0xFFFF, 0xFFFF, 0xFFFF, 0xFFFF, 0xFFFF, 0xFFFF, 0xFFFF,
 0xFFFF, 0xFFFF, 0xFFFF, 0xFFFF, 0xFFFF, 0xFFFF, 0xFFFF, 0xFFFF, 0xE75F, 0xBE7E, 0xB61E, 0xE75F, 0xFFFF, 0xFFFF, 0xFFFF, 0xFFFF,
 0xFFFF, 0xFFFF, 0xFFFF, 0xBE7E, 0x333B, 0x0A1A, 0x0A1A, 0x333B, 0xBE5E, 0xFFFF, 0xFFFF, 0xFFFF, 0xFFFF, 0xFFFF, 0xFFFF, 0xFFFF,
 0xFFFF, 0xFFFF, 0xFFFF, 0xFFFF, 0xFFDF, 0xFFFF, 0xFFFF, 0xFFFF, 0xFFFF, 0xFFFF, 0xFFFF, 0xFFFF, 0xFFFF, 0xFFFF, 0xFFFF, 0xFFFF,
 0xFFFF, 0xF7BF, 0xC6BE, 0x957D, 0x53DC, 0x22BB, 0x22DB, 0xB61E, 0xFFFF, 0xFFFF, 0xFFFF, 0xFFFF, 0xFFFF, 0xFFFF, 0xF7BF, 0x749D,
 0x0A1A, 0x123B, 0x2ADB, 0xAE1E, 0xFFFF, 0xFFFF, 0xFFFF, 0xFFFF, 0xFFFF, 0xFFFF, 0xFFFF, 0xFFFF, 0xFFFF, 0xFFFF, 0xDF3F, 0xA5FF,
 0x9DBE, 0xAE3F, 0xC6BF, 0xD71F, 0xEF9F, 0xFFFF, 0xFFFF, 0xFFFF, 0xFFFF, 0xFFFF, 0xFFFF, 0xFFFF, 0xD6FF, 0x74BD, 0x331B, 0x1A7B,
 0x125B, 0x121B, 0x1A9B, 0xBE5E, 0xFFFF, 0xFFFF, 0xFFFF, 0xFFFF, 0xFFFF, 0xFFFF, 0xE75F, 0x53FC, 0x0A1A, 0x125B, 0x3B5B, 0xB65E,
 0xE77F, 0xDF1F, 0xEF7F, 0xF7DF, 0xFFFF, 0xFFFF, 0xFFFF, 0xFFFF, 0xFFFF, 0xD6FF, 0x6C9E, 0x43BD, 0x43BD, 0x4BDE, 0x541E, 0x5C3E,
 0x74DE, 0xC69F, 0xFFFF, 0xFFFF, 0xFFFF, 0xFFFF, 0xFFFF, 0xC6BE, 0x4BBC, 0x0A1B, 0x123B, 0x1A9B, 0x22BB, 0x125B, 0x439C, 0xE75F,
 0xFFFF, 0xFFFF, 0xFFFF, 0xFFFF, 0xFFFF, 0xFFFF, 0xE75F, 0x4BDC, 0x0A3A, 0x229B, 0x2ADB, 0x53FD, 0x647E, 0x645E, 0x6CBE, 0x9DBE,
 0xE77F, 0xFFFF, 0xFFFF, 0xFFFF, 0xFFFF, 0xB65F, 0x43BD, 0x439E, 0x4BBE, 0x43BD, 0x43BD, 0x439D, 0x3B7D, 0x5C3E, 0xBE7F, 0xFFFF,
 0xFFFF, 0xFFFF, 0xDF3F, 0x53FC, 0x09FA, 0x1A7B, 0x22BB, 0x22BB, 0x229B, 0x123B, 0x749D, 0xFFDF, 0xFFFF, 0xFFFF, 0xFFFF, 0xFFFF,
 0xFFFF, 0xEF9F, 0xA5FE, 0x333C, 0x125B, 0x229B, 0x1A7B, 0x2AFC, 0x439D, 0x43BE, 0x5BFE, 0x5BFE, 0x7D1E, 0xE75F, 0xFFFF, 0xFFFF,
 0xFFFF, 0xCEDF, 0x541E, 0x43BE, 0x4BDE, 0x4BDE, 0x4BDE, 0x4BFE, 0x4BDE, 0x3B7D, 0x5C3E, 0xCEDF, 0xFFFF, 0xFFFF, 0x8D3D, 0x125B,
 0x1A5B, 0x22BB, 0x22BB, 0x22BB, 0x1A7B, 0x1A7B, 0xA5BE, 0xFFFF, 0xFFFF, 0xFFFF, 0xFFFF, 0xFFDF, 0xC69F, 0x74DE, 0x4BDE, 0x333C,
 0x22BB, 0x229B, 0x229B, 0x331C, 0x43BD, 0x5C1E, 0x9D1E, 0x9D1E, 0x6C3E, 0x8D5E, 0xEF9F, 0xFFFF, 0xFFFF, 0xE75F, 0x647E, 0x439D,
 0x4BDE, 0x4BDE, 0x4BDE, 0x4BDE, 0x4BFE, 0x4BDE, 0x3B7D, 0x6C9E, 0xDF5F, 0xE73F, 0x4B9C, 0x0A3B, 0x22BB, 0x22BB, 0x22BB, 0x22BB,
 0x123B, 0x3B3B, 0xD6FF, 0xFFFF, 0xFFFF, 0xFFFF, 0xFFFF, 0xB63F, 0x4BFE, 0x3B7D, 0x4BDE, 0x4BDD, 0x3B5D, 0x3B3C, 0x3B7D, 0x4BBD,
 0x43DE, 0x643E, 0xA53E, 0xB59E, 0xA53E, 0x6C5E, 0x95BE, 0xF7BF, 0xFFFF, 0xF7BF, 0x851E, 0x439D, 0x4BDE, 0x4BDE, 0x4BDE, 0x4BDE,
 0x4BDE, 0x4BFE, 0x4BBD, 0x439E, 0x853E, 0x9D9D, 0x2AFB, 0x1A5B, 0x22BB, 0x22BB, 0x22BB, 0x1A7B, 0x123B, 0x851D, 0xF7DF, 0xFFFF,
 0xFFDF, 0xEF9F, 0xCEFF, 0x5C5E, 0x3B7D, 0x4BDE, 0x4BDE, 0x4BFE, 0x53FE, 0x53FE, 0x53FE, 0x4BFE, 0x43BE, 0x643E, 0xA53E, 0xAD5E,
 0xAD1E, 0x94BE, 0x645E, 0xBE7F, 0xFFFF, 0xFFFF, 0xB63F, 0x43DE, 0x4BBE, 0x4BDE, 0x4BDE, 0x4BDE, 0x4BDE, 0x4BDE, 0x4BDE, 0x4BDE,
 0x4BFE, 0x437C, 0x22BB, 0x229B, 0x22BB, 0x22BB, 0x229B, 0x125B, 0x53FC, 0xDF3F, 0xFFFF, 0xFFFF, 0xA5DE, 0x645C, 0x53FC, 0x439D,
 0x4BFE, 0x4BFE, 0x4BDE, 0x4BDE, 0x4BFE, 0x4BFE, 0x4BFE, 0x4BDE, 0x43BD, 0x643E, 0xA53E, 0xA4DE, 0x837D, 0x93FE, 0x7C7E, 0x7CFE,
 0xE75F, 0xFFFF, 0xE77F, 0x6CBE, 0x439D, 0x4BDE, 0x4BDE, 0x4BDE, 0x4BDE, 0x4BDE, 0x4BDE, 0x53FE, 0x4BDE, 0x2AFC, 0x229B, 0x22BB,
 0x22BB, 0x229B, 0x1A5B, 0x4B9C, 0xD6DE, 0xFFFF, 0xFFFF, 0xFFFF, 0x6C5C, 0x09FA, 0x125B, 0x2AFC, 0x4BBD, 0x4BFE, 0x4BDE, 0x4BFE,
 0x4BFE, 0x4BDE, 0x4BFE, 0x4BFE, 0x43DE, 0x5BFE, 0x9D3E, 0x9C7E, 0x72DD, 0x7ADD, 0x943E, 0x6C5E, 0x9DDE, 0xFFFF, 0xFFFF, 0xAE1F,
 0x43BE, 0x43BE, 0x4BFE, 0x4BDE, 0x4BDE, 0x4BDE, 0x4BDE, 0x4BFE, 0x4BFE, 0x333C, 0x1A9B, 0x229B, 0x22BB, 0x22BB, 0x1A7B, 0x437C,
 0xCEBE, 0xFFFF, 0xFFFF, 0xFFFF, 0xC67E, 0x3B5B, 0x125B, 0x229B, 0x331C, 0x4BDE, 0x4BFE, 0x4BDE, 0x4BFE, 0x4BFE, 0x53FE, 0x4BFE,
 0x4BDE, 0x4BDE, 0x84DE, 0xA4BE, 0x833D, 0x72BD, 0x8B7D, 0x7C5E, 0x647E, 0xCEFF, 0xFFFF, 0xE75F, 0x6C9E, 0x439D, 0x4BFE, 0x4BDE,
 0x4BDE, 0x4BDE, 0x4BDE, 0x4BFE, 0x53FE, 0x3B7D, 0x229B, 0x1A7B, 0x22BB, 0x22BB, 0x229B, 0x123B, 0x5BFC, 0xE75F, 0xFFFF, 0xFFFF,
 0xBE7E, 0x3B5B, 0x123A, 0x1A7B, 0x331C, 0x4BFE, 0x4BDE, 0x3B3A, 0x3B3A, 0x4BDD, 0x3B5B, 0x3B5B, 0x4BDE, 0x43DE, 0x6C7E, 0x9CFE,
 0x8B7D, 0x7ADD, 0x7AFD, 0x943E, 0x643E, 0x8D7E, 0xFFDF, 0xFFFF, 0x9D9E, 0x439D, 0x4BDE, 0x4BDE, 0x4BDE, 0x4BDE, 0x4BDE, 0x4BDE,
 0x4BDE, 0x647E, 0x53FC, 0x1A7B, 0x229B, 0x22BB, 0x22BB, 0x125B, 0x22BB, 0xB61E, 0xFFFF, 0xFFFF, 0x53DC, 0x01DA, 0x125B, 0x2ADB,
 0x439D, 0x53FE, 0x4BFE, 0x32F9, 0x2276, 0x32D9, 0x2277, 0x32F9, 0x4BFE, 0x4BDE, 0x541E, 0x94FE, 0x93FE, 0x7ADD, 0x72BD, 0x8BBE,
 0x7C7E, 0x645E, 0xD71F, 0xFFFF, 0xC69F, 0x4BFE, 0x43BE, 0x4BFE, 0x4BDE, 0x4BDE, 0x4BFE, 0x43BE, 0x439E, 0xAE1F, 0xC69E, 0x333B,
 0x123B, 0x22BB, 0x22BB, 0x229B, 0x123B, 0x7CDD, 0xF7BF, 0xFFFF, 0x749C, 0x53DC, 0x74BD, 0x541D, 0x43DE, 0x4BFE, 0x53FE, 0x4BBD,
 0x2AB8, 0x19F4, 0x2A97, 0x4BBD, 0x53FE, 0x4BDE, 0x43DE, 0x749E, 0x9C9E, 0x831D, 0x729D, 0x8B7D, 0x8C9E, 0x541E, 0xA61F, 0xFFFF,
 0xE77F, 0x6CBE, 0x439D, 0x4BDE, 0x4BDE, 0x4BFE, 0x4BDE, 0x3B7D, 0x645E, 0xDF3F, 0xFFFF, 0x84FD, 0x125B, 0x1A7B, 0x22BB, 0x22BB,
 0x123B, 0x53DC, 0xE75F, 0xFFFF, 0xEF7F, 0xE75F, 0xEF9F, 0x959E, 0x3B9D, 0x4BBD, 0x53FE, 0x53FE, 0x3B1A, 0x19F4, 0x2277, 0x439C,
 0x4BFE, 0x4BDE, 0x43BE, 0x5C3E, 0x9D1E, 0x941E, 0x72BD, 0x833D, 0x949E, 0x5C1E, 0x8D7E, 0xFFFF, 0xFFFF, 0x9D9E, 0x439D, 0x4BDD,
 0x4BFE, 0x4BFE, 0x3B9D, 0x4BDE, 0xB63F, 0xFFFF, 0xFFFF, 0xDF3F, 0x4BBC, 0x0A1A, 0x1A9B, 0x22BB, 0x125B, 0x439C, 0xDF1F, 0xFFFF,
 0xFFFF, 0xFFFF, 0xFFFF, 0xDF3F, 0x6C9E, 0x3B7D, 0x4BDE, 0x4BDD, 0x2AB8, 0x2256, 0x2277, 0x2A97, 0x43BC, 0x53FE, 0x4BDE, 0x4BDE,
 0x84DE, 0xAD3E, 0x93FE, 0x941E, 0x9CFE, 0x643E, 0x855E, 0xFFFF, 0xFFFF, 0xC6BF, 0x53FE, 0x43BD, 0x4BFE, 0x439D, 0x43BD, 0x9DDE,
 0xF7DF, 0xFFFF, 0xFFFF, 0xFFFF, 0xBE7E, 0x3B3B, 0x0A1B, 0x1A7B, 0x125B, 0x4BDC, 0xDF3F, 0xFFFF, 0xFFFF, 0xFFFF, 0xFFFF, 0xFFFF,
 0xCEDF, 0x647E, 0x3B9E, 0x439D, 0x3B1A, 0x437B, 0x437B, 0x3319, 0x439C, 0x53FE, 0x4BDE, 0x43BE, 0x5C3E, 0x9D3E, 0xAD5E, 0xAD5E,
 0xA53E, 0x6C5E, 0x959E, 0xFFFF, 0xFFFF, 0xEF9F, 0x7CDE, 0x335D, 0x3B7D, 0x43BD, 0x9DDE, 0xF7BF, 0xFFFF, 0xFFFF, 0xFFFF, 0xFFFF,
 0xFFFF, 0xBE5E, 0x4BBC, 0x123B, 0x01FA, 0x53FC, 0xE75F, 0xFFFF, 0xFFFF, 0xFFFF, 0xFFFF, 0xFFFF, 0xFFFF, 0xD71F, 0x853E, 0x4BDE,
 0x3B9D, 0x43BE, 0x4BDE, 0x4BDD, 0x4BDE, 0x4BFE, 0x4BFE, 0x4BDE, 0x4BDE, 0x747E, 0xAD5E, 0xBD9E, 0x9D1E, 0x5C1E, 0xAE1F, 0xFFFF,
 0xFFFF, 0xFFFF, 0xBE7F, 0x541E, 0x4BFE, 0x9DBE, 0xF7BF, 0xFFFF, 0xFFFF, 0xFFFF, 0xFFFF, 0xFFFF, 0xFFFF, 0xFFFF, 0xD71F, 0x6C7C,
 0x01FA, 0x53DC, 0xEF7F, 0xFFFF, 0xFFFF, 0xFFFF, 0xFFFF, 0xFFFF, 0xFFFF, 0xFFFF, 0xEF9F, 0xBE5F, 0x7CFE, 0x53FE, 0x3B9D, 0x3B9E,
 0x43BE, 0x53FE, 0x53FE, 0x4BFE, 0x4BDE, 0x541E, 0x7CBE, 0x94FE, 0x641E, 0x5C3E, 0xD71F, 0xFFFF, 0xFFFF, 0xFFFF, 0xF7DF, 0xCEDF,
 0xCEDF, 0xF7BF, 0xFFFF, 0xFFFF, 0xFFFF, 0xFFFF, 0xFFFF, 0xFFFF, 0xFFFF, 0xFFFF, 0xFFFF, 0xE77F, 0x7CDD, 0x8D5D, 0xF7BF, 0xFFFF,
 0xFFFF, 0xFFFF, 0xFFFF, 0xFFFF, 0xFFFF, 0xFFFF, 0xFFFF, 0xFFFF, 0xE77F, 0xBE7F, 0x957E, 0x7D1E, 0x5C3D, 0x3B7D, 0x3B5C, 0x3B5C,
 0x3B5D, 0x439D, 0x4BBD, 0x439D, 0x43BD, 0x9DBE, 0xFFDF, 0xFFFF, 0xFFFF, 0xFFFF, 0xFFFF, 0xFFFF, 0xFFFF, 0xFFFF, 0xFFFF, 0xFFFF,
 0xFFFF, 0xFFFF, 0xFFFF, 0xFFFF, 0xFFFF, 0xFFFF, 0xFFFF, 0xFFFF, 0xF7BF, 0xEF9F, 0xFFFF, 0xFFFF, 0xFFFF, 0xFFFF, 0xFFFF, 0xFFFF,
 0xFFFF, 0xFFFF, 0xFFFF, 0xFFFF, 0xFFFF, 0xFFFF, 0xF7BF, 0xEF9F, 0xA5DE, 0x2AFB, 0x127B, 0x22BB, 0x22BB, 0x22BB, 0x2ADC, 0x647D,
 0xB63F, 0xF7BF, 0xFFFF, 0xFFFF, 0xFFFF, 0xFFFF, 0xFFFF, 0xFFFF, 0xFFFF, 0xFFFF, 0xFFFF, 0xFFFF, 0xFFFF, 0xFFFF, 0xFFFF, 0xFFFF,
 0xFFFF, 0xFFFF, 0xFFFF, 0xFFFF, 0xFFFF, 0xFFFF, 0xFFFF, 0xFFFF, 0xFFFF, 0xFFFF, 0xFFFF, 0xFFFF, 0xFFFF, 0xFFFF, 0xFFFF, 0xFFFF,
 0xFFFF, 0xFFFF, 0xFFFF, 0xFFFF, 0xC69E, 0x2AFB, 0x123B, 0x229B, 0x229B, 0x123A, 0x437B, 0xD6DF, 0xFFFF, 0xFFFF, 0xFFFF, 0xFFFF,
 0xFFFF, 0xFFFF, 0xFFFF, 0xFFFF, 0xFFFF, 0xFFFF, 0xFFFF, 0xFFFF, 0xFFFF, 0xFFFF, 0xFFFF, 0xFFFF, 0xFFFF, 0xFFFF, 0xFFFF, 0xFFFF,
 0xFFFF, 0xFFFF, 0xFFFF, 0xFFFF, 0xFFFF, 0xFFFF, 0xFFFF, 0xFFFF, 0xFFFF, 0xFFFF, 0xFFFF, 0xFFFF, 0xFFFF, 0xFFFF, 0xFFFF, 0xFFFF,
 0xD6FE, 0x3B5C, 0x123B, 0x22BB, 0x229B, 0x125B, 0x851D, 0xFFFF, 0xFFFF, 0xFFFF, 0xFFFF, 0xFFFF, 0xFFFF, 0xFFFF, 0xFFFF, 0xFFFF,
 0xFFFF, 0xFFFF, 0xFFFF, 0xFFFF, 0xFFFF, 0xFFFF, 0xFFFF, 0xFFFF, 0xFFFF, 0xFFFF, 0xFFFF, 0xFFFF, 0xFFFF, 0xFFFF, 0xFFFF, 0xFFFF,
 0xFFFF, 0xFFFF, 0xFFFF, 0xFFFF, 0xFFFF, 0xFFFF, 0xFFFF, 0xFFFF, 0xFFFF, 0xFFFF, 0xFFFF, 0xFFFF, 0xEF9F, 0x6C5C, 0x0A3B, 0x229B,
 0x1A7B, 0x22BB, 0xADFE, 0xFFFF, 0xFFFF, 0xFFFF, 0xFFFF, 0xFFFF, 0xFFFF, 0xFFFF, 0xFFFF, 0xFFFF, 0xFFFF, 0xFFFF, 0xFFFF, 0xFFFF,
 0xFFFF, 0xFFFF, 0xFFFF, 0xFFFF, 0xFFFF, 0xFFFF, 0xFFFF, 0xFFFF, 0xFFFF, 0xFFFF, 0xFFFF, 0xFFFF, 0xFFFF, 0xFFFF, 0xFFFF, 0xFFFF,
 0xFFFF, 0xFFFF, 0xFFFF, 0xFFFF, 0xFFFF, 0xFFFF, 0xFFFF, 0xFFFF, 0xFFFF, 0xB61E, 0x22BB, 0x123B, 0x1A7B, 0x1A9B, 0x9DBD, 0xFFFF,
 0xFFFF, 0xFFFF, 0xFFFF, 0xFFFF, 0xFFFF, 0xFFFF, 0xFFFF, 0xFFFF, 0xFFFF, 0xFFFF, 0xFFFF, 0xFFFF, 0xFFFF, 0xFFFF, 0xFFFF, 0xFFFF,
 0xFFFF, 0xFFFF, 0xFFFF, 0xFFFF, 0xFFFF, 0xFFFF, 0xFFFF, 0xFFFF, 0xFFFF, 0xFFFF, 0xFFFF, 0xFFFF, 0xFFFF, 0xFFFF, 0xFFFF, 0xFFFF,
 0xFFFF, 0xFFFF, 0xFFFF, 0xFFFF, 0xFFFF, 0xF7BF, 0x7CFD, 0x127B, 0x123A, 0x125B, 0x7CFD, 0xF7DF, 0xFFFF, 0xFFFF, 0xFFFF, 0xFFFF,
 0xFFFF, 0xFFFF, 0xFFFF, 0xFFFF, 0xFFFF, 0xFFFF, 0xFFFF, 0xFFFF, 0xFFFF, 0xFFFF, 0xFFFF, 0xFFFF, 0xFFFF, 0xFFFF, 0xFFFF, 0xFFFF,
 0xFFFF, 0xFFFF, 0xFFFF, 0xFFFF, 0xFFFF, 0xFFFF, 0xFFFF, 0xFFFF, 0xFFFF, 0xFFFF, 0xFFFF, 0xFFFF, 0xFFFF, 0xFFFF, 0xFFFF, 0xFFFF,
 0xFFFF, 0xFFFF, 0xEF9F, 0x7CFD, 0x1A9B, 0x01DA, 0x439C, 0xDF1F, 0xFFFF, 0xFFFF, 0xFFFF, 0xFFFF, 0xFFFF, 0xFFFF, 0xFFFF, 0xFFFF,
 0xFFFF, 0xFFFF, 0xFFFF, 0xFFFF, 0xFFFF, 0xFFFF, 0xFFFF, 0xFFFF, 0xFFFF, 0xFFFF, 0xFFFF, 0xFFFF, 0xFFFF, 0xFFFF, 0xFFFF, 0xFFFF,
 0xFFFF, 0xFFFF, 0xFFFF, 0xFFFF, 0xFFFF, 0xFFFF, 0xFFFF, 0xFFFF, 0xFFFF, 0xFFFF, 0xFFFF, 0xFFFF, 0xFFFF, 0xFFFF, 0xFFFF, 0xF7BF,
 0x957D, 0x22BB, 0x1A7B, 0xB61E, 0xFFFF, 0xFFFF, 0xFFFF, 0xFFFF, 0xFFFF, 0xFFFF, 0xFFFF, 0xFFFF, 0xFFFF, 0xFFFF, 0xFFFF, 0xFFFF,
 0xFFFF, 0xFFFF, 0xFFFF, 0xFFFF, 0xFFFF, 0xFFFF, 0xFFFF, 0xFFFF, 0xFFFF, 0xFFFF, 0xFFFF, 0xFFFF, 0xFFFF, 0xFFFF, 0xFFFF, 0xFFFF,
 0xFFFF, 0xFFFF, 0xFFFF, 0xFFFF, 0xFFFF, 0xFFFF, 0xFFFF, 0xFFFF, 0xFFFF, 0xFFFF, 0xFFFF, 0xFFFF, 0xFFFF, 0xBE5E, 0x8D3D, 0xD6FF,
 0xFFFF, 0xFFFF, 0xFFFF, 0xFFFF, 0xFFFF, 0xFFFF, 0xFFFF, 0xFFFF, 0xFFFF, 0xFFFF, 0xFFFF, 0xFFFF, 0xFFFF, 0xFFFF, 0xFFFF, 0xFFFF,
 0xFFFF, 0xFFFF, 0xFFFF, 0xFFFF, 0xFFFF, 0xFFFF, 0xFFFF, 0xFFFF,
};

//pineapple
const unsigned short wholejellyfish[] =  {
 0xFFFF, 0xFFFF, 0xFFFF, 0xFFFF, 0xFFFF, 0xFFFF, 0xFFFF, 0xFFFF, 0xFFFF, 0xFFFF, 0xFFFF, 0xFFFF, 0xFFFF, 0xFFFF, 0xFFFF, 0xFFFF,
 0xFFFF, 0xFEFD, 0xFF1D, 0xFFFF, 0xFFFF, 0xFF1D, 0xFFFF, 0xFF3D, 0xFEDC, 0xFFFF, 0xFFFF, 0xFF7E, 0xFF7E, 0xFFFF, 0xFFFF, 0xFF3D,
 0xFFBF, 0xFFFF, 0xFF5E, 0xFFDF, 0xFFDF, 0xFE3A, 0xF599, 0xFFFF, 0xFFFF, 0xFDB9, 0xFE7B, 0xFF1C, 0xFE7A, 0xFDFA, 0xFF5E, 0xFF3D,
 0xFE5A, 0xFFFF, 0xFFDF, 0xF538, 0xFE9B, 0xFFFF, 0xF599, 0xFEDC, 0xFF9E, 0xFD78, 0xFDB9, 0xFFFF, 0xFFFF, 0xFF1D, 0xF4D7, 0xFE19,
 0xFFBF, 0xFE3B, 0xFDFA, 0xFFFF, 0xFE3A, 0xFF9E, 0xFEDC, 0xF517, 0xFE5A, 0xFF3D, 0xF579, 0xFEFC, 0xFF3D, 0xF4D7, 0xFEBC, 0xFFFF,
 0xFF7E, 0xF599, 0xFDB9, 0xFE3A, 0xFF7E, 0xFE5B, 0xF5DA, 0xFF5D, 0xFE5A, 0xFFDF, 0xFF5E, 0xF599, 0xFE3A, 0xFE9B, 0xFE1A, 0xFDB9,
 0xFE5A, 0xFE1A, 0xFDDA, 0xFFFF, 0xF538, 0xFE3B, 0xFFFF, 0xFF9E, 0xFDB8, 0xF558, 0xFF3D, 0xFE7A, 0xFF5D, 0xFFFF, 0xFFFF, 0xFE5B,
 0xFD17, 0xFEFC, 0xFF5E, 0xF579, 0xFE9B, 0xFE9B, 0xF578, 0xFEDC, 0xFDB9, 0xFE3B, 0xFFFF, 0xFFFF, 0xFD78, 0xF578, 0xFF7E, 0xFE5A,
 0xFFFF, 0xFFFF, 0xFF5E, 0xF4F7, 0xFDF9, 0xFFFF, 0xFE9C, 0xF599, 0xFFDF, 0xFEBB, 0xFDF9, 0xF579, 0xFFBF, 0xF558, 0xFEBC, 0xFEBB,
 0xFEDB, 0xFDDA, 0xFE3A, 0xFE7B, 0xFEFC, 0xFFDF, 0xF5B9, 0xFDFA, 0xFE9B, 0xFF3D, 0xF579, 0xFEFD, 0xFFFF, 0xFF3D, 0xFD37, 0xF599,
 0xFFFF, 0xFEDC, 0xF4B6, 0xFE9B, 0xFFFF, 0xFF1D, 0xF558, 0xFFBE, 0xFE7A, 0xFEDC, 0xF579, 0xFF7E, 0xFF5D, 0xFDB8, 0xF538, 0xFFDF,
 0xFF3D, 0xFD58, 0xF538, 0xFF7E, 0xFFFF, 0xFE5B, 0xFD17, 0xFEBB, 0xFFFF, 0xFDFA, 0xFE1A, 0xFFFF, 0xFE5A, 0xFF1C, 0xFDFA, 0xFE3B,
 0xFFFF, 0xFE5A, 0xF517, 0xFEBC, 0xFE19, 0xF4D7, 0xFF7E, 0xFFFF, 0xFF7E, 0xF558, 0xFF5D, 0xFEDB, 0xFE1A, 0xF579, 0xFF7E, 0xFE9B,
 0xFEBB, 0xFFFF, 0xFF5E, 0xF579, 0xFEBC, 0xFEBB, 0xFE9C, 0xFDB9, 0xFE9B, 0xF4D6, 0xFEDD, 0xFFFF, 0xFE7B, 0xFDFA, 0xFFFF, 0xFF5D,
 0xFCF6, 0xFDFA, 0xFFDF, 0xFE19, 0xFFBF, 0xFFFF, 0xFFDF, 0xFD58, 0xFD98, 0xFF9E, 0xFF7E, 0xF579, 0xFFBF, 0xFDD9, 0xF558, 0xFFFF,
 0xFEFD, 0xF578, 0xFFBE, 0xFEBB, 0xFE9B, 0xF558, 0xFF1D, 0xFEDB, 0xFE9B, 0xFFFF, 0xFF5D, 0xF4B6, 0xFEBC, 0xFFFF, 0xFE9C, 0xFD99,
 0xFFFF, 0xFF9E, 0xF538, 0xFF7E, 0xFFFF, 0xFE1A, 0xFD78, 0xFE7A, 0xFFFF, 0xFEBC, 0xF579, 0xFFBE, 0xFE9B, 0xFEDC, 0xFE5B, 0xF558,
 0xFE7A, 0xFF3D, 0xF599, 0xFEBC, 0xFFFF, 0xFF7E, 0xF538, 0xFF9E, 0xFFFF, 0xFFDF, 0xF4F7, 0xFEBC, 0xFFFF, 0xFFDF, 0xF558, 0xFF5E,
 0xFF9E, 0xFDB8, 0xF538, 0xFF9E, 0xFF5D, 0xFD78, 0xF578, 0xFFDF, 0xFF7E, 0xF558, 0xFE1A, 0xFFFF, 0xFFFF, 0xFE9B, 0xF4F7, 0xFF7E,
 0xFFFF, 0xFEDC, 0xF599, 0xFF5D, 0xFE5A, 0xFE9B, 0xF579, 0xFF7E, 0xFE9B, 0xFE3A, 0xF599, 0xFF5D, 0xFD78, 0xF579, 0xFFDF, 0xFFFF,
 0xFF7E, 0xF558, 0xFE19, 0xFEFC, 0xFFFF, 0xF5B9, 0xFE9B, 0xFE9B, 0xFF1D, 0xFFFF, 0xF5DA, 0xFD58, 0xFEFC, 0xFFDF, 0xF5B9, 0xFDD9,
 0xFD17, 0xFE3B, 0xFFFF, 0xFFFF, 0xFE7B, 0xF5B9, 0xFFFF, 0xFE7B, 0xFE9B, 0xF578, 0xFE3A, 0xFE7A, 0xFFBF, 0xFFFF, 0xFF3D, 0xF4F7,
 0xFF9E, 0xFFFF, 0xFF1D, 0xF578, 0xFE3A, 0xF517, 0xFF7E, 0xFFFF, 0xFF7E, 0xF558, 0xFE1A, 0xFFBF, 0xFE9B, 0xFDF9, 0xF558, 0xFE3A,
 0xFE7A, 0xFF5D, 0xFFFF, 0xF538, 0xFE1A, 0xFFBE, 0xFFFF, 0xF579, 0xFF3D, 0xFE1A, 0xFDFA, 0xFFFF, 0xFFFF, 0xFF9E, 0xF599, 0xFDFA,
 0xFE9B, 0xFF7E, 0xFE3B, 0xFE3B, 0xFEBB, 0xFE7A, 0xFF5E, 0xF579, 0xFE9B, 0xFE9B, 0xFEBC, 0xF579, 0xFFDF, 0xFEBC, 0xF578, 0xFFFF,
 0xFFFF, 0xFFFF, 0xFE3B, 0xFCF7, 0xFEBB, 0xFFFF, 0xFE7B, 0xFD99, 0xFE7A, 0xFF9E, 0xFE5B, 0xFDFA, 0xFFFF, 0xFE5A, 0xF4F7, 0xFEBC,
 0xFFDF, 0xFD38, 0xFE5B, 0xFFFF, 0xFFFF, 0xFF7E, 0xF558, 0xFDF9, 0xFF7E, 0xFFFF, 0xF5B9, 0xFD98, 0xFF3D, 0xFFFF, 0xFDFA, 0xFE9C,
 0xFF7D, 0xFDF9, 0xF558, 0xFFBE, 0xFE1A, 0xF518, 0xFFBF, 0xFFFF, 0xFFFF, 0xFEFD, 0xF558, 0xFE7A, 0xFFBE, 0xFFFF, 0xF579, 0xFDF9,
 0xFF3D, 0xFFBF, 0xFDFA, 0xFE3A, 0xFE9B, 0xFEBC, 0xF5B9, 0xFEFC, 0xFD58, 0xFDFA, 0xFFFF, 0xFFFF, 0xFFFF, 0xFFBF, 0xF579, 0xFD78,
 0xFEFC, 0xFEDC, 0xFDD9, 0xFDF9, 0xFE19, 0xFE19, 0xFDF9, 0xFDD8, 0xFDF9, 0xFE3A, 0xFDD9, 0xFE19, 0xFDD9, 0xF599, 0xFFDF, 0xFFFF,
 0xFFFF, 0xFFFF, 0xFEFC, 0xFD98, 0xFDD9, 0xFDD8, 0xFE3A, 0xFE19, 0xFDD9, 0xFDD8, 0xFDF9, 0xFDF9, 0xFDF9, 0xFE39, 0xFE3A, 0xFDD9,
 0xFDF9, 0xFD58, 0xFE5B, 0xFFFF, 0xFFFF, 0xFFDF, 0xFE7A, 0xFDD9, 0xFDF9, 0xFDF9, 0xE516, 0xED77, 0xFE19, 0xFDF9, 0xFDF9, 0xFDF9,
 0xFDD9, 0xCC13, 0xDC95, 0xFE19, 0xFDF9, 0xFDF9, 0xFDF9, 0xFF9E, 0xFFFF, 0xFF9E, 0xFDF9, 0xFDD9, 0xFE39, 0xED77, 0x89AB, 0x9A6E,
 0xFDF9, 0xFE19, 0xFDF9, 0xFE19, 0xFDB8, 0x89CC, 0x9A4D, 0xFDF9, 0xFE19, 0xFDF9, 0xFDB8, 0xFEDC, 0xFFFF, 0xFF9E, 0xFDF9, 0xFDD9,
 0xFDF9, 0xFDD9, 0xBB91, 0xBB91, 0xFDF9, 0xFDF9, 0xFDF9, 0xFDF9, 0xFDF9, 0xD494, 0xDCB5, 0xFE19, 0xFDF9, 0xFDF9, 0xFDD8, 0xFEBB,
 0xFFFF, 0xFFDF, 0xFE19, 0xFDD9, 0xFDF9, 0xFDF9, 0xFE3A, 0xFE19, 0xFDF9, 0xFDF9, 0xFDF9, 0xFDF9, 0xFDF9, 0xFE3A, 0xFE3A, 0xFDF9,
 0xFDF9, 0xFDF9, 0xFDD8, 0xFF1C, 0xFFFF, 0xFFFF, 0xFEBB, 0xFDB8, 0xFDF9, 0xFDF9, 0xFDF9, 0xFE19, 0xFDF9, 0xFDF9, 0xFE19, 0xFDF9,
 0xFDF9, 0xFDF9, 0xFDF9, 0xFDF9, 0xFDF9, 0xFDD9, 0xFDF9, 0xFFBE, 0xFFFF, 0xFFFF, 0xFFBE, 0xFE19, 0xFDD8, 0xFDF9, 0xFDD9, 0xFD98,
 0xFDF9, 0xFDD9, 0xFD78, 0xFDB8, 0xFDF9, 0xFDF9, 0xFDF9, 0xFDF9, 0xFDF9, 0xFDB8, 0xFEFC, 0xFFFF, 0xFFFF, 0xFFFF, 0xFFFF, 0xFF1D,
 0xFDD8, 0xFDF9, 0xFDB8, 0xF497, 0xFD78, 0xFDB8, 0xF496, 0xF517, 0xFDD9, 0xF537, 0xFD78, 0xFDF9, 0xFDB8, 0xFE7B, 0xFFFF, 0xFFFF,
 0xFFFF, 0xFFFF, 0xFFFF, 0xFFFF, 0xFF1C, 0xFDF9, 0xFDB8, 0xF4F7, 0xF4F7, 0xFDD9, 0xF4F7, 0xFD58, 0xF517, 0xF476, 0xFD17, 0xFDD9,
 0xFEBB, 0xFFDF, 0xFFFF, 0xFFFF, 0xFFFF, 0xFFFF, 0xFFFF, 0xFFFF, 0xFFFF, 0xFF7E, 0xFE7A, 0xFDD9, 0xFD78, 0xFDD8, 0xFD98, 0xFD98,
 0xFD58, 0xFD98, 0xFE5A, 0xFF3D, 0xFFFF, 0xFFFF, 0xFFFF, 0xFFFF, 0xFFFF, 0xFFFF, 0xFFFF, 0xFFFF, 0xFFFF, 0xFFFF, 0xFFFF, 0xFF9E,
 0xFF5D, 0xFF1D, 0xFF3D, 0xFF7D, 0xFFBE, 0xFFDF, 0xFFFF, 0xFFFF, 0xFFFF, 0xFFFF, 0xFFFF, 0xFFFF,
};

//cut pineapple
const unsigned short cutjellyfish[] = {
 0xFFFF, 0xFFFF, 0xFFFF, 0xFFFF, 0xFFFF, 0xFFFF, 0xFFBF, 0xFFFF, 0xFFFF, 0xFFFF, 0xFFFF, 0xFF5D, 0xFEFC, 0xFFBE, 0xFFFF, 0xFFFF,
 0xFFFF, 0xFFFF, 0xFFFF, 0xFFFF, 0xFFFF, 0xFFFF, 0xFF1D, 0xFEDC, 0xFFBF, 0xFFBF, 0xFE7B, 0xFE7B, 0xFF3D, 0xFEFD, 0xFFFF, 0xFFDF,
 0xFEBB, 0xFE3A, 0xFDFA, 0xFF3D, 0xFFFF, 0xFFFF, 0xFFFF, 0xFFFF, 0xFFFF, 0xFFFF, 0xFFFF, 0xFE1A, 0xFD37, 0xFEBC, 0xFDDA, 0xF517,
 0xFE9B, 0xFF1D, 0xF599, 0xFF1D, 0xFFFF, 0xFEFC, 0xFE9B, 0xFDB9, 0xFE9C, 0xFEFD, 0xFF1D, 0xFFDF, 0xFFFF, 0xFFFF, 0xFFFF, 0xFFFF,
 0xFF5E, 0xF517, 0xFDF9, 0xF599, 0xFD99, 0xFF7D, 0xFF9E, 0xFDB9, 0xFEBC, 0xFFFF, 0xFFDF, 0xFEFC, 0xFD98, 0xFE5B, 0xFE7B, 0xF538,
 0xFF3D, 0xFFFF, 0xFFFF, 0xFFFF, 0xFFFF, 0xFE3A, 0xFD17, 0xFEFC, 0xFEBC, 0xF538, 0xFF3D, 0xFE9C, 0xFDB9, 0xFF9E, 0xFFFF, 0xFFFF,
 0xFEBB, 0xFD17, 0xFEBC, 0xFFDF, 0xFD58, 0xFE9B, 0xFFFF, 0xFFFF, 0xFFFF, 0xFF1D, 0xF517, 0xFE19, 0xFFFF, 0xFFBF, 0xFDDA, 0xFD58,
 0xFD99, 0xFEDC, 0xFFFF, 0xFFFF, 0xFF5D, 0xFDB8, 0xF558, 0xFF7E, 0xFF9E, 0xF558, 0xFEFC, 0xFFFF, 0xFFFF, 0xFFFF, 0xFE7B, 0xFDB9,
 0xFEBB, 0xFF7D, 0xFF9E, 0xFE1A, 0xFDFA, 0xFD78, 0xFE3B, 0xFFFF, 0xFFDF, 0xFEBB, 0xFE5B, 0xF5DA, 0xFF5E, 0xFF1D, 0xFD58, 0xFF5E,
 0xFFFF, 0xFFFF, 0xFFFF, 0xFF5E, 0xF599, 0xFE5B, 0xFEBB, 0xFE7B, 0xF5DA, 0xFF3D, 0xFE1A, 0xF558, 0xFEDC, 0xFFDF, 0xFE9B, 0xFF3D,
 0xFE3B, 0xFE3A, 0xFE9B, 0xF558, 0xFF3D, 0xFFFF, 0xFFFF, 0xFFFF, 0xFFFF, 0xFEBC, 0xF5B9, 0xFE3A, 0xFD37, 0xFE7B, 0xFEFC, 0xFF3D,
 0xFEBC, 0xFDB9, 0xFFDF, 0xFF3D, 0xFEBB, 0xFF5E, 0xFDDA, 0xFDB8, 0xFD37, 0xFE5B, 0xFFDF, 0xFFFF, 0xFFFF, 0xFFFF, 0xFFDF, 0xFDB9,
 0xFD17, 0xFD99, 0xFF3D, 0xFE9B, 0xFFDF, 0xFEFC, 0xFDDA, 0xFFBF, 0xFFFF, 0xFE9B, 0xFF3D, 0xFE3B, 0xFDFA, 0xFDB8, 0xFDD9, 0xFFBF,
 0xFFFF, 0xFFFF, 0xFFFF, 0xFF7E, 0xFD78, 0xFE3A, 0xFDDA, 0xFEFC, 0xFEFC, 0xFEDC, 0xFE3A, 0xFE5B, 0xFFFF, 0xFFFF, 0xFF7E, 0xFDF9,
 0xF558, 0xFF3D, 0xFDD9, 0xFDDA, 0xFFDF, 0xFFFF, 0xFFFF, 0xFFFF, 0xFE1A, 0xFD38, 0xFFBE, 0xFE9C, 0xF599, 0xFF7E, 0xFE5A, 0xFD58,
 0xFF1D, 0xFFFF, 0xFFFF, 0xFF7E, 0xFD58, 0xFE5B, 0xFF3D, 0xF538, 0xFEBC, 0xFFFF, 0xFFFF, 0xFFFF, 0xFF7E, 0xF579, 0xFE5A, 0xFEBB,
 0xFF7E, 0xFDFA, 0xFE3B, 0xFEDC, 0xFD78, 0xFF5E, 0xFFFF, 0xFFFF, 0xFE5B, 0xF599, 0xFFBF, 0xFDF9, 0xFD99, 0xFFBF, 0xFFFF, 0xFFFF,
 0xFFFF, 0xFE7B, 0xFE3B, 0xFFDF, 0xFEBB, 0xFEDB, 0xFF9E, 0xFDDA, 0xFD99, 0xFD78, 0xFEDC, 0xFFFF, 0xFFBF, 0xFE3A, 0xF538, 0xFEFD,
 0xFDB9, 0xFE1A, 0xFFFF, 0xFFFF, 0xFFFF, 0xFFFF, 0xFE5B, 0xFE3B, 0xFFFF, 0xFFBF, 0xFE7A, 0xFFDF, 0xFEBC, 0xFD58, 0xFDF9, 0xFE1A,
 0xFFDF, 0xFF1C, 0xFEDC, 0xFE9B, 0xFDB9, 0xFE1A, 0xFD78, 0xFF3D, 0xFFFF, 0xFFFF, 0xFFFF, 0xFF3D, 0xF579, 0xFF9E, 0xFF9E, 0xFE7B,
 0xFFBE, 0xFE5B, 0xFE3B, 0xFF7E, 0xFDD9, 0xFF1D, 0xFEFC, 0xFF1C, 0xFFFF, 0xFE1A, 0xFE1A, 0xFD99, 0xFDFA, 0xFFBF, 0xFFFF, 0xFFFF,
 0xFFFF, 0xFE3B, 0xFDB9, 0xFE9B, 0xFF1C, 0xFF9E, 0xFD79, 0xFE5B, 0xFFFF, 0xFE3A, 0xFE9C, 0xFF7E, 0xFE7B, 0xFFBF, 0xFF5E, 0xFDFA,
 0xFE5B, 0xF558, 0xFF5E, 0xFFFF, 0xFFFF, 0xFFFF, 0xFFBE, 0xF578, 0xFDD9, 0xFFFF, 0xFF3D, 0xF558, 0xFE3A, 0xFF5D, 0xFE3B, 0xFE9C,
 0xFFFF, 0xFE9B, 0xFF1C, 0xFF3D, 0xFDFA, 0xFE7B, 0xFD58, 0xFF5D, 0xFFFF, 0xFFFF, 0xFFFF, 0xFFFF, 0xFE1A, 0xFD99, 0xFFFF, 0xFEDC,
 0xFDFA, 0xFF5D, 0xFE1A, 0xFD78, 0xFEFD, 0xFFFF, 0xFF5D, 0xFEBB, 0xFDD9, 0xFE7B, 0xFE3A, 0xFD78, 0xFF7E, 0xFFFF, 0xFFFF, 0xFFFF,
 0xFFBF, 0xFD99, 0xFE1A, 0xFEDC, 0xFE3B, 0xFE5B, 0xFFFF, 0xFE1A, 0xFD38, 0xFF7E, 0xFFFF, 0xFFDF, 0xFE3A, 0xFD38, 0xFF1D, 0xFDB9,
 0xFDFA, 0xFFDF, 0xFFFF, 0xFFFF, 0xFFFF, 0xFEFC, 0xF5B9, 0xFF9E, 0xFE7A, 0xFD58, 0xFE9C, 0xFFFF, 0xFDB9, 0xFD99, 0xFFBF, 0xFFFF,
 0xFFDF, 0xFD98, 0xFDD9, 0xFF5D, 0xFD58, 0xFE9C, 0xFFFF, 0xFFFF, 0xFFFF, 0xFFFF, 0xFE3B, 0xFE5B, 0xFFFF, 0xFEBB, 0xFD99, 0xFE1A,
 0xFF3D, 0xFD98, 0xFDFA, 0xFFDF, 0xFFFF, 0xFF9E, 0xFD58, 0xFDFA, 0xFF3D, 0xFD38, 0xFEFD, 0xFFFF, 0xFFFF, 0xFFFF, 0xFFFF, 0xFE3B,
 0xFE5B, 0xFFBE, 0xFEBB, 0xFF3D, 0xF579, 0xFDB9, 0xFE3A, 0xFE3B, 0xFFBF, 0xFFFF, 0xFF3D, 0xFE1A, 0xF5B9, 0xFE3A, 0xFD37, 0xFE1A,
 0xFFDF, 0xFFFF, 0xFFFF, 0xFFFF, 0xFF1D, 0xF578, 0xFE5A, 0xFEDC, 0xFFFF, 0xFE9B, 0xFD78, 0xFE5A, 0xFDF9, 0xFF3D, 0xFFFF, 0xFF5D,
 0xFEBB, 0xFE1A, 0xFDB9, 0xFDD9, 0xFD58, 0xFEFC, 0xFFFF, 0xFFFF, 0xFFFF, 0xFFDF, 0xFE7B, 0xFD38, 0xF5B8, 0xF63A, 0xFE7A, 0xFDF9,
 0xFDF9, 0xF5B9, 0xFE7B, 0xFFDF, 0xFFDF, 0xE5B8, 0xDC95, 0xF577, 0xF577, 0xFDB8, 0xFE19, 0xFF5D, 0xFFFF, 0xFFFF, 0xFFFF, 0xFF9E,
 0xFDF9, 0xE4D5, 0xAACF, 0xC3B2, 0xFDB7, 0xEDFB, 0xB55D, 0xCD9C, 0xFF3C, 0xFFFF, 0xEDD9, 0xB2EF, 0xA2CF, 0xCC33, 0xFDF9, 0xFDF9,
 0xFE3A, 0xFFDF, 0xFFFF, 0xFFDF, 0xFEBB, 0xFE39, 0xED97, 0x9A6E, 0xAAEF, 0xFE19, 0xE5DB, 0x9CFF, 0x9C9E, 0xE61C, 0xFFDE, 0xFF1D,
 0xBB71, 0x818B, 0xD474, 0xFE1A, 0xFDF9, 0xFDD8, 0xFF3D, 0xFFFF, 0xFFBF, 0xFE19, 0xFE19, 0xED98, 0x9A4D, 0xA28E, 0xFDF8, 0xEE1B,
 0x941D, 0x731E, 0xB4DC, 0xFF7E, 0xFF3C, 0xB351, 0xA26E, 0xCC33, 0xFDF9, 0xFE19, 0xFDD9, 0xFE9B, 0xFFFF, 0xFFDF, 0xFE5A, 0xFDF9,
 0xFDB8, 0xD454, 0xCC13, 0xFDB7, 0xEE3B, 0x9C3D, 0x6A9E, 0x8BBD, 0xE67D, 0xFF5C, 0xDCF6, 0xE516, 0xF598, 0xFDF9, 0xFDF9, 0xFDD9,
 0xFE7A, 0xFFFF, 0xFFDF, 0xFE9B, 0xFDD8, 0xFDF9, 0xFE19, 0xFDF9, 0xFDF8, 0xF619, 0xB4FD, 0x72DE, 0x72FD, 0xBD5D, 0xFF9E, 0xFEBB,
 0xFDF9, 0xFE19, 0xFDF9, 0xFDF9, 0xFDD9, 0xFEBB, 0xFFFF, 0xFFFF, 0xFEFC, 0xFDB8, 0xFDF9, 0xFE19, 0xFE19, 0xFDF9, 0xFE19, 0xCD9C,
 0x83BE, 0x72BD, 0xA4BD, 0xF75E, 0xFEFC, 0xFDD9, 0xFDD9, 0xFDF9, 0xFDF9, 0xFDD9, 0xFF3D, 0xFFFF, 0xFFFF, 0xFF7E, 0xFDF9, 0xFDD8,
 0xFDF9, 0xFDF9, 0xFE19, 0xFE18, 0xE5BA, 0xA4DE, 0x8C1E, 0xA4DD, 0xEEDD, 0xFF5C, 0xFDD9, 0xFD17, 0xFD98, 0xFDD9, 0xFDF9, 0xFFBE,
 0xFFFF, 0xFFFF, 0xFFFF, 0xFEFC, 0xFDD8, 0xFDD9, 0xFDB8, 0xFD78, 0xFD98, 0xF517, 0xC51B, 0x9D5F, 0xAD1D, 0xEE7C, 0xFFDE, 0xFE19,
 0xF476, 0xFD37, 0xFDD8, 0xFEBB, 0xFFFF, 0xFFFF, 0xFFFF, 0xFFFF, 0xFFDF, 0xFEFC, 0xFDF9, 0xFD98, 0xF4D7, 0xF4D7, 0xFD17, 0xF538,
 0xBD5D, 0xBD3C, 0xF6DC, 0xFFFF, 0xFF1D, 0xFD58, 0xFD78, 0xFEBB, 0xFFDF, 0xFFFF, 0xFFFF, 0xFFFF, 0xFFFF, 0xFFFF, 0xFFFF, 0xFF5D,
 0xFE5A, 0xFD98, 0xFD58, 0xFD98, 0xFDB8, 0xFDB8, 0xFE7B, 0xFFBF, 0xFFFF, 0xFFFF, 0xFF7E, 0xFF5D, 0xFFDF, 0xFFFF, 0xFFFF, 0xFFFF,
 0xFFFF, 0xFFFF, 0xFFFF, 0xFFFF, 0xFFFF, 0xFFDF, 0xFF9E, 0xFF7D, 0xFF3D, 0xFEDB, 0xFF1C, 0xFFDF, 0xFFFF, 0xFFFF, 0xFFFF, 0xFFFF,
 0xFFFF, 0xFFFF, 0xFFFF, 0xFFFF,
};

const unsigned short bomb[] = {
 0xFFFF, 0xFFFF, 0xFFFF, 0xFFFF, 0xFFFF, 0xFFFF, 0xFFFF, 0xFFFF, 0xFFFF, 0xEF5D, 0xC638, 0x9CD3, 0x6B6D, 0x528A, 0x4228, 0x4228,
 0x52AA, 0x6B6D, 0x7BCF, 0x8C71, 0xB596, 0xD6BA, 0xFFDF, 0xFFFF, 0xFFFF, 0xFFFF, 0xFFFF, 0xFFFF, 0xFFFF, 0xFFFF, 0xFFFF, 0xFFFF,
 0xFFFF, 0xFFFF, 0xFFFF, 0xFFFF, 0xFFFF, 0xFFFF, 0xFFFF, 0xDEFB, 0x94B2, 0x52AA, 0x2104, 0x0020, 0x0020, 0x0020, 0x0000, 0x0000,
 0x0020, 0x0020, 0x0020, 0x0020, 0x0861, 0x31A6, 0x7BCF, 0xC638, 0xFFDF, 0xFFFF, 0xFFFF, 0xFFFF, 0xFFFF, 0xFFFF, 0xFFFF, 0xFFFF,
 0xFFFF, 0xFFFF, 0xFFFF, 0xFFFF, 0xFFFF, 0xF7BE, 0xAD55, 0x4208, 0x0841, 0x0000, 0x0000, 0x0000, 0x0000, 0x0000, 0x0000, 0x0000,
 0x0000, 0x0000, 0x0000, 0x0000, 0x0000, 0x0000, 0x0000, 0x2945, 0x8430, 0xE73C, 0xFFFF, 0xFFFF, 0xFFFF, 0xFFFF, 0xFFFF, 0xFFFF,
 0xFFFF, 0xFFFF, 0xFFFF, 0xFFFF, 0xEF7D, 0x8430, 0x18C3, 0x0000, 0x0000, 0x0000, 0x0000, 0x0000, 0x0000, 0x0000, 0x0000, 0x0000,
 0x0000, 0x0000, 0x0000, 0x0000, 0x0000, 0x0000, 0x0000, 0x0000, 0x0841, 0x5AEB, 0xDEDB, 0xFFFF, 0xFFFF, 0xFFFF, 0xFFFF, 0xFFFF,
 0xFFFF, 0xFFFF, 0xFFFF, 0xF79E, 0x7BEF, 0x0861, 0x0000, 0x0000, 0x0000, 0x0000, 0x0000, 0x0000, 0x0000, 0x0000, 0x0000, 0x0000,
 0x0000, 0x0000, 0x0861, 0x18E3, 0x10A2, 0x0020, 0x0000, 0x0000, 0x0000, 0x0000, 0x5ACB, 0xE73C, 0xFFFF, 0xFFFF, 0xFFFF, 0xFFFF,
 0xFFFF, 0xFFFF, 0xFFDF, 0x8C71, 0x1082, 0x0000, 0x0000, 0x0000, 0x0000, 0x0000, 0x0000, 0x0000, 0x0000, 0x0000, 0x0000, 0x0000,
 0x0000, 0x18C3, 0x4A69, 0x630C, 0x5ACB, 0x4208, 0x18C3, 0x0000, 0x0000, 0x0000, 0x0020, 0x7BEF, 0xF79E, 0xFFFF, 0xFFFF, 0xFFFF,
 0xFFFF, 0xFFFF, 0xBDF7, 0x2104, 0x0000, 0x0000, 0x0000, 0x0000, 0x0000, 0x0000, 0x0000, 0x0000, 0x0000, 0x0000, 0x0000, 0x0000,
 0x0000, 0x3186, 0x6B4D, 0x6B6D, 0x6B4D, 0x6B6D, 0x5ACB, 0x2124, 0x0000, 0x0000, 0x0000, 0x10A2, 0x8C71, 0xF7BE, 0xFFFF, 0xFFFF,
 0xFFFF, 0xEF5D, 0x5ACB, 0x0000, 0x0000, 0x0000, 0x0000, 0x0000, 0x0000, 0x0000, 0x0000, 0x0000, 0x0000, 0x0000, 0x0000, 0x0000,
 0x0000, 0x2945, 0x632C, 0x6B4D, 0x630C, 0x632C, 0x6B4D, 0x5AEB, 0x2945, 0x0000, 0x0000, 0x0000, 0x18C3, 0xAD55, 0xFFFF, 0xFFFF,
 0xFFFF, 0xAD75, 0x10A2, 0x0000, 0x0000, 0x0000, 0x0000, 0x0000, 0x0000, 0x0000, 0x0000, 0x0000, 0x0000, 0x0000, 0x0000, 0x0000,
 0x0000, 0x0861, 0x4A69, 0x6B6D, 0x632C, 0x630C, 0x630C, 0x6B6D, 0x5AEB, 0x2104, 0x0000, 0x0000, 0x0000, 0x4228, 0xDEFB, 0xFFFF,
 0xF7BE, 0x6B6D, 0x0000, 0x0000, 0x0000, 0x0000, 0x0000, 0x0000, 0x0000, 0x0000, 0x0000, 0x0000, 0x0000, 0x0000, 0x0000, 0x0000,
 0x0000, 0x0000, 0x18E3, 0x52AA, 0x6B4D, 0x630C, 0x630C, 0x632C, 0x6B6D, 0x4A49, 0x0841, 0x0000, 0x0000, 0x0841, 0x9CF3, 0xFFFF,
 0xDEDB, 0x31A6, 0x0000, 0x0000, 0x0000, 0x0000, 0x0000, 0x0000, 0x0000, 0x0000, 0x0000, 0x0000, 0x0000, 0x0000, 0x0000, 0x0000,
 0x0000, 0x0000, 0x0000, 0x2965, 0x632C, 0x632C, 0x630C, 0x630C, 0x6B4D, 0x630C, 0x2104, 0x0000, 0x0000, 0x0000, 0x630C, 0xF79E,
 0xBDD7, 0x10A2, 0x0000, 0x0000, 0x10A2, 0x2104, 0x0020, 0x0000, 0x0000, 0x0000, 0x0000, 0x0000, 0x0000, 0x0000, 0x0000, 0x0000,
 0x0000, 0x0000, 0x0000, 0x18C3, 0x5ACB, 0x6B4D, 0x630C, 0x630C, 0x632C, 0x6B4D, 0x31A6, 0x0020, 0x0000, 0x0000, 0x39C7, 0xDEDB,
 0x9CD3, 0x0841, 0x0000, 0x0000, 0x10A2, 0x2945, 0x0020, 0x0000, 0x0000, 0x0000, 0x0000, 0x0000, 0x0000, 0x0000, 0x0000, 0x0000,
 0x0000, 0x0000, 0x0000, 0x1082, 0x528A, 0x6B4D, 0x632C, 0x630C, 0x632C, 0x6B4D, 0x4A49, 0x0841, 0x0000, 0x0000, 0x2104, 0xC638,
 0x8C51, 0x0020, 0x0000, 0x0000, 0x0841, 0x0841, 0x0000, 0x0000, 0x0000, 0x0000, 0x0000, 0x0000, 0x0000, 0x0000, 0x0000, 0x0000,
 0x0000, 0x0000, 0x0000, 0x1082, 0x528A, 0x6B4D, 0x632C, 0x630C, 0x630C, 0x6B4D, 0x5ACB, 0x10A2, 0x0000, 0x0000, 0x1082, 0xB5B6,
 0x8C71, 0x0020, 0x0000, 0x0020, 0x31A6, 0x31A6, 0x0020, 0x0000, 0x0000, 0x0000, 0x0000, 0x0000, 0x0000, 0x0000, 0x0000, 0x0000,
 0x0000, 0x0000, 0x0000, 0x18E3, 0x5ACB, 0x6B4D, 0x630C, 0x630C, 0x630C, 0x632C, 0x5AEB, 0x18E3, 0x0000, 0x0000, 0x0841, 0x9CF3,
 0x9CF3, 0x0841, 0x0000, 0x0020, 0x39C7, 0x39E7, 0x0000, 0x0000, 0x0000, 0x0000, 0x0000, 0x0000, 0x0000, 0x0000, 0x0000, 0x0000,
 0x0000, 0x0000, 0x0000, 0x2124, 0x630C, 0x6B4D, 0x630C, 0x630C, 0x630C, 0x632C, 0x5AEB, 0x18E3, 0x0000, 0x0000, 0x0020, 0x8C71,
 0xBDD7, 0x10A2, 0x0000, 0x0000, 0x0841, 0x1082, 0x0841, 0x0000, 0x0000, 0x0000, 0x0000, 0x0000, 0x0000, 0x0000, 0x0000, 0x0000,
 0x0000, 0x0000, 0x0000, 0x39C7, 0x632C, 0x632C, 0x630C, 0x630C, 0x630C, 0x6B4D, 0x5ACB, 0x10A2, 0x0000, 0x0000, 0x0020, 0x9492,
 0xD6BA, 0x31A6, 0x0000, 0x0000, 0x0000, 0x3186, 0x4228, 0x10A2, 0x0000, 0x0000, 0x0000, 0x0000, 0x0000, 0x0000, 0x0000, 0x0000,
 0x0000, 0x0000, 0x18E3, 0x5ACB, 0x6B4D, 0x630C, 0x630C, 0x630C, 0x632C, 0x6B4D, 0x4A49, 0x0841, 0x0000, 0x0000, 0x0861, 0xA534,
 0xF7BE, 0x632C, 0x0000, 0x0000, 0x0841, 0x52AA, 0x73AE, 0x4228, 0x0841, 0x0000, 0x0000, 0x0000, 0x0000, 0x0000, 0x0000, 0x0000,
 0x0000, 0x18E3, 0x52AA, 0x6B4D, 0x632C, 0x630C, 0x630C, 0x630C, 0x632C, 0x632C, 0x2965, 0x0000, 0x0000, 0x0000, 0x2104, 0xC638,
 0xFFFF, 0xAD55, 0x1082, 0x0000, 0x0020, 0x4228, 0x738E, 0x630C, 0x2104, 0x0000, 0x0000, 0x0000, 0x0000, 0x0000, 0x0000, 0x0000,
 0x18E3, 0x52AA, 0x6B6D, 0x632C, 0x630C, 0x630C, 0x630C, 0x630C, 0x6B4D, 0x528A, 0x1082, 0x0000, 0x0000, 0x0000, 0x528A, 0xEF5D,
 0xFFFF, 0xE73C, 0x5ACB, 0x0000, 0x0000, 0x2124, 0x632C, 0x6B6D, 0x4208, 0x0841, 0x0000, 0x0000, 0x0000, 0x0000, 0x0000, 0x2104,
 0x5ACB, 0x6B4D, 0x632C, 0x630C, 0x630C, 0x630C, 0x630C, 0x632C, 0x6B4D, 0x3186, 0x0000, 0x0000, 0x0000, 0x0841, 0x94B2, 0xFFFF,
 0xFFFF, 0xFFFF, 0xC618, 0x2945, 0x0000, 0x0020, 0x39E7, 0x738E, 0x5AEB, 0x18C3, 0x0000, 0x0000, 0x0000, 0x0000, 0x0861, 0x4A69,
 0x738E, 0x632C, 0x630C, 0x630C, 0x630C, 0x630C, 0x632C, 0x6B6D, 0x4228, 0x0861, 0x0000, 0x0000, 0x0000, 0x528A, 0xE71C, 0xFFFF,
 0xFFFF, 0xFFFF, 0xFFDF, 0x9492, 0x0861, 0x0000, 0x0861, 0x3186, 0x3186, 0x0861, 0x0000, 0x0000, 0x0000, 0x0000, 0x0861, 0x528A,
 0x738E, 0x632C, 0x632C, 0x632C, 0x632C, 0x6B4D, 0x6B4D, 0x4A49, 0x1082, 0x0000, 0x0000, 0x0000, 0x2965, 0xC618, 0xFFFF, 0xFFFF,
 0xFFFF, 0xFFFF, 0xFFFF, 0xEF5D, 0x632C, 0x0000, 0x0000, 0x0000, 0x0000, 0x0000, 0x0000, 0x0000, 0x0000, 0x0000, 0x0000, 0x2945,
 0x5ACB, 0x632C, 0x6B4D, 0x6B4D, 0x632C, 0x52AA, 0x31A6, 0x0861, 0x0000, 0x0000, 0x0000, 0x2965, 0xB596, 0xFFFF, 0xFFFF, 0xFFFF,
 0xFFFF, 0xFFFF, 0xFFFF, 0xFFFF, 0xD6BA, 0x4228, 0x0000, 0x0000, 0x0000, 0x0000, 0x0000, 0x0000, 0x0000, 0x0000, 0x0000, 0x0000,
 0x1082, 0x2965, 0x4208, 0x4228, 0x2965, 0x0861, 0x0000, 0x0000, 0x0000, 0x0020, 0x4208, 0xBDD7, 0xFFFF, 0xFFFF, 0xFFFF, 0xFFFF,
 0xFFFF, 0xFFFF, 0xFFFF, 0xFFFF, 0xFFFF, 0xC638, 0x4208, 0x0000, 0x0000, 0x0000, 0x0000, 0x0000, 0x0000, 0x0000, 0x0000, 0x0000,
 0x0000, 0x0000, 0x0020, 0x0000, 0x0000, 0x0000, 0x0000, 0x0020, 0x2124, 0x738E, 0xD6BA, 0xFFFF, 0xFFFF, 0xFFFF, 0xFFFF, 0xFFFF,
 0xFFFF, 0xFFFF, 0xFFFF, 0xFFFF, 0xFFFF, 0xFFFF, 0xD69A, 0x6B4D, 0x18C3, 0x0020, 0x0000, 0x0000, 0x0000, 0x0000, 0x0000, 0x0000,
 0x0000, 0x0000, 0x0000, 0x0000, 0x1082, 0x3186, 0x528A, 0x8410, 0xC618, 0xF7BE, 0xFFFF, 0xFFFF, 0xFFFF, 0xFFFF, 0xFFFF, 0xFFFF,
 0xFFFF, 0xFFFF, 0xFFFF, 0xFFFF, 0xFFFF, 0xFFFF, 0xFFFF, 0xF79E, 0xAD75, 0x738E, 0x31A6, 0x0841, 0x0000, 0x0000, 0x0000, 0x0000,
 0x0000, 0x0000, 0x0000, 0x2965, 0x9CD3, 0xCE79, 0xEF5D, 0xFFFF, 0xFFFF, 0xFFFF, 0xFFFF, 0xFFFF, 0xFFFF, 0xFFFF, 0xFFFF, 0xFFFF,
 0xFFFF, 0xFFFF, 0xFFFF, 0xFFFF, 0xFFFF, 0xFFFF, 0xFFFF, 0xFFFF, 0xFFFF, 0xFFFF, 0xBDD7, 0x2965, 0x0000, 0x0000, 0x0000, 0x0000,
 0x0000, 0x0000, 0x0000, 0x5ACB, 0xEF5D, 0xFFFF, 0xFFFF, 0xFFFF, 0xFFFF, 0xFFFF, 0xFFFF, 0xFFFF, 0xFFFF, 0xFFFF, 0xFFFF, 0xFFFF,
 0xFFFF, 0xFFFF, 0xFFFF, 0xFFFF, 0xFFFF, 0xFFFF, 0xFFFF, 0xFFFF, 0xFFFF, 0xFFFF, 0xD6BA, 0x31A6, 0x0000, 0x0000, 0x0000, 0x0000,
 0x0000, 0x0000, 0x0000, 0x52AA, 0xE73C, 0xFFFF, 0xFFFF, 0xFFFF, 0xFFFF, 0xFFFF, 0xFFFF, 0xFFFF, 0xFFFF, 0xFFFF, 0xFFFF, 0xFFFF,
 0xFFFF, 0xFFFF, 0xFFFF, 0xFFFF, 0xFFFF, 0xFFFF, 0xFFFF, 0xFFFF, 0xFFFF, 0xFFFF, 0xC638, 0x2124, 0x0000, 0x0000, 0x0000, 0x0000,
 0x0000, 0x0000, 0x0000, 0x52AA, 0xE73C, 0xFFFF, 0xFFFF, 0xFFFF, 0xFFFF, 0xFFFF, 0xFFFF, 0xFFFF, 0xFFFF, 0xFFFF, 0xFFFF, 0xFFFF,
 0xFFFF, 0xFFFF, 0xFFFF, 0xFFFF, 0xFFFF, 0xFFFF, 0xFFFF, 0xFFFF, 0xFFFF, 0xFFFF, 0xB596, 0x0861, 0x0000, 0x0000, 0x0000, 0x0000,
 0x0000, 0x0000, 0x0000, 0x528A, 0xE71C, 0xFFFF, 0xFFFF, 0xFFFF, 0xFFFF, 0xFFFF, 0xFFFF, 0xFFFF, 0xFFFF, 0xFFFF, 0xFFFF, 0xFFFF,
 0xFFFF, 0xFFFF, 0xFFFF, 0xFFFF, 0xFFFF, 0xFFFF, 0xFFFF, 0xFFFF, 0xFFFF, 0xFFFF, 0xC618, 0x3186, 0x0841, 0x0000, 0x0000, 0x0000,
 0x0000, 0x0000, 0x0000, 0x52AA, 0xE73C, 0xFFFF, 0xFFFF, 0xFFFF, 0xFFFF, 0xFFFF, 0xFFFF, 0xFFFF, 0xFFFF, 0xFFFF, 0xFFFF, 0xFFFF,
 0xFFFF, 0xFFFF, 0xFFFF, 0xFFFF, 0xFFFF, 0xFFFF, 0xFFFF, 0xFFFF, 0xFFFF, 0xFFFF, 0xF79E, 0xBDF7, 0x8C71, 0x630C, 0x2104, 0x0861,
 0x2124, 0x2124, 0x3186, 0x9CD2, 0xF7BE, 0xFFFF, 0xFFFF, 0xFFFF, 0xFFFF, 0xFFFF, 0xFFFF, 0xFFFF, 0xFFFF, 0xFFFF, 0xFFFF, 0xFFFF,
 0xFFFF, 0xFFFF, 0xFFFF, 0xFFFF, 0xFFFF, 0xFFFF, 0xFFFF, 0xF7BF, 0xE71F, 0xF79F, 0xFFFF, 0xFFFF, 0xFFFF, 0xDEDA, 0x5ACB, 0x6B4D,
 0xC618, 0xC618, 0xCE79, 0xF7BE, 0xFFFF, 0xFFFF, 0xFFFF, 0xFFFF, 0xFFFF, 0xFFFF, 0xFFFF, 0xFFFF, 0xFFFF, 0xFFFF, 0xFFFF, 0xFFFF,
 0xFFFF, 0xFFFF, 0xFFFF, 0xFFFF, 0xFFFF, 0xFFFF, 0xFFFF, 0xD69E, 0x7BDC, 0xA55D, 0xFFDF, 0xFFFF, 0xFFFF, 0xDEFA, 0x52C9, 0x9CD2,
 0xFFFF, 0xFFFF, 0xFFFF, 0xFFDF, 0xE71F, 0xEF7F, 0xFFFF, 0xFFFF, 0xFFFF, 0xFFFF, 0xFFFF, 0xFFFF, 0xFFFF, 0xFFFF, 0xFFFF, 0xFFFF,
 0xFFFF, 0xFFFF, 0xFFFF, 0xFFFF, 0xFFFF, 0xFFFF, 0xEF7F, 0x8C7D, 0x421B, 0x8C5D, 0xFFDF, 0xF79F, 0xBDDE, 0x9CFB, 0x5AAB, 0x41E6,
 0x9CD3, 0xEF5D, 0xFFFF, 0xCE7E, 0x7BFC, 0xBE1E, 0xFFFF, 0xFFFF, 0xFFFF, 0xFFFF, 0xFFFF, 0xFFFF, 0xFFFF, 0xFFFF, 0xFFFF, 0xFFFF,
 0xFFFF, 0xFFFF, 0xFFFF, 0xFFFF, 0xFFFF, 0xFFFF, 0xEF7F, 0x9CFD, 0x841C, 0xC63E, 0xFFFF, 0xF79F, 0x7BDD, 0x39FC, 0x5B58, 0x5350,
 0x3A07, 0x8C30, 0xF79E, 0xDEFF, 0xAD7E, 0xDEFF, 0xFFFF, 0xFFFF, 0xFFFF, 0xFFFF, 0xFFFF, 0xFFFF, 0xFFFF, 0xFFFF, 0xFFFF, 0xFFFF,
 0xFFFF, 0xFFFF, 0xFFFF, 0xFFFF, 0xFFFF, 0xFFFF, 0xFFFF, 0xF7BF, 0xEF7F, 0xEF7F, 0xD69E, 0xBDDE, 0x6B5C, 0x2A5C, 0x4CFF, 0x86BF,
 0x534D, 0x4A07, 0xAD5A, 0xB5DF, 0xCE5E, 0xFFDF, 0xFFFF, 0xFFFF, 0xFFFF, 0xFFFF, 0xFFFF, 0xFFFF, 0xFFFF, 0xFFFF, 0xFFFF, 0xFFFF,
 0xFFFF, 0xFFFF, 0xFFFF, 0xFFFF, 0xFFFF, 0xFFFF, 0xFFFF, 0xFFFF, 0xFFFF, 0xE73F, 0x6B7C, 0x31DB, 0x42FC, 0x551F, 0x65BC, 0x436F,
 0x2986, 0x4370, 0x4C3C, 0x31FC, 0x7BDC, 0xEF7F, 0xFFFF, 0xFFFF, 0xFFFF, 0xFFFF, 0xFFFF, 0xFFFF, 0xFFFF, 0xFFFF, 0xFFFF, 0xFFFF,
 0xFFFF, 0xFFFF, 0xFFFF, 0xFFFF, 0xFFFF, 0xFFFF, 0xFFFF, 0xFFFF, 0xFFFF, 0xF7BF, 0xAD5D, 0x529B, 0x3B3D, 0x55FF, 0x65BA, 0x328C,
 0x330F, 0x4D7D, 0x3BBE, 0x52BB, 0xC61E, 0xFFFF, 0xFFFF, 0xFFFF, 0xFFFF, 0xFFFF, 0xFFFF, 0xFFFF, 0xFFFF, 0xFFFF, 0xFFFF, 0xFFFF,
 0xFFFF, 0xFFFF, 0xFFFF, 0xFFFF, 0xFFFF, 0xFFFF, 0xFFFF, 0xFFFF, 0xFFFF, 0xFFFF, 0xFFFF, 0xC5DE, 0x533C, 0x44FE, 0x4D5E, 0x4D3C,
 0x5E9F, 0x4D5F, 0x533C, 0xAD3D, 0xCE7E, 0xE71F, 0xFFFF, 0xFFFF, 0xFFFF, 0xFFFF, 0xFFFF, 0xFFFF, 0xFFFF, 0xFFFF, 0xFFFF, 0xFFFF,
 0xFFFF, 0xFFFF, 0xFFFF, 0xFFFF, 0xFFFF, 0xFFFF, 0xFFFF, 0xFFFF, 0xFFFF, 0xFFFF, 0xFFFF, 0xC61E, 0x42BC, 0x32FC, 0x42FD, 0x437E,
 0x44DE, 0x3C3D, 0x4B1C, 0xB57D, 0x94BD, 0x73DC, 0xD6BE, 0xFFFF, 0xFFFF, 0xFFFF, 0xFFFF, 0xFFFF, 0xFFFF, 0xFFFF, 0xFFFF, 0xFFFF,
 0xFFFF, 0xFFFF, 0xFFFF, 0xFFFF, 0xFFFF, 0xFFFF, 0xFFFF, 0xE73F, 0xA53D, 0xB5BE, 0xF7BF, 0x94BD, 0x29BB, 0x6B9C, 0xB55D, 0x9CBD,
 0x6B9C, 0x4B1C, 0x31FB, 0x8C7D, 0xCE7E, 0x8C7D, 0xBDDE, 0xFFDF, 0xFFFF, 0xFFFF, 0xFFFF, 0xFFFF, 0xFFFF, 0xFFFF, 0xFFFF, 0xFFFF,
 0xFFFF, 0xFFFF, 0xFFFF, 0xFFFF, 0xFFFF, 0xFFFF, 0xFFDF, 0xAD9D, 0x631C, 0xAD7E, 0xF79F, 0xAD5D, 0x949D, 0xE71F, 0xFFFF, 0xFFBF,
 0xEF3F, 0xCE5E, 0x9CFD, 0xB5BE, 0xFFDF, 0xF79F, 0xF79F, 0xFFFF, 0xFFFF, 0xFFFF, 0xFFFF, 0xFFFF, 0xFFFF, 0xFFFF, 0xFFFF, 0xFFFF,
 0xFFFF, 0xFFFF, 0xFFFF, 0xFFFF, 0xFFFF, 0xFFFF, 0xFFDF, 0xDEFF, 0xD6BE, 0xF7BF, 0xFFFF, 0xF79F, 0xF7BF, 0xFFFF, 0xF79F, 0xD6BE,
 0xEF5F, 0xFFDF, 0xFFDF, 0xFFDF, 0xFFFF, 0xFFFF, 0xFFFF, 0xFFFF, 0xFFFF, 0xFFFF, 0xFFFF, 0xFFFF, 0xFFFF, 0xFFFF, 0xFFFF, 0xFFFF,
 0xFFFF, 0xFFFF, 0xFFFF, 0xFFFF, 0xFFFF, 0xFFFF, 0xFFFF, 0xFFFF, 0xFFFF, 0xFFFF, 0xFFFF, 0xFFFF, 0xFFFF, 0xFFFF, 0xBDFE, 0x7C1C,
 0xA53D, 0xA51D, 0xD6BE, 0xFFFF, 0xFFFF, 0xFFFF, 0xFFFF, 0xFFFF, 0xFFFF, 0xFFFF, 0xFFFF, 0xFFFF, 0xFFFF, 0xFFFF, 0xFFFF, 0xFFFF,
 0xFFFF, 0xFFFF, 0xFFFF, 0xFFFF, 0xFFFF, 0xFFFF, 0xFFFF, 0xFFFF, 0xFFFF, 0xFFFF, 0xFFFF, 0xFFFF, 0xFFFF, 0xFFFF, 0xBDFE, 0x94BD,
 0xC63E, 0xB59D, 0xD69E, 0xFFFF, 0xFFFF, 0xFFFF, 0xFFFF, 0xFFFF, 0xFFFF, 0xFFFF, 0xFFFF, 0xFFFF, 0xFFFF, 0xFFFF, 0xFFFF, 0xFFFF,

};

const unsigned short boom[] = {
 0xFFFF, 0xFFFF, 0xFFFF, 0xFFFF, 0xFFFF, 0xFFFF, 0xFFFF, 0xFFFF, 0xFFFF, 0xFFFF, 0xFFFF, 0xFFFF, 0xFFFF, 0xFFFF, 0xFFFF, 0xFFFF,
 0xFFFF, 0xFFFF, 0xFFFF, 0xFFFF, 0xFFFF, 0xFFFF, 0xFFFF, 0xFFFF, 0xFFFF, 0xFFFF, 0xFFFF, 0xFFFF, 0xB57E, 0x7BFC, 0xE71F, 0xFFFF,
 0xFFFF, 0xFFFF, 0xFFFF, 0xFFFF, 0xFFFF, 0xFFFF, 0xFFFF, 0xFFFF, 0xFFFF, 0xFFFF, 0xFFFF, 0xFFFF, 0xFFFF, 0xFFFF, 0xFFFF, 0xFFFF,
 0xFFFF, 0xFFFF, 0xFFFF, 0xFFFF, 0xFFFF, 0xFFFF, 0xFFFF, 0xFFFF, 0xFFFF, 0xFFFF, 0xFFFF, 0xFFFF, 0xFFFF, 0xFFFF, 0xFFFF, 0xFFFF,
 0xFFFF, 0xFFFF, 0xFFFF, 0xFFFF, 0xFFFF, 0xFFFF, 0xFFFF, 0xFFFF, 0xFFFF, 0xFFFF, 0xFFFF, 0xFFFF, 0xFFFF, 0xFFFF, 0xFFFF, 0xFFFF,
 0xFFFF, 0xFFFF, 0xFFFF, 0xFFFF, 0xFFFF, 0xFFFF, 0xFFFF, 0xFFFF, 0xFFFF, 0xFFFF, 0xFFFF, 0xFFFF, 0xFFFF, 0xFFFF, 0xFFFF, 0xFFFF,
 0xDEDE, 0x423B, 0x18FA, 0x739C, 0xF7BF, 0xFFFF, 0xFFFF, 0xFFFF, 0xF7BF, 0xFFDF, 0xFFFF, 0xFFFF, 0xFFFF, 0xFFFF, 0xFFFF, 0xFFFF,
 0xFFFF, 0xFFFF, 0xFFFF, 0xFFFF, 0xFFFF, 0xFFFF, 0xFFFF, 0xFFFF, 0xFFFF, 0xFFFF, 0xFFFF, 0xFFFF, 0xFFFF, 0xFFFF, 0xFFFF, 0xFFFF,
 0xFFFF, 0xFFFF, 0xFFFF, 0xFFFF, 0xFFFF, 0xFFFF, 0xFFFF, 0xFFFF, 0xFFFF, 0xFFFF, 0xFFFF, 0xFFFF, 0xFFFF, 0xFFFF, 0xFFFF, 0xFFFF,
 0xFFFF, 0xFFFF, 0xFFFF, 0xFFFF, 0xFFFF, 0xFFFF, 0xFFFF, 0xFFFF, 0xFFFF, 0xFFFF, 0xFFFF, 0xFFFF, 0xFFFF, 0xFFFF, 0xFFFF, 0xFFFF,
 0xFFFF, 0xFFFF, 0xFFFF, 0xFFFF, 0xFFFF, 0x8C3C, 0x31FB, 0x43FD, 0x31FB, 0x9CBD, 0xF7BF, 0xCE7E, 0x947D, 0x739C, 0x73BC, 0xDEDE,
 0xFFFF, 0xFFFF, 0xFFFF, 0xFFFF, 0xFFFF, 0xFFFF, 0xFFFF, 0xFFFF, 0xFFFF, 0xFFFF, 0xFFFF, 0xFFFF, 0xFFFF, 0xFFFF, 0xFFFF, 0xFFFF,
 0xFFFF, 0xFFFF, 0xFFFF, 0xFFFF, 0xFFFF, 0xFFFF, 0xFFFF, 0xFFFF, 0xFFFF, 0xFFFF, 0xFFFF, 0xFFFF, 0xFFFF, 0xFFFF, 0xFFFF, 0xFFFF,
 0xFFFF, 0xFFFF, 0xFFFF, 0xFFFF, 0xFFFF, 0xFFFF, 0xFFFF, 0xFFFF, 0xFFFF, 0xFFFF, 0xFFFF, 0xFFFF, 0xFFFF, 0xFFFF, 0xFFFF, 0xFFFF,
 0xFFFF, 0xFFFF, 0xFFFF, 0xFFFF, 0xFFFF, 0xF7BF, 0xF79F, 0xFFFF, 0xFFFF, 0xBDFE, 0x39BB, 0x3AFC, 0x563F, 0x443D, 0x421B, 0x6B3C,
 0x4A5B, 0x31DB, 0x213A, 0x39DB, 0xD6BE, 0xFFFF, 0xFFFF, 0xFFFF, 0xFFFF, 0xFFFF, 0xFFFF, 0xFFFF, 0xFFFF, 0xFFFF, 0xFFFF, 0xFFFF,
 0xFFFF, 0xFFFF, 0xFFFF, 0xFFFF, 0xFFFF, 0xFFFF, 0xFFFF, 0xFFFF, 0xFFFF, 0xFFFF, 0xFFFF, 0xFFFF, 0xFFFF, 0xFFFF, 0xFFFF, 0xFFFF,
 0xFFFF, 0xFFFF, 0xFFFF, 0xFFFF, 0xFFFF, 0xFFFF, 0xFFFF, 0xFFFF, 0xFFFF, 0xFFFF, 0xFFFF, 0xFFFF, 0xFFFF, 0xFFFF, 0xFFFF, 0xFFFF,
 0xFFFF, 0xFFFF, 0xFFFF, 0xFFFF, 0xFFFF, 0xFFFF, 0xFFFF, 0xFFFF, 0xFFFF, 0xE73F, 0x6B5C, 0x5AFC, 0x843C, 0x947D, 0x527B, 0x315A,
 0x4BFD, 0x565F, 0x55FF, 0x437D, 0x329C, 0x445E, 0x437D, 0x297A, 0x9CDD, 0xFFFF, 0xFFFF, 0xFFFF, 0xFFFF, 0xFFFF, 0xFFFF, 0xFFFF,
 0xFFFF, 0xFFFF, 0xFFFF, 0xFFFF, 0xFFFF, 0xFFFF, 0xFFFF, 0xFFFF, 0xFFFF, 0xFFFF, 0xFFFF, 0xFFFF, 0xFFFF, 0xFFFF, 0xFFFF, 0xFFFF,
 0xFFFF, 0xFFFF, 0xFFFF, 0xFFFF, 0xFFFF, 0xFFFF, 0xFFFF, 0xFFFF, 0xFFFF, 0xFFFF, 0xFFFF, 0xFFFF, 0xFFFF, 0xFFFF, 0xFFFF, 0xFFFF,
 0xFFFF, 0xFFFF, 0xFFFF, 0xFFFF, 0xFFFF, 0xF7BF, 0xFFFF, 0xFFFF, 0xFFFF, 0xFFFF, 0xFFFF, 0xFFFF, 0xFFFF, 0xFFFF, 0xE73F, 0x529B,
 0x18FA, 0x31FB, 0x3ABC, 0x3A3B, 0x42BC, 0x551E, 0x55FF, 0x55DF, 0x55FF, 0x561F, 0x4CDE, 0x29BB, 0x5ABB, 0xEF5F, 0xFFFF, 0xFFFF,
 0xFFFF, 0xFFFF, 0xFFFF, 0xFFFF, 0xFFFF, 0xF7BF, 0xF79F, 0xFFFF, 0xFFFF, 0xFFFF, 0xFFFF, 0xFFFF, 0xFFFF, 0xFFFF, 0xFFFF, 0xFFFF,
 0xFFFF, 0xFFFF, 0xFFFF, 0xFFFF, 0xFFFF, 0xFFFF, 0xFFFF, 0xFFFF, 0xFFFF, 0xFFFF, 0xFFFF, 0xFFFF, 0xFFFF, 0xFFFF, 0xFFFF, 0xFFFF,
 0xFFFF, 0xFFFF, 0xFFFF, 0xFFFF, 0xFFFF, 0xFFFF, 0xFFFF, 0xFFFF, 0xFFFF, 0xCE5E, 0x739C, 0x949D, 0xD6BE, 0xF7BF, 0xFFFF, 0xFFFF,
 0xFFFF, 0xFFFF, 0xFFFF, 0xFFFF, 0xCE5E, 0x5ADB, 0x29BB, 0x3B7D, 0x4CFE, 0x55BF, 0x563F, 0x55FF, 0x561F, 0x5E5F, 0x4CDE, 0x31BB,
 0x39BA, 0xBDFE, 0xFFFF, 0xFFFF, 0xFFFF, 0xFFFF, 0xFFFF, 0xFFFF, 0xF7BF, 0xC65E, 0x73DC, 0x7BDC, 0xEF5F, 0xFFFF, 0xFFFF, 0xFFFF,
 0xFFFF, 0xFFFF, 0xFFFF, 0xFFFF, 0xFFFF, 0xFFFF, 0xFFFF, 0xFFFF, 0xFFFF, 0xFFFF, 0xFFFF, 0xFFFF, 0xFFFF, 0xFFFF, 0xFFFF, 0xFFFF,
 0xFFFF, 0xFFFF, 0xFFFF, 0xFFFF, 0xFFFF, 0xFFFF, 0xFFFF, 0xFFFF, 0xFFFF, 0xFFFF, 0xFFFF, 0xFFFF, 0xFFFF, 0xFFDF, 0x843D, 0x18FA,
 0x299B, 0x4A5B, 0x7BFC, 0xB59E, 0xDEFF, 0xFFFF, 0xFFFF, 0xFFFF, 0xFFFF, 0xFFFF, 0xE73F, 0x841C, 0x319A, 0x2A5B, 0x443D, 0x557F,
 0x55FF, 0x55DF, 0x4C7E, 0x29DB, 0x319A, 0xAD7D, 0xFFFF, 0xFFFF, 0xFFFF, 0xFFFF, 0xFFFF, 0xFFFF, 0xD69E, 0x7BFC, 0x39FB, 0x18FA,
 0x52BB, 0xE73F, 0xFFFF, 0xFFFF, 0xFFFF, 0xFFFF, 0xFFFF, 0xFFFF, 0xFFFF, 0xFFFF, 0xFFFF, 0xFFFF, 0xFFFF, 0xFFFF, 0xFFFF, 0xFFFF,
 0xFFFF, 0xFFFF, 0xFFFF, 0xFFFF, 0xFFFF, 0xFFFF, 0xFFFF, 0xFFFF, 0xFFFF, 0xFFFF, 0xFFFF, 0xFFFF, 0xFFFF, 0xFFFF, 0xFFFF, 0xFFFF,
 0xFFFF, 0xFFFF, 0xFFDF, 0x8C7D, 0x297A, 0x39FB, 0x319B, 0x297A, 0x31BB, 0x529B, 0x843D, 0xC61E, 0xEF5F, 0xFFFF, 0xFFFF, 0xFFFF,
 0xFFFF, 0xBDDE, 0x62FB, 0x39BA, 0x321B, 0x32BC, 0x327C, 0x297A, 0x4A3B, 0xAD7D, 0xFFFF, 0xFFFF, 0xFFFF, 0xFFFF, 0xFFFF, 0xF79F,
 0x9CFD, 0x425B, 0x295A, 0x319B, 0x299A, 0x739C, 0xF7BF, 0xFFFF, 0xFFFF, 0xFFFF, 0xFFFF, 0xFFFF, 0xFFFF, 0xFFFF, 0xFFFF, 0xFFFF,
 0xFFFF, 0xFFFF, 0xFFFF, 0xFFFF, 0xFFFF, 0xFFFF, 0xFFFF, 0xFFFF, 0xFFFF, 0xFFFF, 0xFFFF, 0xFFFF, 0xFFFF, 0xFFFF, 0xFFFF, 0xFFFF,
 0xFFFF, 0xFFFF, 0xFFFF, 0xFFFF, 0xFFFF, 0xFFFF, 0xFFFF, 0xFFFF, 0x9CDD, 0x297B, 0x39FB, 0x39FB, 0x39BA, 0x319A, 0x297A, 0x297B,
 0x421B, 0x5AFC, 0x7BDC, 0xAD5D, 0xDEFF, 0xFFFF, 0xFFFF, 0xF79F, 0xCE5E, 0x949D, 0x7BBC, 0x735C, 0x949D, 0xDEDF, 0xFFFF, 0xFFFF,
 0xFFFF, 0xFFFF, 0xFFFF, 0xCE7E, 0x739C, 0x319A, 0x295A, 0x3A1B, 0x3A3B, 0x297A, 0x7BDC, 0xFFDF, 0xFFFF, 0xFFFF, 0xFFFF, 0xFFFF,
 0xFFFF, 0xFFFF, 0xFFFF, 0xFFFF, 0xFFFF, 0xFFFF, 0xFFFF, 0xFFFF, 0xFFFF, 0xFFFF, 0xFFFF, 0xFFFF, 0xFFFF, 0xFFFF, 0xFFFF, 0xFFFF,
 0xFFFF, 0xFFFF, 0xFFFF, 0xFFFF, 0xFFFF, 0xFFFF, 0xFFFF, 0xFFFF, 0xFFFF, 0xFFFF, 0xFFFF, 0xFFFF, 0xFFFF, 0xAD5D, 0x317A, 0x3A7B,
 0x4C5E, 0x439D, 0x3A3B, 0x39DB, 0x39BA, 0x319A, 0x317A, 0x299A, 0x31BB, 0x4A9B, 0x843C, 0xBDDE, 0xEF5F, 0xFFFF, 0xFFFF, 0xFFFF,
 0xFFDF, 0xFFFF, 0xFFFF, 0xFFFF, 0xFFFF, 0xFFFF, 0xEF7F, 0x94BD, 0x423B, 0x295A, 0x319A, 0x42FC, 0x4CFE, 0x433C, 0x295A, 0x841C,
 0xFFFF, 0xFFFF, 0xFFFF, 0xFFFF, 0xFFFF, 0xFFFF, 0xFFFF, 0xFFFF, 0xFFFF, 0xFFFF, 0xFFFF, 0xFFFF, 0xFFFF, 0xFFFF, 0xFFFF, 0xFFFF,
 0xFFFF, 0xFFFF, 0xFFFF, 0xFFFF, 0xFFFF, 0xFFFF, 0xFFFF, 0xFFFF, 0xFFFF, 0xFFFF, 0xFFFF, 0xFFFF, 0xFFFF, 0xFFFF, 0xFFFF, 0xFFFF,
 0xFFFF, 0xFFFF, 0xBDFE, 0x319A, 0x3A3B, 0x557F, 0x563F, 0x4D3F, 0x43FD, 0x42DC, 0x3A3B, 0x39DB, 0x39BA, 0x319B, 0x319B, 0x319B,
 0x39DB, 0x4A7B, 0x739C, 0xA53D, 0xDEFF, 0xFFDF, 0xFFFF, 0xFFFF, 0xFFFF, 0xFFDF, 0xC63E, 0x633C, 0x297A, 0x315A, 0x3A1B, 0x4BDD,
 0x55BF, 0x563F, 0x437D, 0x293A, 0x73BC, 0xF7BF, 0xFFFF, 0xFFFF, 0xFFFF, 0xFFFF, 0xFFFF, 0xFFFF, 0xFFFF, 0xFFFF, 0xFFFF, 0xFFFF,
 0xFFFF, 0xFFFF, 0xFFFF, 0xFFFF, 0xFFFF, 0xFFFF, 0xFFFF, 0xFFFF, 0xFFFF, 0xFFFF, 0xFFFF, 0xFFFF, 0xFFFF, 0xFFFF, 0xFFFF, 0xFFFF,
 0xFFFF, 0xFFFF, 0xFFFF, 0xFFFF, 0xFFFF, 0xFFFF, 0xFFFF, 0xD69E, 0x41FB, 0x31BB, 0x4CDE, 0x561F, 0x669F, 0x669F, 0x55BF, 0x4CFE,
 0x43FD, 0x42FC, 0x3A3B, 0x39BB, 0x399A, 0x31BB, 0x31BB, 0x299B, 0x319A, 0x425B, 0x7BDC, 0xBDFE, 0xEF5F, 0xE71F, 0x8C7D, 0x39FB,
 0x293A, 0x39BB, 0x435C, 0x4D1E, 0x561F, 0x561F, 0x561F, 0x4BFD, 0x295A, 0x5AFC, 0xE73F, 0xFFFF, 0xFFFF, 0xFFFF, 0xFFFF, 0xFFFF,
 0xFFFF, 0xFFFF, 0xFFFF, 0xFFFF, 0xFFFF, 0xFFFF, 0xFFFF, 0xFFFF, 0xFFFF, 0xFFFF, 0xFFFF, 0xFFFF, 0xFFFF, 0xFFFF, 0xFFFF, 0xFFFF,
 0xFFFF, 0xFFFF, 0xFFFF, 0xFFFF, 0xFFFF, 0xFFFF, 0xFFFF, 0xFFFF, 0xFFFF, 0xFFFF, 0xFFFF, 0xFFFF, 0xE71F, 0x529B, 0x295A, 0x4C3D,
 0x561F, 0x7EFF, 0x8F5F, 0x76FF, 0x669F, 0x5E3F, 0x55BF, 0x4CDE, 0x43BD, 0x429C, 0x39DB, 0x399A, 0x39BB, 0x39DB, 0x31BB, 0x297A,
 0x39DB, 0x6B5C, 0x5AFC, 0x297A, 0x315A, 0x3A5B, 0x4C5E, 0x55DF, 0x561F, 0x55DF, 0x55DF, 0x561F, 0x4C9E, 0x319B, 0x423B, 0xD69E,
 0xFFFF, 0xFFFF, 0xFFFF, 0xFFFF, 0xFFFF, 0xFFFF, 0xFFFF, 0xFFFF, 0xFFFF, 0xFFFF, 0xFFFF, 0xFFFF, 0xFFFF, 0xFFFF, 0xFFFF, 0xFFFF,
 0xFFFF, 0xFFFF, 0xFFFF, 0xFFFF, 0xFFFF, 0xFFFF, 0xFFFF, 0xFFFF, 0xFFFF, 0xFFFF, 0xFFFF, 0xFFFF, 0xFFFF, 0xFFFF, 0xFFFF, 0xFFFF,
 0xFFFF, 0xEF7F, 0x635C, 0x293A, 0x43BD, 0x55FF, 0x76DF, 0x8F7F, 0x8F5F, 0x875F, 0x7EFF, 0x6E9F, 0x5E3F, 0x55FF, 0x4D7F, 0x4C9E,
 0x437D, 0x3A5B, 0x39BB, 0x39BA, 0x39DB, 0x31DB, 0x297B, 0x297A, 0x39DB, 0x437D, 0x555F, 0x561F, 0x55FF, 0x55DF, 0x55DF, 0x55DF,
 0x561F, 0x551F, 0x39FB, 0x39BB, 0xAD7E, 0xF7BF, 0xF7BF, 0xFFDF, 0xFFFF, 0xFFFF, 0xFFFF, 0xFFFF, 0xFFFF, 0xFFFF, 0xFFFF, 0xFFFF,
 0xFFFF, 0xFFFF, 0xFFFF, 0xFFFF, 0xFFFF, 0xFFFF, 0xFFFF, 0xFFFF, 0xFFFF, 0xFFFF, 0xFFFF, 0xFFFF, 0xFFFF, 0xFFFF, 0xFFFF, 0xFFFF,
 0xFFFF, 0xFFFF, 0xFFFF, 0xFFFF, 0xFFFF, 0xFFFF, 0xF7BF, 0x7BFC, 0x293A, 0x433C, 0x55DF, 0x6EBF, 0x8F5F, 0x875F, 0x8F7F, 0x8F7F,
 0x8F5F, 0x7EFF, 0x6E7F, 0x5E3F, 0x55FF, 0x55DF, 0x555F, 0x4C3D, 0x42BC, 0x39DB, 0x39BB, 0x39BA, 0x3A1B, 0x4C7E, 0x55FF, 0x561F,
 0x55DF, 0x55DF, 0x55DF, 0x55DF, 0x55DF, 0x55FF, 0x557F, 0x3A5B, 0x399A, 0x4A7B, 0x6B3C, 0x6B7C, 0x73BC, 0x7BFC, 0x843D, 0x8C5D,
 0x8C5D, 0x8C7D, 0x8C7D, 0x949D, 0x94BD, 0x9CDD, 0x9CFD, 0x9CDD, 0xA51D, 0xB5BE, 0xC61E, 0xD69E, 0xD69E, 0xEF5F, 0xFFFF, 0xFFFF,
 0xFFFF, 0xFFFF, 0xFFFF, 0xFFFF, 0xFFFF, 0xFFFF, 0xFFFF, 0xFFFF, 0xFFFF, 0xFFFF, 0xFFFF, 0xFFFF, 0x8C7D, 0x293A, 0x42FC, 0x55BF,
 0x6E9F, 0x8F5F, 0x7F1F, 0x76BF, 0x76BF, 0x7EFF, 0x875F, 0x8F5F, 0x871F, 0x769F, 0x5E3F, 0x561F, 0x561F, 0x559F, 0x4C7E, 0x42DC,
 0x3A5B, 0x4C7E, 0x561F, 0x55FF, 0x55DF, 0x55DF, 0x55DF, 0x55DF, 0x55DF, 0x55DF, 0x55FF, 0x55DF, 0x437D, 0x399A, 0x317A, 0x295A,
 0x295A, 0x295A, 0x295A, 0x295A, 0x315A, 0x295A, 0x295A, 0x317A, 0x317A, 0x317A, 0x317A, 0x317A, 0x317A, 0x319B, 0x39DB, 0x421B,
 0x423B, 0x423B, 0x5ADB, 0x631C, 0xB5BE, 0xFFFF, 0xFFFF, 0xFFFF, 0xFFFF, 0xFFFF, 0xFFFF, 0xFFFF, 0xFFFF, 0xFFFF, 0xFFFF, 0xFFFF,
 0xFFFF, 0x9CFD, 0x295A, 0x3A9C, 0x557F, 0x6EBF, 0x8F7F, 0x663F, 0x4D7F, 0x55FF, 0x55FF, 0x5E1F, 0x6E7F, 0x7EFF, 0x873F, 0x76BF,
 0x55DF, 0x55DF, 0x55FF, 0x561F, 0x559F, 0x555F, 0x55FF, 0x55FF, 0x55DF, 0x55DF, 0x55BF, 0x665F, 0x6E9F, 0x55DF, 0x55DF, 0x55DF,
 0x55FF, 0x559F, 0x4C5E, 0x4BDD, 0x43BD, 0x437D, 0x433C, 0x431C, 0x42FC, 0x3ADC, 0x3ADC, 0x3ADC, 0x3ABC, 0x3ABC, 0x3A9B, 0x3A7B,
 0x3A3B, 0x39FB, 0x39DB, 0x31DB, 0x31BB, 0x31BB, 0x31BB, 0x213A, 0x297A, 0xB59E, 0xFFFF, 0xFFFF, 0xFFFF, 0xFFFF, 0xFFFF, 0xFFFF,
 0xFFFF, 0xFFFF, 0xFFFF, 0xFFFF, 0xFFFF, 0xFFFF, 0xB59E, 0x319A, 0x3A1B, 0x4D3F, 0x667F, 0x877F, 0x5CBE, 0x3A9C, 0x4CBE, 0x55FF,
 0x55FF, 0x55BF, 0x55DF, 0x5E1F, 0x5DFF, 0x55DF, 0x55DF, 0x55DF, 0x55DF, 0x55FF, 0x55FF, 0x55DF, 0x55DF, 0x55DF, 0x55BF, 0x55FF,
 0x871F, 0x7F1F, 0x55DF, 0x55BF, 0x55DF, 0x55DF, 0x55FF, 0x561F, 0x561F, 0x561F, 0x55FF, 0x55FF, 0x55DF, 0x55BF, 0x55BF, 0x55BF,
 0x55BF, 0x55BF, 0x559F, 0x559F, 0x557F, 0x553F, 0x4D1E, 0x4BDD, 0x39FB, 0x39DB, 0x39FB, 0x299B, 0x31BB, 0x9CFD, 0xFFDF, 0xFFFF,
 0xFFFF, 0xFFFF, 0xFFFF, 0xFFFF, 0xFFFF, 0xFFFF, 0xFFFF, 0xFFFF, 0xFFFF, 0xFFFF, 0xFFFF, 0xCE7E, 0x421B, 0x31BB, 0x4CBE, 0x5E3F,
 0x76FF, 0x551E, 0x39BB, 0x39DB, 0x43DD, 0x559F, 0x563F, 0x55FF, 0x55BF, 0x55BF, 0x55DF, 0x55DF, 0x55DF, 0x55DF, 0x55DF, 0x55DF,
 0x55DF, 0x55DF, 0x55DF, 0x55BF, 0x6E9F, 0x8F7F, 0x76DF, 0x55DF, 0x55BF, 0x55DF, 0x55DF, 0x55DF, 0x55DF, 0x55DF, 0x55DF, 0x55DF,
 0x55DF, 0x55DF, 0x55FF, 0x55FF, 0x55FF, 0x55FF, 0x55FF, 0x55FF, 0x55FF, 0x55FF, 0x563F, 0x561F, 0x439D, 0x39DB, 0x39DB, 0x297B,
 0x529B, 0xB5BE, 0xFFFF, 0xFFFF, 0xFFFF, 0xFFFF, 0xFFFF, 0xFFFF, 0xFFFF, 0xFFFF, 0xFFFF, 0xFFFF, 0xFFFF, 0xFFFF, 0xFFFF, 0xFFFF,
 0xE73F, 0x52BB, 0x295A, 0x4BFD, 0x55FF, 0x55FF, 0x55DF, 0x42FC, 0x397A, 0x39BA, 0x42BC, 0x4C5D, 0x557F, 0x561F, 0x55FF, 0x55DF,
 0x55DF, 0x55DF, 0x55DF, 0x55DF, 0x55DF, 0x55DF, 0x55DF, 0x55BF, 0x663F, 0x873F, 0x8F7F, 0x76BF, 0x55BF, 0x55DF, 0x55DF, 0x55DF,
 0x55DF, 0x55DF, 0x55DF, 0x55DF, 0x55DF, 0x55DF, 0x55DF, 0x55DF, 0x55DF, 0x55FF, 0x561F, 0x561F, 0x55DF, 0x55BF, 0x55FF, 0x55DF,
 0x437D, 0x39BB, 0x39DB, 0x297A, 0x5ADB, 0xD6BE, 0xFFFF, 0xFFFF, 0xFFFF, 0xFFFF, 0xFFFF, 0xFFFF, 0xFFFF, 0xFFFF, 0xFFFF, 0xFFFF,
 0xFFFF, 0xFFFF, 0xFFFF, 0xFFFF, 0xD6BE, 0x841C, 0x421B, 0x317A, 0x435C, 0x55FF, 0x55DF, 0x561F, 0x4BDD, 0x39BB, 0x39DB, 0x399A,
 0x399A, 0x3A7B, 0x4BFD, 0x557F, 0x561F, 0x561F, 0x55FF, 0x55DF, 0x55DF, 0x55DF, 0x55DF, 0x55BF, 0x55DF, 0x7EFF, 0x8F5F, 0x875F,
 0x6E9F, 0x55BF, 0x55DF, 0x55DF, 0x55DF, 0x55DF, 0x55DF, 0x55DF, 0x55FF, 0x55FF, 0x55FF, 0x561F, 0x561F, 0x55FF, 0x559F, 0x4CFE,
 0x4C7E, 0x557F, 0x561F, 0x55FF, 0x439D, 0x39BB, 0x39BB, 0x297A, 0x631C, 0xDEDF, 0xFFFF, 0xFFFF, 0xFFFF, 0xFFFF, 0xFFFF, 0xFFFF,
 0xFFFF, 0xFFFF, 0xFFFF, 0xFFFF, 0xFFFF, 0xFFFF, 0xFFFF, 0xDEFF, 0x8C9D, 0x4A5B, 0x319B, 0x39BB, 0x39BB, 0x4C3D, 0x55FF, 0x55DF,
 0x561F, 0x4CBE, 0x39FB, 0x39BB, 0x42DC, 0x42FC, 0x399A, 0x397A, 0x3A5B, 0x4BFD, 0x553F, 0x55BF, 0x55FF, 0x55DF, 0x55DF, 0x55DF,
 0x55BF, 0x6E7F, 0x8F5F, 0x875F, 0x875F, 0x6E7F, 0x55BF, 0x55DF, 0x55DF, 0x55DF, 0x55DF, 0x55FF, 0x561F, 0x55FF, 0x55BF, 0x557F,
 0x4CDE, 0x4C1D, 0x435C, 0x42BC, 0x39DB, 0x39FB, 0x4CFE, 0x565F, 0x4C3D, 0x39DB, 0x39BB, 0x297A, 0x633C, 0xE71F, 0xFFFF, 0xFFFF,
 0xFFFF, 0xFFFF, 0xFFFF, 0xFFFF, 0xFFFF, 0xFFFF, 0xFFFF, 0xFFFF, 0xFFFF, 0xFFDF, 0xDEFF, 0x94BD, 0x4A7B, 0x319B, 0x319A, 0x399A,
 0x39BB, 0x439D, 0x55DF, 0x55FF, 0x55DF, 0x55FF, 0x557F, 0x3A7B, 0x397A, 0x439D, 0x55FF, 0x4CBE, 0x435C, 0x3A5B, 0x3A1B, 0x3A5B,
 0x42DC, 0x43BD, 0x555F, 0x55FF, 0x55BF, 0x5E1F, 0x871F, 0x8F5F, 0x875F, 0x875F, 0x665F, 0x55BF, 0x55DF, 0x55DF, 0x55DF, 0x55FF,
 0x553F, 0x4BFD, 0x431C, 0x3A9C, 0x3A3B, 0x39BB, 0x39BB, 0x39BB, 0x399A, 0x399B, 0x4BDD, 0x561F, 0x4CFE, 0x3A1B, 0x39BA, 0x31DB,
 0x6B5C, 0xDEFF, 0xFFFF, 0xFFFF, 0xFFFF, 0xFFFF, 0xFFFF, 0xFFFF, 0xFFFF, 0xFFFF, 0xFFFF, 0xFFFF, 0xFFFF, 0xD6BE, 0x8C7D, 0x4A7B,
 0x299A, 0x31BB, 0x39BB, 0x399A, 0x3A7B, 0x4C7E, 0x55DF, 0x55FF, 0x55DF, 0x55DF, 0x55DF, 0x55FF, 0x435C, 0x397A, 0x437D, 0x561F,
 0x561F, 0x55FF, 0x559F, 0x4D1E, 0x4C7E, 0x439D, 0x435C, 0x4D1F, 0x55FF, 0x55DF, 0x76BF, 0x8F5F, 0x873F, 0x875F, 0x873F, 0x663F,
 0x55BF, 0x55DF, 0x55DF, 0x55DF, 0x55FF, 0x4C7E, 0x3A7B, 0x3A1B, 0x3A5B, 0x429C, 0x431C, 0x42BC, 0x39BB, 0x39DB, 0x4BFD, 0x561F,
 0x563F, 0x4BFD, 0x399A, 0x319A, 0x5AFC, 0xEF5F, 0xFFFF, 0xFFFF, 0xFFFF, 0xFFFF, 0xFFFF, 0xFFFF, 0xFFFF, 0xFFFF, 0xFFFF, 0xFFFF,
 0xEF5F, 0x9CDD, 0x4A5B, 0x297A, 0x31BB, 0x39FB, 0x39BB, 0x39BB, 0x435C, 0x555F, 0x563F, 0x55FF, 0x55DF, 0x55DF, 0x55DF, 0x55DF,
 0x561F, 0x4C5E, 0x399A, 0x431C, 0x55DF, 0x55FF, 0x55DF, 0x55FF, 0x55FF, 0x561F, 0x561F, 0x55FF, 0x55DF, 0x55BF, 0x665F, 0x875F,
 0x875F, 0x873F, 0x875F, 0x873F, 0x5E1F, 0x4DBF, 0x55DF, 0x55DF, 0x55DF, 0x55DF, 0x55BF, 0x559F, 0x555F, 0x557F, 0x55DF, 0x4D1E,
 0x3A9C, 0x39BB, 0x4BFD, 0x55FF, 0x55FF, 0x561F, 0x4CFE, 0x3A3B, 0x317A, 0x4A9B, 0xDEDE, 0xFFFF, 0xFFFF, 0xFFFF, 0xFFFF, 0xFFFF,
 0xFFFF, 0xFFFF, 0xFFFF, 0xF7BF, 0xB5BE, 0x633C, 0x299B, 0x319B, 0x39FB, 0x39FB, 0x399A, 0x3A3B, 0x4C3D, 0x55FF, 0x561F, 0x55DF,
 0x55DF, 0x55DF, 0x55DF, 0x55DF, 0x55FF, 0x565F, 0x559F, 0x3A1B, 0x429C, 0x559F, 0x55FF, 0x55BF, 0x5E1F, 0x6E7F, 0x5DFF, 0x55BF,
 0x55DF, 0x55BF, 0x55FF, 0x7EFF, 0x8F5F, 0x873F, 0x873F, 0x875F, 0x873F, 0x665F, 0x55DF, 0x55BF, 0x55BF, 0x55BF, 0x55BF, 0x55DF,
 0x55FF, 0x561F, 0x563F, 0x55BF, 0x42DC, 0x397A, 0x39FB, 0x4CDE, 0x563F, 0x55DF, 0x55DF, 0x55FF, 0x435C, 0x399A, 0x297A, 0x8C5D,
 0xFFFF, 0xFFFF, 0xFFFF, 0xFFFF, 0xFFFF, 0xFFFF, 0xFFFF, 0xC63E, 0x635C, 0x39DB, 0x297B, 0x39DB, 0x39FB, 0x39DB, 0x39BB, 0x42DC,
 0x4CFE, 0x561F, 0x55FF, 0x55DF, 0x55DF, 0x55DF, 0x55DF, 0x561F, 0x561F, 0x55BF, 0x551E, 0x4C3D, 0x3A1B, 0x3A1B, 0x553F, 0x561F,
 0x55BF, 0x663F, 0x875F, 0x7F1F, 0x665F, 0x55DF, 0x4D9F, 0x6E7F, 0x8F5F, 0x873F, 0x873F, 0x873F, 0x873F, 0x873F, 0x871F, 0x7EDF,
 0x6E9F, 0x665F, 0x663F, 0x5DFF, 0x55DF, 0x55DF, 0x55DF, 0x55FF, 0x559F, 0x42FC, 0x399A, 0x399A, 0x42FC, 0x55BF, 0x55FF, 0x55DF,
 0x561F, 0x4C9E, 0x39FB, 0x317A, 0x529B, 0xDEFF, 0xFFFF, 0xFFFF, 0xFFFF, 0xFFFF, 0xFFFF, 0xFFFF, 0x841C, 0x18DA, 0x297A, 0x39FB,
 0x39FB, 0x39DB, 0x3A3B, 0x43DD, 0x559F, 0x561F, 0x55FF, 0x55DF, 0x55DF, 0x55DF, 0x55DF, 0x559F, 0x4C9E, 0x4BFD, 0x42FC, 0x3A1B,
 0x39BA, 0x39BB, 0x429C, 0x553F, 0x561F, 0x55DF, 0x55DF, 0x76BF, 0x8F7F, 0x875F, 0x7EDF, 0x6E7F, 0x7EFF, 0x875F, 0x873F, 0x873F,
 0x873F, 0x873F, 0x873F, 0x875F, 0x875F, 0x8F5F, 0x875F, 0x875F, 0x7F1F, 0x7EFF, 0x6E7F, 0x55DF, 0x55DF, 0x55FF, 0x559F, 0x43BD,
 0x39DB, 0x397A, 0x439D, 0x55FF, 0x55DF, 0x5E1F, 0x5E1F, 0x433C, 0x399B, 0x297A, 0x8C5D, 0xFFFF, 0xFFFF, 0xFFFF, 0xFFFF, 0xFFFF,
 0xFFFF, 0xD6BE, 0x73BC, 0x39FB, 0x299A, 0x31BB, 0x39DB, 0x439D, 0x561F, 0x563F, 0x55DF, 0x55DF, 0x55DF, 0x55DF, 0x55DF, 0x561F,
 0x4CDE, 0x39DB, 0x399A, 0x39BA, 0x3A3B, 0x439D, 0x4CBE, 0x555F, 0x55DF, 0x55BF, 0x55BF, 0x4DBF, 0x55DF, 0x7EFF, 0x8F5F, 0x875F,
 0x875F, 0x875F, 0x873F, 0x873F, 0x873F, 0x873F, 0x873F, 0x873F, 0x873F, 0x875F, 0x8F5F, 0x8F5F, 0x8F5F, 0x873F, 0x7F1F, 0x665F,
 0x55DF, 0x55DF, 0x55DF, 0x55FF, 0x55FF, 0x4C5E, 0x39FB, 0x399A, 0x4C7E, 0x561F, 0x6E9F, 0x875F, 0x553E, 0x3A1B, 0x317B, 0x39FB,
 0xC61E, 0xFFFF, 0xFFFF, 0xFFFF, 0xFFFF, 0xFFFF, 0xFFFF, 0xFFDF, 0xBDFE, 0x6B9C, 0x39DB, 0x297A, 0x3A1B, 0x4BDD, 0x559F, 0x563F,
 0x55FF, 0x55DF, 0x55DF, 0x55DF, 0x55FF, 0x559F, 0x431C, 0x399A, 0x399A, 0x3A7B, 0x4C9E, 0x563F, 0x563F, 0x55DF, 0x661F, 0x5E3F,
 0x5E1F, 0x5E1F, 0x76BF, 0x875F, 0x875F, 0x875F, 0x873F, 0x873F, 0x873F, 0x873F, 0x873F, 0x873F, 0x873F, 0x875F, 0x871F, 0x76BF,
 0x6E9F, 0x6E7F, 0x5E1F, 0x55DF, 0x55BF, 0x55DF, 0x55DF, 0x55DF, 0x55DF, 0x55FF, 0x561F, 0x4CBE, 0x3A1B, 0x3A7B, 0x4D7F, 0x6E9F,
 0x8F7F, 0x7F1F, 0x437D, 0x399B, 0x297B, 0x5ADB, 0xE73F, 0xFFFF, 0xFFFF, 0xFFFF, 0xFFFF, 0xFFFF, 0xFFFF, 0xFFFF, 0xF7BF, 0xB59E,
 0x52DB, 0x295A, 0x317A, 0x42DC, 0x4CBE, 0x55FF, 0x561F, 0x55DF, 0x55DF, 0x55DF, 0x55FF, 0x55BF, 0x43FD, 0x3A5B, 0x397A, 0x39BB,
 0x439D, 0x559F, 0x5E3F, 0x76DF, 0x875F, 0x873F, 0x873F, 0x873F, 0x873F, 0x873F, 0x873F, 0x873F, 0x873F, 0x873F, 0x873F, 0x873F,
 0x873F, 0x873F, 0x8F5F, 0x76BF, 0x55BF, 0x55BF, 0x55BF, 0x55BF, 0x55DF, 0x55DF, 0x55DF, 0x55DF, 0x55FF, 0x55FF, 0x561F, 0x563F,
 0x5E5F, 0x4C7E, 0x39DB, 0x439D, 0x55FF, 0x76DF, 0x8F9F, 0x5D7E, 0x39FB, 0x39BB, 0x297A, 0x949D, 0xFFFF, 0xFFFF, 0xFFFF, 0xFFFF,
 0xFFFF, 0xFFFF, 0xFFFF, 0xFFFF, 0xFFFF, 0xDEFF, 0x7C1C, 0x319B, 0x293A, 0x39FB, 0x437D, 0x555F, 0x563F, 0x55FF, 0x55DF, 0x55DF,
 0x55FF, 0x561F, 0x555F, 0x437D, 0x39BB, 0x395A, 0x42FC, 0x559F, 0x5E3F, 0x6E9F, 0x7F1F, 0x8F5F, 0x8F5F, 0x873F, 0x873F, 0x873F,
 0x873F, 0x873F, 0x873F, 0x873F, 0x873F, 0x873F, 0x875F, 0x8F5F, 0x6E7F, 0x4DBF, 0x55DF, 0x55DF, 0x55DF, 0x55DF, 0x55FF, 0x561F,
 0x561F, 0x55DF, 0x559F, 0x553F, 0x4CDE, 0x4C1D, 0x42FC, 0x397A, 0x42BC, 0x4D9F, 0x6EBF, 0x8F7F, 0x76FF, 0x437D, 0x399A, 0x31BB,
 0x423B, 0xCE7E, 0xFFFF, 0xFFFF, 0xFFFF, 0xFFFF, 0xFFFF, 0xFFFF, 0xFFFF, 0xFFFF, 0xFFFF, 0xF7BF, 0xAD9D, 0x52BB, 0x295A, 0x317A,
 0x3A7B, 0x4C5E, 0x55BF, 0x561F, 0x55FF, 0x55DF, 0x55DF, 0x561F, 0x55FF, 0x4C9E, 0x429C, 0x395A, 0x42DC, 0x4D7F, 0x55FF, 0x55FF,
 0x665F, 0x76DF, 0x873F, 0x875F, 0x873F, 0x873F, 0x873F, 0x873F, 0x873F, 0x873F, 0x873F, 0x875F, 0x873F, 0x663F, 0x55BF, 0x55DF,
 0x55DF, 0x55FF, 0x55DF, 0x555F, 0x4CBE, 0x4BFD, 0x433C, 0x42BC, 0x3A3B, 0x39DB, 0x397A, 0x39DB, 0x42DC, 0x4C9E, 0x5E1F, 0x7F1F,
 0x8F5F, 0x8F9F, 0x65DF, 0x3A3B, 0x39BA, 0x297B, 0x739C, 0xFFDF, 0xFFFF, 0xFFFF, 0xFFFF, 0xFFFF, 0xFFFF, 0xFFFF, 0xFFFF, 0xFFFF,
 0xFFFF, 0xFFFF, 0xE73F, 0x8C7D, 0x39FB, 0x293A, 0x31BB, 0x42BC, 0x4C1D, 0x557F, 0x561F, 0x55FF, 0x55DF, 0x55FF, 0x561F, 0x559F,
 0x4C5E, 0x439D, 0x557F, 0x55FF, 0x55BF, 0x4D9F, 0x5E1F, 0x873F, 0x875F, 0x873F, 0x873F, 0x875F, 0x875F, 0x873F, 0x873F, 0x873F,
 0x8F5F, 0x7F1F, 0x5DFF, 0x55BF, 0x55DF, 0x55DF, 0x563F, 0x4D1E, 0x3A7B, 0x39DB, 0x39DB, 0x399A, 0x397A, 0x399A, 0x3A5B, 0x43DD,
 0x4D1E, 0x55DF, 0x6E9F, 0x7F1F, 0x8F5F, 0x8F5F, 0x8F9F, 0x7F3F, 0x4C5E, 0x39DB, 0x31BB, 0x39FB, 0xC61E, 0xFFFF, 0xFFFF, 0xFFFF,
 0xFFFF, 0xFFFF, 0xFFFF, 0xFFFF, 0xFFFF, 0xFFFF, 0xFFDF, 0xFFFF, 0xFFFF, 0xCE5E, 0x6B5C, 0x31BB, 0x295A, 0x317A, 0x3A7B, 0x4C3D,
 0x55BF, 0x55FF, 0x55DF, 0x55DF, 0x55FF, 0x561F, 0x55FF, 0x55DF, 0x55DF, 0x55DF, 0x55BF, 0x769F, 0x875F, 0x875F, 0x875F, 0x8F5F,
 0x873F, 0x76BF, 0x76BF, 0x873F, 0x875F, 0x8F5F, 0x76BF, 0x55BF, 0x55DF, 0x55FF, 0x4CDE, 0x4C3D, 0x4C5E, 0x39DB, 0x399A, 0x399A,
 0x39BB, 0x3A7B, 0x4BFD, 0x557F, 0x561F, 0x55FF, 0x665F, 0x7F3F, 0x7F1F, 0x76DF, 0x76DF, 0x6EBF, 0x669F, 0x559F, 0x42BC, 0x39BA,
 0x297A, 0x841C, 0xFFFF, 0xFFFF, 0xFFFF, 0xFFFF, 0xFFFF, 0xEF5F, 0xD6BE, 0xBDDE, 0xA53D, 0x843C, 0x841C, 0xA55D, 0xE71F, 0xFFDF,
 0xB59E, 0x739C, 0x39FB, 0x295A, 0x39BA, 0x431C, 0x557F, 0x55FF, 0x5DFF, 0x5DFF, 0x55BF, 0x55DF, 0x55DF, 0x55DF, 0x55BF, 0x665F,
 0x875F, 0x8F5F, 0x8F5F, 0x873F, 0x76BF, 0x663F, 0x55BF, 0x663F, 0x873F, 0x8F5F, 0x875F, 0x665F, 0x55BF, 0x55DF, 0x561F, 0x4C9E,
 0x3A1B, 0x42BC, 0x39FB, 0x39BB, 0x429C, 0x4C1D, 0x559F, 0x5E5F, 0x563F, 0x561F, 0x561F, 0x561F, 0x5E1F, 0x55DF, 0x4D7F, 0x4CDE,
 0x4C5E, 0x43DD, 0x433C, 0x3A5B, 0x39FB, 0x319B, 0x425B, 0xD69E, 0xFFFF, 0xF7BF, 0xC63E, 0x8C7D, 0x631C, 0x421B, 0x317A, 0x317A,
 0x295A, 0x293A, 0x295A, 0x529B, 0xCE7E, 0xFFFF, 0xFFDF, 0xC61E, 0x6B5C, 0x31BA, 0x399A, 0x4BFD, 0x55FF, 0x6E9F, 0x7EDF, 0x55DF,
 0x4DBF, 0x55DF, 0x55BF, 0x5E1F, 0x873F, 0x8F7F, 0x873F, 0x76DF, 0x5E3F, 0x55DF, 0x55BF, 0x4DBF, 0x5DFF, 0x871F, 0x8F5F, 0x871F,
 0x5E1F, 0x55BF, 0x55DF, 0x55FF, 0x55BF, 0x42FC, 0x397A, 0x39DB, 0x439D, 0x559F, 0x563F, 0x55DF, 0x557F, 0x555F, 0x4CFE, 0x4C7E,
 0x4C1D, 0x437D, 0x433C, 0x3A9C, 0x3A1B, 0x39DB, 0x399A, 0x315A, 0x317A, 0x297A, 0x295A, 0x319A, 0xAD7D, 0xFFFF, 0xCE7E, 0x3A1B,
 0x18DA, 0x295A, 0x323B, 0x43BD, 0x4C1D, 0x4C3D, 0x431C, 0x39DB, 0x213A, 0x6B7C, 0xF7BF, 0xFFFF, 0xFFFF, 0xDEDE, 0x425B, 0x317A,
 0x42DC, 0x4D9F, 0x6EBF, 0x8F5F, 0x7EDF, 0x663F, 0x55DF, 0x55BF, 0x6E9F, 0x873F, 0x76BF, 0x663F, 0x55DF, 0x55BF, 0x55DF, 0x55DF,
 0x55BF, 0x55DF, 0x7EFF, 0x8F7F, 0x7EFF, 0x55DF, 0x55DF, 0x55DF, 0x55DF, 0x561F, 0x4C9E, 0x399B, 0x3A7B, 0x559F, 0x565F, 0x55DF,
 0x437D, 0x3A5B, 0x3A7B, 0x3A3B, 0x39DB, 0x39BB, 0x399A, 0x399A, 0x317A, 0x297A, 0x295A, 0x319B, 0x423B, 0x52BB, 0x739C, 0x8C9D,
 0xB5BE, 0xEF5F, 0xFFFF, 0xEF5F, 0xAD7D, 0x6B9C, 0x39FB, 0x3A5B, 0x4CFE, 0x563F, 0x563F, 0x559F, 0x42BC, 0x317A, 0x4A7B, 0xDEDF,
 0xFFFF, 0xFFFF, 0xF79F, 0x5ADC, 0x295A, 0x429C, 0x4D7F, 0x6EBF, 0x8F5F, 0x8F7F, 0x871F, 0x5DFF, 0x55DF, 0x5E3F, 0x5E3F, 0x55DF,
 0x55BF, 0x55BF, 0x55DF, 0x55DF, 0x55DF, 0x55DF, 0x55BF, 0x76BF, 0x8F7F, 0x76BF, 0x55BF, 0x55DF, 0x55DF, 0x55DF, 0x55FF, 0x559F,
 0x3A5B, 0x42DC, 0x55DF, 0x561F, 0x55FF, 0x437D, 0x395A, 0x39BA, 0x39BB, 0x319B, 0x317A, 0x297A, 0x319B, 0x421B, 0x5AFC, 0x843C,
 0xAD7D, 0xCE9E, 0xE71F, 0xF79F, 0xFFFF, 0xFFFF, 0xFFFF, 0xFFFF, 0xFFFF, 0xFFFF, 0xF7BF, 0xA51D, 0x399A, 0x3ADC, 0x55DF, 0x561F,
 0x561F, 0x433C, 0x315A, 0x4A5B, 0xD6BF, 0xFFFF, 0xFFFF, 0xF7BF, 0x6B5C, 0x295A, 0x3A7B, 0x4D3F, 0x6EBF, 0x8F5F, 0x8F5F, 0x6E7F,
 0x55FF, 0x55DF, 0x4C9E, 0x4CBE, 0x55DF, 0x55DF, 0x55DF, 0x55DF, 0x55DF, 0x55DF, 0x55DF, 0x55BF, 0x6E7F, 0x8F5F, 0x6E9F, 0x55BF,
 0x55DF, 0x55FF, 0x561F, 0x561F, 0x561F, 0x437D, 0x433C, 0x55FF, 0x55FF, 0x561F, 0x4D3E, 0x3A5B, 0x39BB, 0x39FB, 0x5AFC, 0x739C,
 0x8C9D, 0xAD7D, 0xCE9E, 0xEF7F, 0xFFDF, 0xFFFF, 0xFFFF, 0xFFFF, 0xFFFF, 0xFFFF, 0xFFFF, 0xFFFF, 0xFFFF, 0xFFFF, 0xFFFF, 0xE73F,
 0x739C, 0x31BB, 0x43DD, 0x561F, 0x563F, 0x55FF, 0x42FC, 0x295A, 0x52BB, 0xE71F, 0xFFFF, 0xFFFF, 0xFFDF, 0x7BFC, 0x295A, 0x3A1B,
 0x4CDE, 0x6EBF, 0x8F7F, 0x76DF, 0x55FF, 0x55BF, 0x43BD, 0x39BB, 0x3A1B, 0x4CBE, 0x561F, 0x55DF, 0x55DF, 0x55DF, 0x55DF, 0x55DF,
 0x55BF, 0x665F, 0x875F, 0x6E7F, 0x55BF, 0x55FF, 0x559F, 0x4CFE, 0x553F, 0x55BF, 0x555F, 0x553F, 0x561F, 0x561F, 0x561F, 0x561F,
 0x43BD, 0x399A, 0x31BB, 0xA51D, 0xFFDF, 0xFFFF, 0xFFFF, 0xFFFF, 0xFFFF, 0xFFFF, 0xFFFF, 0xFFFF, 0xFFFF, 0xFFFF, 0xFFFF, 0xFFFF,
 0xFFFF, 0xFFFF, 0xFFFF, 0xDEFF, 0x631C, 0x295A, 0x433C, 0x559F, 0x55BF, 0x55BF, 0x4CBE, 0x3A3B, 0x295A, 0x6B7C, 0xF7BF, 0xFFFF,
 0xFFFF, 0xFFFF, 0x949D, 0x295A, 0x39FB, 0x4C9E, 0x669F, 0x873F, 0x667F, 0x55BF, 0x435C, 0x39BA, 0x39BB, 0x399A, 0x429C, 0x559F,
 0x561F, 0x55DF, 0x55DF, 0x55DF, 0x55DF, 0x55BF, 0x5E1F, 0x873F, 0x6E7F, 0x55DF, 0x559F, 0x431C, 0x39DB, 0x3A5B, 0x42DC, 0x437D,
 0x4C1D, 0x4C7E, 0x553F, 0x55BF, 0x563F, 0x557F, 0x3A7B, 0x317A, 0x5ADB, 0xEF5F, 0xFFFF, 0xFFFF, 0xFFFF, 0xFFFF, 0xFFFF, 0xFFFF,
 0xFFFF, 0xFFFF, 0xFFFF, 0xFFFF, 0xFFFF, 0xFFFF, 0xFFFF, 0xFFFF, 0x841C, 0x18DA, 0x295A, 0x321B, 0x327C, 0x325B, 0x2A3B, 0x31FB,
 0x39DB, 0x319B, 0x8C7D, 0xFFFF, 0xFFFF, 0xFFFF, 0xFFFF, 0xAD5D, 0x319A, 0x39BB, 0x4C1D, 0x5E1F, 0x665F, 0x563F, 0x4C3D, 0x39BB,
 0x39DB, 0x39FB, 0x39DB, 0x39BB, 0x4BFD, 0x561F, 0x55DF, 0x55DF, 0x55DF, 0x55DF, 0x55BF, 0x5DFF, 0x7EFF, 0x665F, 0x561F, 0x4C3D,
 0x39BA, 0x317A, 0x39BB, 0x39BB, 0x39BA, 0x39BB, 0x39DB, 0x3A5B, 0x42DC, 0x43BD, 0x4CDE, 0x439D, 0x39BB, 0x297A, 0x8C7D, 0xFFFF,
 0xFFFF, 0xFFFF, 0xFFFF, 0xFFFF, 0xFFFF, 0xFFFF, 0xFFFF, 0xFFFF, 0xFFFF, 0xFFFF, 0xFFFF, 0xFFFF, 0xFFFF, 0xC63E, 0x8C5D, 0x843D,
 0x841C, 0x83FC, 0x8C1C, 0x8C5C, 0x62FB, 0x31BB, 0x31BB, 0xAD5D, 0xFFFF, 0xFFFF, 0xFFFF, 0xFFFF, 0xC63E, 0x39FB, 0x317A, 0x439D,
 0x55FF, 0x561F, 0x4C7E, 0x3A1B, 0x39BB, 0x319B, 0x319B, 0x39FB, 0x39BB, 0x3A5B, 0x553F, 0x561F, 0x55DF, 0x55DF, 0x55DF, 0x55DF,
 0x55DF, 0x5E1F, 0x5E1F, 0x557F, 0x429C, 0x319A, 0x421B, 0x31DB, 0x299A, 0x39DB, 0x39FB, 0x39DB, 0x39BB, 0x399A, 0x399B, 0x3A1B,
 0x3A7B, 0x39FB, 0x319B, 0x423B, 0xD69E, 0xFFFF, 0xFFFF, 0xFFFF, 0xFFFF, 0xFFFF, 0xFFFF, 0xFFFF, 0xFFFF, 0xFFFF, 0xFFFF, 0xFFFF,
 0xFFFF, 0xFFFF, 0xFFFF, 0xFFFF, 0xFFDF, 0xFFDF, 0xFFFF, 0xFFFF, 0xFFFF, 0xAD7E, 0x319A, 0x39FB, 0xC63E, 0xFFFF, 0xFFFF, 0xFFFF,
 0xFFFF, 0xDEFF, 0x4A7B, 0x315A, 0x435C, 0x561F, 0x4C9E, 0x3A1B, 0x317A, 0x319B, 0x5AFC, 0x5ADB, 0x319B, 0x39FB, 0x39BA, 0x437D,
 0x55FF, 0x55FF, 0x55DF, 0x55DF, 0x55DF, 0x55DF, 0x55DF, 0x561F, 0x4BFD, 0x317A, 0x39FB, 0xB5BE, 0xB59D, 0x5AFC, 0x39DB, 0x299B,
 0x319B, 0x31DB, 0x39FB, 0x39FB, 0x39DB, 0x39DB, 0x39FB, 0x39FB, 0x297B, 0x739C, 0xEF7F, 0xFFFF, 0xFFFF, 0xFFFF, 0xFFFF, 0xFFFF,
 0xFFFF, 0xFFFF, 0xFFFF, 0xFFFF, 0xFFFF, 0xFFFF, 0xFFFF, 0xFFFF, 0xFFFF, 0xFFFF, 0xFFFF, 0xFFFF, 0xFFFF, 0xFFFF, 0xCE7E, 0x39FB,
 0x4A5B, 0xE71F, 0xFFFF, 0xFFFF, 0xFFFF, 0xFFFF, 0xEF7F, 0x633C, 0x295A, 0x42FC, 0x4BFD, 0x3A1B, 0x295A, 0x39DB, 0x845D, 0xE73F,
 0xDEFF, 0x5ADC, 0x297A, 0x39DB, 0x39FB, 0x4C7E, 0x561F, 0x55DF, 0x55DF, 0x55DF, 0x55DF, 0x55FF, 0x557F, 0x429C, 0x293A, 0x7BFC,
 0xFFFF, 0xFFFF, 0xE73F, 0xC63E, 0x94BD, 0x5B1C, 0x39FB, 0x319A, 0x319B, 0x31DB, 0x39FB, 0x39FB, 0x39FB, 0x31DB, 0x319A, 0xA53D,
 0xFFFF, 0xFFFF, 0xFFFF, 0xFFFF, 0xFFFF, 0xFFFF, 0xFFFF, 0xFFFF, 0xFFFF, 0xFFFF, 0xFFFF, 0xFFFF, 0xFFFF, 0xFFFF, 0xFFFF, 0xFFFF,
 0xFFFF, 0xFFFF, 0xFFFF, 0xEF5F, 0x425B, 0x6B7C, 0xFFFF, 0xFFFF, 0xFFFF, 0xFFFF, 0xFFFF, 0xF79F, 0x6B7C, 0x297A, 0x3A1B, 0x39DB,
 0x295A, 0x4A7B, 0xB59E, 0xFFFF, 0xFFFF, 0xFFFF, 0xD6BE, 0x52BB, 0x297A, 0x39BB, 0x3A3B, 0x4CDE, 0x561F, 0x55DF, 0x55DF, 0x55DF,
 0x561F, 0x4C5E, 0x319A, 0x39FB, 0xCE5E, 0xFFDF, 0xAD5D, 0x739C, 0xA4FD, 0xEF3F, 0xFFDF, 0xCE5E, 0x8C9D, 0x5AFC, 0x31DB, 0x297A,
 0x31BB, 0x39DB, 0x39FB, 0x319B, 0x4A7B, 0xDEDF, 0xFFFF, 0xFFFF, 0xFFFF, 0xFFFF, 0xFFFF, 0xFFFF, 0xFFFF, 0xFFFF, 0xFFFF, 0xFFFF,
 0xFFFF, 0xFFFF, 0xFFFF, 0xFFFF, 0xFFFF, 0xFFFF, 0xFFFF, 0xFFFF, 0xFFDF, 0x7BDC, 0xB59E, 0xFFFF, 0xFFFF, 0xFFFF, 0xFFFF, 0xFFFF,
 0xFFDF, 0x843D, 0x299A, 0x39DB, 0x295A, 0x5ADB, 0xD69E, 0xFFFF, 0xFFFF, 0xFFFF, 0xFFFF, 0xFFFF, 0xD69E, 0x4A7B, 0x297A, 0x39BA,
 0x429C, 0x555F, 0x561F, 0x55DF, 0x55DF, 0x55DF, 0x433C, 0x293A, 0x739C, 0xF7BF, 0xB59E, 0x319B, 0x291A, 0x295A, 0x5ADB, 0xC63E,
 0xFFFF, 0xFFFF, 0xEF7F, 0xAD5D, 0x6B7C, 0x423B, 0x297A, 0x297B, 0x31BB, 0x295A, 0x8C7D, 0xFFFF, 0xFFFF, 0xFFFF, 0xFFFF, 0xFFFF,
 0xFFFF, 0xFFFF, 0xFFFF, 0xFFFF, 0xFFFF, 0xFFFF, 0xFFFF, 0xFFFF, 0xFFFF, 0xFFFF, 0xFFFF, 0xFFFF, 0xFFFF, 0xFFFF, 0xE73F, 0xF7BF,
 0xFFFF, 0xFFFF, 0xFFFF, 0xFFFF, 0xFFFF, 0xFFFF, 0x9CFD, 0x191A, 0x295A, 0x52BB, 0xD69E, 0xFFFF, 0xFFFF, 0xFFFF, 0xFFFF, 0xFFFF,
 0xFFFF, 0xFFFF, 0xC63E, 0x4A5B, 0x297A, 0x39BB, 0x42FC, 0x557F, 0x561F, 0x55FF, 0x553F, 0x3A3B, 0x317A, 0xAD5D, 0xFFFF, 0x633C,
 0x295A, 0x42DC, 0x4C9E, 0x3B5C, 0x39DB, 0x947D, 0xF79F, 0xFFFF, 0xFFFF, 0xFFDF, 0xC63E, 0x8C5D, 0x52BB, 0x39FB, 0x215A, 0x39DB,
 0xD6BE, 0xFFFF, 0xFFFF, 0xFFFF, 0xFFFF, 0xFFFF, 0xFFFF, 0xFFFF, 0xFFFF, 0xFFFF, 0xFFFF, 0xFFFF, 0xFFFF, 0xFFFF, 0xFFFF, 0xFFFF,
 0xFFFF, 0xFFFF, 0xFFFF, 0xFFFF, 0xFFFF, 0xFFFF, 0xFFFF, 0xFFFF, 0xFFFF, 0xFFFF, 0xFFFF, 0xCE5E, 0x5AFC, 0x843D, 0xDEFF, 0xFFFF,
 0xFFFF, 0xFFFF, 0xFFFF, 0xFFFF, 0xFFFF, 0xFFFF, 0xFFFF, 0xFFFF, 0xCE5E, 0x529B, 0x297A, 0x399A, 0x431C, 0x55BF, 0x565F, 0x4C5E,
 0x317A, 0x423B, 0xD6BE, 0xF79F, 0x527B, 0x323B, 0x557F, 0x55FF, 0x559F, 0x441D, 0x29BB, 0x8C5D, 0xFFFF, 0xFFFF, 0xFFFF, 0xFFFF,
 0xFFFF, 0xE71F, 0xC61E, 0x9CFD, 0x843C, 0xD6DE, 0xFFFF, 0xFFFF, 0xFFFF, 0xFFFF, 0xFFFF, 0xFFFF, 0xFFFF, 0xFFFF, 0xFFFF, 0xFFFF,
 0xFFFF, 0xFFFF, 0xFFFF, 0xFFFF, 0xFFFF, 0xFFFF, 0xFFFF, 0xFFFF, 0xFFFF, 0xFFFF, 0xFFFF, 0xFFFF, 0xFFFF, 0xFFFF, 0xFFFF, 0xFFFF,
 0xFFDF, 0xEF5F, 0xFFDF, 0xFFFF, 0xFFFF, 0xFFFF, 0xFFFF, 0xFFFF, 0xFFFF, 0xFFFF, 0xFFFF, 0xFFFF, 0xFFFF, 0xFFFF, 0xD69E, 0x4A7B,
 0x295A, 0x399A, 0x439D, 0x561F, 0x43BD, 0x293A, 0x633C, 0xF7BF, 0xEF5F, 0x527B, 0x3B3C, 0x563F, 0x437D, 0x3A3B, 0x43DD, 0x32BC,
 0x319A, 0xB5BE, 0xFFFF, 0xFFFF, 0xFFFF, 0xFFFF, 0xFFFF, 0xFFFF, 0xFFFF, 0xFFDF, 0xFFFF, 0xFFFF, 0xFFFF, 0xFFFF, 0xFFFF, 0xFFFF,
 0xFFFF, 0xFFFF, 0xFFFF, 0xFFFF, 0xFFFF, 0xFFFF, 0xFFFF, 0xFFFF, 0xFFFF, 0xFFFF, 0xFFFF, 0xFFFF, 0xFFFF, 0xFFFF, 0xFFFF, 0xFFFF,
 0xFFFF, 0xFFFF, 0xFFFF, 0xFFFF, 0xFFFF, 0xFFFF, 0xFFFF, 0xFFFF, 0xFFFF, 0xFFFF, 0xFFFF, 0xFFFF, 0xFFFF, 0xFFFF, 0xFFFF, 0xFFFF,
 0xFFFF, 0xFFFF, 0xFFFF, 0xFFFF, 0xC63E, 0x4A9B, 0x297A, 0x39DB, 0x439D, 0x3ABC, 0x297A, 0x8C5D, 0xFFFF, 0xE73F, 0x527B, 0x3B5D,
 0x557F, 0x3A5B, 0x523B, 0x52BB, 0x39FB, 0x213A, 0x52BB, 0xE73F, 0xFFFF, 0xFFFF, 0xFFFF, 0xFFFF, 0xFFFF, 0xFFFF, 0xFFFF, 0xFFFF,
 0xFFFF, 0xFFFF, 0xFFFF, 0xFFFF, 0xFFFF, 0xFFFF, 0xFFFF, 0xFFFF, 0xFFFF, 0xFFFF, 0xFFFF, 0xFFFF, 0xFFFF, 0xFFFF, 0xFFFF, 0xFFFF,
 0xFFFF, 0xFFFF, 0xFFFF, 0xFFFF, 0xFFFF, 0xFFFF, 0xFFFF, 0xFFFF, 0xFFFF, 0xFFFF, 0xFFFF, 0xFFFF, 0xFFFF, 0xFFFF, 0xFFFF, 0xFFFF,
 0xFFFF, 0xFFFF, 0xFFFF, 0xFFFF, 0xFFFF, 0xFFFF, 0xFFFF, 0xFFFF, 0xFFFF, 0xFFFF, 0xD69E, 0x529B, 0x295A, 0x39DB, 0x31BB, 0x39DB,
 0xB5BE, 0xFFFF, 0xE73F, 0x527B, 0x3B1C, 0x449E, 0x39FB, 0xBDDE, 0xEF5F, 0xBDDE, 0x94BD, 0x949D, 0xE73F, 0xFFFF, 0xFFFF, 0xFFFF,
 0xFFFF, 0xFFFF, 0xFFFF, 0xFFFF, 0xFFFF, 0xFFFF, 0xFFFF, 0xFFFF, 0xFFFF, 0xFFFF, 0xFFFF, 0xFFFF, 0xFFFF, 0xFFFF, 0xFFFF, 0xFFFF,
 0xFFFF, 0xFFFF, 0xFFFF, 0xFFFF, 0xFFFF, 0xFFFF, 0xFFFF, 0xFFFF, 0xFFFF, 0xFFFF, 0xFFFF, 0xFFFF, 0xFFFF, 0xFFFF, 0xFFFF, 0xFFFF,
 0xFFFF, 0xFFFF, 0xFFFF, 0xFFFF, 0xFFFF, 0xFFFF, 0xFFFF, 0xFFFF, 0xFFFF, 0xFFFF, 0xFFFF, 0xFFFF, 0xFFFF, 0xFFFF, 0xFFFF, 0xFFFF,
 0xC63E, 0x423B, 0x297A, 0x319B, 0x52DB, 0xE73F, 0xFFFF, 0xF79F, 0x631C, 0x32BC, 0x3B3D, 0x529B, 0xE73F, 0xFFFF, 0xFFFF, 0xFFFF,
 0xFFFF, 0xFFFF, 0xFFFF, 0xFFFF, 0xFFFF, 0xFFFF, 0xFFFF, 0xFFFF, 0xFFFF, 0xFFFF, 0xFFFF, 0xFFFF, 0xFFFF, 0xFFFF, 0xFFFF, 0xFFFF,
 0xFFFF, 0xFFFF, 0xFFFF, 0xFFFF, 0xFFFF, 0xFFFF, 0xFFFF, 0xFFFF, 0xFFFF, 0xFFFF, 0xFFFF, 0xFFFF, 0xFFFF, 0xFFFF, 0xFFFF, 0xFFFF,
 0xFFFF, 0xFFFF, 0xFFFF, 0xFFFF, 0xFFFF, 0xFFFF, 0xFFFF, 0xFFFF, 0xFFFF, 0xFFFF, 0xFFFF, 0xFFFF, 0xFFFF, 0xFFFF, 0xFFFF, 0xFFFF,
 0xFFFF, 0xFFFF, 0xFFFF, 0xFFFF, 0xFFFF, 0xFFFF, 0xC63E, 0x4A7B, 0x18FA, 0x841C, 0xFFFF, 0xFFFF, 0xFFFF, 0x841C, 0x29BB, 0x29BB,
 0x843C, 0xFFFF, 0xFFFF, 0xFFFF, 0xFFFF, 0xFFFF, 0xFFFF, 0xFFFF, 0xFFFF, 0xFFFF, 0xFFFF, 0xFFFF, 0xFFFF, 0xFFFF, 0xFFFF, 0xFFFF,
 0xFFFF, 0xFFFF, 0xFFFF, 0xFFFF, 0xFFFF, 0xFFFF, 0xFFFF, 0xFFFF, 0xFFFF, 0xFFFF, 0xFFFF, 0xFFFF, 0xFFFF, 0xFFFF, 0xFFFF, 0xFFFF,
 0xFFFF, 0xFFFF, 0xFFFF, 0xFFFF, 0xFFFF, 0xFFFF, 0xFFFF, 0xFFFF, 0xFFFF, 0xFFFF, 0xFFFF, 0xFFFF, 0xFFFF, 0xFFFF, 0xFFFF, 0xFFFF,
 0xFFFF, 0xFFFF, 0xFFFF, 0xFFFF, 0xFFFF, 0xFFFF, 0xFFFF, 0xFFFF, 0xFFFF, 0xFFFF, 0xFFFF, 0xFFFF, 0xCE5E, 0x631C, 0xC61E, 0xFFFF,
 0xFFFF, 0xFFFF, 0xB5BE, 0x295A, 0x319B, 0xBDFE, 0xFFFF, 0xFFFF, 0xFFFF, 0xFFFF, 0xFFFF, 0xFFFF, 0xFFFF, 0xFFFF, 0xFFFF, 0xFFFF,
 0xFFFF, 0xFFFF, 0xFFFF, 0xFFFF, 0xFFFF, 0xFFFF, 0xFFFF, 0xFFFF, 0xFFFF, 0xFFFF, 0xFFFF, 0xFFFF, 0xFFFF, 0xFFFF, 0xFFFF, 0xFFFF,
 0xFFFF, 0xFFFF, 0xFFFF, 0xFFFF, 0xFFFF, 0xFFFF, 0xFFFF, 0xFFFF, 0xFFFF, 0xFFFF, 0xFFFF, 0xFFFF, 0xFFFF, 0xFFFF, 0xFFFF, 0xFFFF,
 0xFFFF, 0xFFFF, 0xFFFF, 0xFFFF, 0xFFFF, 0xFFFF, 0xFFFF, 0xFFFF, 0xFFFF, 0xFFFF, 0xFFFF, 0xFFFF, 0xFFFF, 0xFFFF, 0xFFFF, 0xFFFF,
 0xFFFF, 0xFFFF, 0xEF5F, 0xFFDF, 0xFFFF, 0xFFFF, 0xFFFF, 0xEF5F, 0x529B, 0x73BC, 0xF7BF, 0xFFFF, 0xFFFF, 0xFFFF, 0xFFFF, 0xFFFF,
 0xFFFF, 0xFFFF, 0xFFFF, 0xFFFF, 0xFFFF, 0xFFFF, 0xFFFF, 0xFFFF, 0xFFFF, 0xFFFF, 0xFFFF, 0xFFFF, 0xFFFF, 0xFFFF, 0xFFFF, 0xFFFF,
 0xFFFF, 0xFFFF, 0xFFFF, 0xFFFF, 0xFFFF, 0xFFFF, 0xFFFF, 0xFFFF, 0xFFFF, 0xFFFF, 0xFFFF, 0xFFFF, 0xFFFF, 0xFFFF, 0xFFFF, 0xFFFF,
 0xFFFF, 0xFFFF, 0xFFFF, 0xFFFF, 0xFFFF, 0xFFFF, 0xFFFF, 0xFFFF, 0xFFFF, 0xFFFF, 0xFFFF, 0xFFFF, 0xFFFF, 0xFFFF, 0xFFFF, 0xFFFF,
 0xFFFF, 0xFFFF, 0xFFFF, 0xFFFF, 0xFFFF, 0xFFFF, 0xFFFF, 0xFFFF, 0xFFFF, 0xFFFF, 0xFFFF, 0xFFFF, 0xFFFF, 0xE71F, 0xEF5F, 0xFFFF,
 0xFFFF, 0xFFFF, 0xFFFF, 0xFFFF, 0xFFFF, 0xFFFF, 0xFFFF, 0xFFFF, 0xFFFF, 0xFFFF, 0xFFFF, 0xFFFF, 0xFFFF, 0xFFFF, 0xFFFF, 0xFFFF,
 0xFFFF, 0xFFFF, 0xFFFF, 0xFFFF, 0xFFFF, 0xFFFF, 0xFFFF,
};

//greenfish 33x30
const unsigned short wholegreenfish[] = {
 0xFFFF, 0xFFFF, 0xFFFF, 0xFFFF, 0xFFFF, 0xFFFF, 0xD73A, 0xB6B6, 0xB6B6, 0xB6B6, 0xBED7, 0xD75B, 0xF7DE, 0xFFFF, 0xFFFF, 0xFFFF,
 0xFFFF, 0xFFFF, 0xFFFF, 0xFFFF, 0xFFFF, 0xFFFF, 0xFFFF, 0xFFFF, 0xFFFF, 0xFFFF, 0xFFFF, 0xFFFF, 0xFFFF, 0xFFFF, 0xFFFF, 0xFFFF,
 0xFFFF, 0xFFFF, 0xFFFF, 0xFFFF, 0xFFFF, 0xFFFF, 0xFFFF, 0x85D0, 0x3CA8, 0x4CEA, 0x4CE9, 0x4CE9, 0x4CEA, 0x654C, 0x85D0, 0xB6D7,
 0xF7DE, 0xFFFF, 0xFFFF, 0xFFFF, 0xFFFF, 0xFFFF, 0xFFFF, 0xFFFF, 0xFFFF, 0xFFFF, 0xFFFF, 0xFFFF, 0xFFFF, 0xFFFF, 0xFFFF, 0xFFFF,
 0xFFFF, 0xFFFF, 0xFFFF, 0xFFFF, 0xFFFF, 0xFFFF, 0xFFFF, 0xFFFF, 0xEF9D, 0x654C, 0x550A, 0x5D0B, 0x5D0B, 0x550B, 0x550B, 0x4CEA,
 0x4CE9, 0x654D, 0x9E54, 0xF7BE, 0xFFFF, 0xFFFF, 0xFFFF, 0xFFFF, 0xFFFF, 0xFFFF, 0xFFFF, 0xFFFF, 0xFFFF, 0xFFFF, 0xFFFF, 0xFFFF,
 0xFFFF, 0xFFFF, 0xFFFF, 0xFFFF, 0xFFFF, 0xFFFF, 0xFFFF, 0xFFFF, 0xFFFF, 0xFFFF, 0xC6F8, 0x4CEA, 0x5D0B, 0x5D0B, 0x5D0B, 0x5D0B,
 0x5D0B, 0x5D0B, 0x550A, 0x4CC9, 0x654D, 0xA674, 0xDF7B, 0xFFFF, 0xFFFF, 0xFFFF, 0xFFFF, 0xFFFF, 0xFFFF, 0xFFFF, 0xFFFF, 0xFFFF,
 0xFFFF, 0xFFFF, 0xFFFF, 0xFFFF, 0xFFFF, 0xFFFF, 0xFFFF, 0xFFFF, 0xFFFF, 0xFFFF, 0xFFFF, 0xFFFF, 0x7DB0, 0x4CEA, 0x5D0B, 0x5D0B,
 0x5D0B, 0x5D0B, 0x5D0B, 0x5D0B, 0x5D0B, 0x550A, 0x4CC9, 0x550B, 0x8E12, 0xE77C, 0xFFFF, 0xFFFF, 0xFFFF, 0xFFFF, 0xFFFF, 0xFFFF,
 0xFFFF, 0xFFFF, 0xFFFF, 0xFFFF, 0xFFFF, 0xFFFF, 0xFFFF, 0xFFFF, 0xFFFF, 0xFFFF, 0xFFFF, 0xFFFF, 0xFFFF, 0xBED7, 0x4CC9, 0x5D0B,
 0x5D0B, 0x5D0B, 0x5D0B, 0x5D0B, 0x5D0B, 0x5D0B, 0x5D0B, 0x5D0B, 0x550B, 0x4CE9, 0x550B, 0xA654, 0xF7DE, 0xFFFF, 0xFFFF, 0xFFFF,
 0xFFFF, 0xFFFF, 0xFFFF, 0xFFFF, 0xFFFF, 0xFFFF, 0xFFFF, 0xFFFF, 0xFFFF, 0xFFFF, 0xFFFF, 0xFFFF, 0xFFFF, 0xFFFF, 0xEF9D, 0x5D2B,
 0x550B, 0x5D0B, 0x550A, 0x5D0B, 0x5D0B, 0x5D0B, 0x5D0B, 0x550A, 0x5D0B, 0x550A, 0x550A, 0x54E9, 0x44A8, 0x6D6D, 0xDF5A, 0xFFFF,
 0xFFFF, 0xFFFF, 0xFFFF, 0xFFFF, 0xFFFF, 0xFFFF, 0xFFFF, 0xFFFF, 0xFFFF, 0xFFFF, 0xFFFF, 0xFFFF, 0xFFFF, 0xFFFF, 0xFFFF, 0xFFFF,
 0x9E33, 0x4CEA, 0x550B, 0x5D6F, 0x5D2C, 0x5D4E, 0x765B, 0x765C, 0x65B2, 0x550A, 0x65D4, 0x6E17, 0x6DF6, 0x65D4, 0x5570, 0x552C,
 0xBEB6, 0xFFFF, 0xFFFF, 0xFFFF, 0xFFFF, 0xFFFF, 0xFFFF, 0xFFFF, 0xFFFF, 0xE77C, 0xA674, 0xE79C, 0xFFFF, 0xFFFF, 0xFFFF, 0xFFFF,
 0xFFFF, 0xC6D7, 0x4CC9, 0x6DF7, 0x6E3A, 0x550A, 0x6DF6, 0x76BF, 0x76BF, 0x765C, 0x54E9, 0x6E18, 0x7EBF, 0x769F, 0x76BF, 0x769F,
 0x6E5C, 0x5DD6, 0xA6DA, 0xF7DF, 0xFFFF, 0xFFFF, 0xFFFF, 0xFFFF, 0xFFFF, 0xFFFF, 0x8DF1, 0x3C87, 0x5D2C, 0xC6F8, 0xFFFF, 0xFFFF,
 0xFFFF, 0xEF9D, 0x7E15, 0x54E9, 0x6E3A, 0x65D5, 0x54E8, 0x6E19, 0x76BF, 0x769F, 0x65D4, 0x54E9, 0x6E39, 0x769F, 0x769E, 0x769E,
 0x769E, 0x769F, 0x769F, 0x6E7E, 0x7E9E, 0x9EFE, 0xDF9F, 0xFFFF, 0xFFFF, 0xFFFF, 0xFFFF, 0xB6B6, 0x4CEA, 0x54EA, 0x4CEA, 0xCF19,
 0xFFFF, 0xEF9C, 0x7638, 0x5571, 0x5D0B, 0x6E5B, 0x767D, 0x5D6F, 0x550A, 0x6E5B, 0x6E3A, 0x54E8, 0x65B3, 0x769F, 0x769E, 0x769E,
 0x769E, 0x769E, 0x769E, 0x769E, 0x769E, 0x767E, 0x6E7E, 0x6E7E, 0xBF5F, 0xFFFF, 0xFFFF, 0xFFFF, 0xF7BE, 0x654C, 0x550B, 0x54EA,
 0x6D6D, 0xDF5A, 0x8659, 0x6E5D, 0x550A, 0x6590, 0x769F, 0x7EBF, 0x6E5B, 0x54E9, 0x65B3, 0x765C, 0x550A, 0x5D4E, 0x767C, 0x769F,
 0x769E, 0x769E, 0x769E, 0x769E, 0x769E, 0x769E, 0x769E, 0x769E, 0x767E, 0x6E7E, 0xCF7F, 0xFFFF, 0xFFFF, 0xFFFF, 0x85F1, 0x4CEA,
 0x5D0B, 0x54EA, 0x5D4E, 0x6E7E, 0x7EBF, 0x65D5, 0x54E9, 0x6E39, 0x6E18, 0x5D0B, 0x550B, 0x6E19, 0x76BF, 0x6E5B, 0x550A, 0x6592,
 0x769F, 0x769E, 0x769E, 0x769E, 0x769E, 0x769E, 0x769E, 0x769E, 0x769E, 0x769E, 0x767E, 0x769E, 0xD77F, 0xFFFF, 0xFFFF, 0xA654,
 0x4CE9, 0x5D0B, 0x54EA, 0x65B4, 0x76BF, 0x767D, 0x6591, 0x550B, 0x6E19, 0x5D2C, 0x5D4E, 0x767D, 0x76BF, 0x769F, 0x6E3A, 0x550A,
 0x65B2, 0x769F, 0x769E, 0x769E, 0x769E, 0x769E, 0x769E, 0x769E, 0x769E, 0x769E, 0x769E, 0x769E, 0x6E7E, 0x769E, 0xFFFF, 0xFFFF,
 0xA654, 0x4CE9, 0x5D0B, 0x550A, 0x65F6, 0x7EBF, 0x65B3, 0x54C7, 0x65D5, 0x76BF, 0x5D70, 0x550A, 0x65B2, 0x765C, 0x6E39, 0x550A,
 0x5D6F, 0x767D, 0x769F, 0x769E, 0x769E, 0x769E, 0x769E, 0x769E, 0x769E, 0x7EBF, 0x7EBF, 0x769E, 0x769E, 0x769E, 0x6E7E, 0xFFFF,
 0xFFFF, 0x85D0, 0x4CEA, 0x5D0B, 0x54E9, 0x65D4, 0x7EBF, 0x6E18, 0x5D0B, 0x5D2B, 0x6DF6, 0x769E, 0x65D4, 0x5D0B, 0x5D2C, 0x5D70,
 0x54E9, 0x65D5, 0x76BF, 0x769E, 0x769E, 0x769E, 0x769E, 0x769E, 0x769E, 0x769F, 0x5D75, 0x5D12, 0x769E, 0x769E, 0x769E, 0x6E7E,
 0xFFFF, 0xEFBD, 0x5D2C, 0x550B, 0x5D0B, 0x54E9, 0x6591, 0x769F, 0x769F, 0x767D, 0x5D6F, 0x550A, 0x767D, 0x7EBF, 0x767D, 0x5D0B,
 0x6591, 0x65B3, 0x54E9, 0x65B2, 0x769F, 0x769E, 0x769E, 0x769E, 0x769E, 0x76BF, 0x6DF9, 0x3303, 0x2AC2, 0x65D8, 0x7EBF, 0x6E7E,
 0x8EBE, 0xFFFF, 0x9E33, 0x4CEA, 0x550B, 0x4CC9, 0xA653, 0xD73B, 0x6E5C, 0x769F, 0x767D, 0x5D2D, 0x5D4E, 0x769E, 0x76BF, 0x6E18,
 0x54E9, 0x6DF7, 0x7EDF, 0x65B3, 0x54E9, 0x6E5B, 0x769F, 0x769E, 0x769E, 0x769E, 0x769F, 0x6E3B, 0x43C8, 0x3BC8, 0x6E3B, 0x769F,
 0x6E7E, 0xD79F, 0xC6F8, 0x4CEA, 0x4CEA, 0x4CC9, 0x9E33, 0xFFFF, 0xFFFF, 0xB71E, 0x6E7F, 0x65B3, 0x550A, 0x6E5B, 0x76BF, 0x765C,
 0x550A, 0x5D6F, 0x769E, 0x769E, 0x5D4E, 0x5D4E, 0x769E, 0x769E, 0x769E, 0x769E, 0x769E, 0x769E, 0x769F, 0x767D, 0x767D, 0x769F,
 0x665E, 0xA71F, 0xFFFF, 0x9E53, 0x3CA8, 0x656D, 0xC6F8, 0xFFFF, 0xFFFF, 0xFFFF, 0xFFFF, 0x96FF, 0x5D71, 0x5D2D, 0x769F, 0x76BF,
 0x65B3, 0x550A, 0x765C, 0x7EBF, 0x65D4, 0x54E9, 0x6E3A, 0x769F, 0x769E, 0x769E, 0x769E, 0x769E, 0x769E, 0x769E, 0x769F, 0x769F,
 0x667E, 0x8EDE, 0xF7FF, 0xFFFF, 0xF7DE, 0xC6F8, 0xF7DE, 0xFFFF, 0xFFFF, 0xFFFF, 0xFFFF, 0xFFFF, 0xEFBE, 0x6DD3, 0x54EA, 0x6DF7,
 0x76BF, 0x5D6F, 0x5D4F, 0x76BF, 0x767E, 0x5D2C, 0x6592, 0x76BF, 0x769E, 0x769E, 0x769E, 0x769E, 0x769E, 0x769E, 0x769E, 0x6E9F,
 0x665E, 0x96DE, 0xF7DF, 0xFFFF, 0xFFFF, 0xFFFF, 0xFFFF, 0xFFFF, 0xFFFF, 0xFFFF, 0xFFFF, 0xFFFF, 0xFFFF, 0xFFFF, 0x8E12, 0x4CEA,
 0x550A, 0x765B, 0x65D4, 0x5D0B, 0x767E, 0x769E, 0x5D0B, 0x6591, 0x769F, 0x769F, 0x769E, 0x769F, 0x769F, 0x76BF, 0x769F, 0x665C,
 0x7E59, 0xC73D, 0xFFFF, 0xFFFF, 0xFFFF, 0xFFFF, 0xFFFF, 0xFFFF, 0xFFFF, 0xFFFF, 0xFFFF, 0xFFFF, 0xFFFF, 0xFFFF, 0xFFFF, 0x8E11,
 0x4CEA, 0x550A, 0x65B3, 0x6E39, 0x5D0B, 0x5D70, 0x769E, 0x6DF6, 0x550A, 0x5D4D, 0x65D4, 0x769F, 0x767D, 0x6E19, 0x5DB4, 0x65B3,
 0xB6D8, 0xF7BD, 0xFFFF, 0xFFFF, 0xFFFF, 0xFFFF, 0xFFFF, 0xFFFF, 0xFFFF, 0xFFFF, 0xFFFF, 0xFFFF, 0xFFFF, 0xFFFF, 0xFFFF, 0xDF7B,
 0x5D2B, 0x550B, 0x5D0B, 0x550A, 0x5D2D, 0x5D4E, 0x54E9, 0x5D4E, 0x6E19, 0x6591, 0x550A, 0x5D2B, 0x5D6F, 0x4CEB, 0x54EA, 0x8DF0,
 0xE77B, 0xFFFF, 0xFFFF, 0xFFFF, 0xFFFF, 0xFFFF, 0xFFFF, 0xFFFF, 0xFFFF, 0xFFFF, 0xFFFF, 0xFFFF, 0xFFFF, 0xFFFF, 0xFFFF, 0xF7DE,
 0x6D6E, 0x4CEA, 0x5D0B, 0x5D0B, 0x5D0B, 0x550B, 0x550B, 0x5D0B, 0x550A, 0x550A, 0x5D0B, 0x5D0B, 0x4CE9, 0x54EA, 0x9611, 0xDF5B,
 0xFFFF, 0xFFFF, 0xFFFF, 0xFFFF, 0xFFFF, 0xFFFF, 0xFFFF, 0xFFFF, 0xFFFF, 0xFFFF, 0xFFFF, 0xFFFF, 0xFFFF, 0xFFFF, 0xFFFF, 0xFFFF,
 0x8E12, 0x4CC9, 0x5D0B, 0x5D0B, 0x5D0B, 0x5D0B, 0x5D0B, 0x5D0B, 0x5D0B, 0x5D0B, 0x5D0B, 0x54EA, 0x4CE9, 0x7DD0, 0xDF5B, 0xFFFF,
 0xFFFF, 0xFFFF, 0xFFFF, 0xFFFF, 0xFFFF, 0xFFFF, 0xFFFF, 0xFFFF, 0xFFFF, 0xFFFF, 0xFFFF, 0xFFFF, 0xFFFF, 0xFFFF, 0xFFFF, 0xFFFF,
 0xA654, 0x4CEA, 0x5D0B, 0x5D0B, 0x5D0B, 0x5D0B, 0x5D0B, 0x5D0B, 0x5D0B, 0x5D0B, 0x4CEA, 0x4CEA, 0x6D6E, 0xBED7, 0xFFFF, 0xFFFF,
 0xFFFF, 0xFFFF, 0xFFFF, 0xFFFF, 0xFFFF, 0xFFFF, 0xFFFF, 0xFFFF, 0xFFFF, 0xFFFF, 0xFFFF, 0xFFFF, 0xFFFF, 0xFFFF, 0xFFFF, 0xF7BE,
 0x8E12, 0x4CC9, 0x550B, 0x5D0B, 0x5D0B, 0x5D0B, 0x5D0B, 0x5D0B, 0x550B, 0x4CEA, 0x4CEA, 0x758F, 0xBED8, 0xFFFF, 0xFFFF, 0xFFFF,
 0xFFFF, 0xFFFF, 0xFFFF, 0xFFFF, 0xFFFF, 0xFFFF, 0xFFFF, 0xFFFF, 0xFFFF, 0xFFFF, 0xFFFF, 0xFFFF, 0xFFFF, 0xFFFF, 0xFFFF, 0xFFFF,
 0xDF5B, 0x654C, 0x4CEA, 0x4CE9, 0x4CEA, 0x4CEA, 0x4CEA, 0x4CE9, 0x4CEA, 0x550B, 0x758E, 0xC6F8, 0xFFFF, 0xFFFF, 0xFFFF, 0xFFFF,
 0xFFFF, 0xFFFF, 0xFFFF, 0xFFFF, 0xFFFF, 0xFFFF, 0xFFFF, 0xFFFF, 0xFFFF, 0xFFFF, 0xFFFF, 0xFFFF, 0xFFFF, 0xFFFF, 0xFFFF, 0xFFFF,
 0xFFFF, 0xFFFF, 0xFFFF, 0xDF5B, 0xB6B6, 0xA674, 0xA674, 0xA675, 0xBED7, 0xCF3A, 0xE79C, 0xFFFF, 0xFFFF, 0xFFFF, 0xFFFF, 0xFFFF,
 0xFFFF, 0xFFFF, 0xFFFF, 0xFFFF, 0xFFFF, 0xFFFF, 0xFFFF, 0xFFFF, 0xFFFF, 0xFFFF, 0xFFFF, 0xFFFF, 0xFFFF, 0xFFFF,
};

const unsigned short cutgreenfish[] = {
 0xFFFF, 0xFFFF, 0xFFFF, 0xFFFF, 0xF7BE, 0xB6B6, 0xBED7, 0xD73A, 0xEF9D, 0xFFFF, 0xFFFF, 0xFFFF, 0xFFFF, 0xFFFF, 0xFFFF, 0xFFFF,
 0xFFFF, 0xFFFF, 0xFFFF, 0xFFFF, 0xFFFF, 0xFFFF, 0xFFFF, 0xFFFF, 0xFFFF, 0xFFFF, 0xFFFF, 0xFFFF, 0xFFFF, 0xFFFF, 0xFFFF, 0xFFFF,
 0xFFFF, 0xFFFF, 0xFFFF, 0xFFFF, 0xFFFF, 0xFFFF, 0xFFFF, 0xFFFF, 0xFFFF, 0xFFFF, 0xFFFF, 0x758E, 0x44A8, 0x4CE9, 0x4CEA, 0x5D0B,
 0x6D6D, 0x8DF1, 0xAE75, 0xA675, 0xC6F8, 0xE79C, 0xFFFF, 0xFFFF, 0xFFFF, 0xFFFF, 0xFFFF, 0xFFFF, 0xFFFF, 0xFFFF, 0xFFFF, 0xFFFF,
 0xFFFF, 0xFFFF, 0xFFFF, 0xFFFF, 0xFFFF, 0xFFFF, 0xFFFF, 0xFFFF, 0xFFFF, 0xFFFF, 0xFFFF, 0xFFFF, 0xFFFF, 0xFFFF, 0xFFFF, 0xFFFF,
 0xFFFF, 0xFFFF, 0x9E54, 0x4CE9, 0x5D0B, 0x5D0B, 0x550B, 0x550A, 0x4CEA, 0x4CE9, 0x4CE9, 0x4CEA, 0x5D0B, 0x758E, 0x9E54, 0xDF5B,
 0xFFFF, 0xFFFF, 0xFFFF, 0xFFFF, 0xFFFF, 0xFFFF, 0xFFFF, 0xFFFF, 0xFFFF, 0xFFFF, 0xFFFF, 0xFFFF, 0xFFFF, 0xFFFF, 0xFFFF, 0xFFFF,
 0xFFFF, 0xFFFF, 0xFFFF, 0xFFFF, 0xFFFF, 0xFFFF, 0xFFFF, 0xFFFF, 0xFFFF, 0xFFFF, 0x85F1, 0x4CEA, 0x5D0B, 0x5D0B, 0x5D0B, 0x5D0B,
 0x5D0B, 0x5D0B, 0x5D0B, 0x550B, 0x54EA, 0x4CC9, 0x550B, 0x85D0, 0xC719, 0xFFFF, 0xFFFF, 0xFFFF, 0xFFFF, 0xFFFF, 0xFFFF, 0xFFFF,
 0xFFFF, 0xFFFF, 0xFFFF, 0xFFFF, 0xFFFF, 0xFFFF, 0xFFFF, 0xFFFF, 0xFFFF, 0xFFFF, 0xFFFF, 0xFFFF, 0xFFFF, 0xFFFF, 0xFFFF, 0xFFFF,
 0xFFFF, 0xEFBD, 0x654C, 0x54EA, 0x5D0B, 0x5D0B, 0x5D0B, 0x5D0B, 0x5D0B, 0x5D0B, 0x5D0B, 0x5D0B, 0x5D0B, 0x550B, 0x4CEA, 0x4CEA,
 0x6D8E, 0xAE96, 0xF7BE, 0xFFFF, 0xFFFF, 0xFFFF, 0xFFFF, 0xFFFF, 0xFFFF, 0xFFFF, 0xFFFF, 0xFFFF, 0xFFFF, 0xFFFF, 0xFFFF, 0xFFFF,
 0xFFFF, 0xFFFF, 0xFFFF, 0xFFFF, 0xFFFF, 0xFFFF, 0xFFFF, 0xFFFF, 0xFFFF, 0xCF19, 0x4CEA, 0x550B, 0x5D0B, 0x5D0B, 0x5D0B, 0x5D0B,
 0x5D0B, 0x5D0B, 0x5D0B, 0x5D0B, 0x5D0B, 0x5D0B, 0x5D0B, 0x54EA, 0x4CC9, 0x654D, 0xDF5B, 0xFFFF, 0xFFFF, 0xFFFF, 0xFFFF, 0xFFFF,
 0xFFFF, 0xFFFF, 0xFFFF, 0xFFFF, 0xFFFF, 0xFFFF, 0xFFFF, 0xFFFF, 0xFFFF, 0xFFFF, 0xFFFF, 0xFFFF, 0xFFFF, 0xFFFF, 0xFFFF, 0xFFFF,
 0xFFFF, 0xB6B6, 0x4CEA, 0x550B, 0x5D0B, 0x5D0B, 0x5D0B, 0x5D0B, 0x5D0B, 0x550B, 0x550A, 0x5D0B, 0x5D0B, 0x550A, 0x550A, 0x550A,
 0x4CC9, 0x5D2B, 0xDF5B, 0xFFFF, 0xFFFF, 0xFFFF, 0xFFFF, 0xFFFF, 0xFFFE, 0xEF9C, 0xFFFF, 0xFFFF, 0xFFFF, 0xFFFF, 0xFFFF, 0xFFFF,
 0xFFFF, 0xFFFF, 0xFFFF, 0xFFFF, 0xFFFF, 0xFFFF, 0xFFFF, 0xFFFF, 0xFFFF, 0x9E53, 0x4CE9, 0x5D0B, 0x5D0B, 0x550A, 0x5D0B, 0x550B,
 0x5D4D, 0x65D4, 0x550A, 0x5D70, 0x6E39, 0x6DF6, 0x65B3, 0x5D6F, 0x4D0B, 0x652C, 0xF7BC, 0xFFFF, 0xFFFF, 0xFFFF, 0xFFFF, 0xA698,
 0x65D5, 0x8614, 0xBEF8, 0xFFDE, 0xFFFF, 0xFFFF, 0xFFFF, 0xFFFF, 0xFFFF, 0xFFFF, 0xF7BE, 0xFFFF, 0xFFFF, 0xFFFF, 0xFFFF, 0xFFFF,
 0xFFFF, 0x758F, 0x54EA, 0x550B, 0x65D4, 0x65B3, 0x54E9, 0x6E18, 0x7EBF, 0x5D70, 0x5D0B, 0x767D, 0x76BF, 0x76BF, 0x7E5E, 0x7E5D,
 0x5DD6, 0x9E97, 0xFFFF, 0xFFFF, 0xFFFF, 0xF7DF, 0x769E, 0x6E9F, 0x6E7D, 0x663B, 0x869D, 0xD77F, 0xFFFF, 0xFFFF, 0xFFFF, 0xF7DE,
 0x758E, 0x5D2C, 0x9632, 0xF7DE, 0xFFFF, 0xFFFF, 0xFFFF, 0xFFFF, 0xAE96, 0x4D0C, 0x550A, 0x767D, 0x65D4, 0x550A, 0x767C, 0x76BF,
 0x6E39, 0x54E9, 0x6E17, 0x76BF, 0x863E, 0xAD3E, 0xAD5F, 0x9DBF, 0x763E, 0xAF3F, 0xFFFF, 0xFFFF, 0xF7DF, 0x7E9E, 0x767E, 0x769E,
 0x769F, 0x6E7E, 0x6E7E, 0xAF1F, 0xFFFF, 0xFFFF, 0xEF9D, 0x4CE9, 0x54EA, 0x44C9, 0x7DAF, 0xF7DE, 0xFFFF, 0xFFFF, 0xFFFF, 0x8E57,
 0x550C, 0x5D6F, 0x769F, 0x6E39, 0x54E9, 0x65B3, 0x7EBF, 0x6E18, 0x54E9, 0x6E18, 0x76BF, 0x95DE, 0xAD1E, 0xAD5E, 0xAD3E, 0xA55E,
 0x763E, 0xE7DF, 0xFFFF, 0xFFFF, 0x96DE, 0x6E7E, 0x769E, 0x769E, 0x769E, 0x767E, 0x665E, 0xAF1F, 0xFFFF, 0xFFFF, 0xA674, 0x4CEA,
 0x5D0B, 0x4CEA, 0x7DAF, 0xB6B6, 0xB695, 0x8613, 0x6DF7, 0x54E9, 0x6DF7, 0x76BF, 0x76BF, 0x5D6F, 0x5D2C, 0x769F, 0x65B2, 0x550A,
 0x765C, 0x76BF, 0x8DDE, 0xAD3E, 0x8BFE, 0x8BDD, 0xAD3E, 0x9D3E, 0xB71F, 0xFFFF, 0xFFFF, 0xAF1E, 0x6E7E, 0x769E, 0x769E, 0x769E,
 0x769E, 0x769E, 0x6E7E, 0xCF7F, 0xFFFF, 0xFFFF, 0x85D0, 0x4CEA, 0x5D0B, 0x54EA, 0x4CC9, 0x4CEA, 0x663A, 0x767D, 0x5D2C, 0x5D4E,
 0x769E, 0x6E19, 0x550A, 0x6570, 0x769E, 0x5D2D, 0x5D70, 0x769F, 0x769E, 0x8E1E, 0xAD1E, 0x7B1D, 0x729D, 0x941E, 0xAD3E, 0xA61E,
 0xFFFF, 0xFFFF, 0xCF7F, 0x6E7E, 0x769E, 0x769E, 0x769E, 0x769E, 0x769E, 0x767E, 0x7E9E, 0xFFFF, 0xFFFF, 0xBED7, 0x4CEA, 0x5D0B,
 0x5D0B, 0x550A, 0x65D5, 0x76BF, 0x76BF, 0x65B3, 0x54E9, 0x6E18, 0x5D2B, 0x5D4D, 0x767D, 0x767D, 0x550B, 0x65B2, 0x76BF, 0x769E,
 0x863E, 0xA51E, 0x833D, 0x7ADD, 0x7B3D, 0xA4FE, 0x9DBE, 0xEFFF, 0xFFFF, 0xFFFF, 0x86BE, 0x6E7E, 0x769E, 0x769F, 0x769F, 0x76BF,
 0x769F, 0x665E, 0xFFFF, 0xFFFF, 0xCF19, 0x4CEA, 0x5D0B, 0x5D0B, 0x5D0B, 0x6E5B, 0x76BF, 0x6E18, 0x550A, 0x6591, 0x765B, 0x550A,
 0x5D4E, 0x767D, 0x769F, 0x5D4F, 0x5D0B, 0x765C, 0x769F, 0x7E7E, 0xA55E, 0x835D, 0x7ADD, 0x7ADD, 0x9C9E, 0x9D9E, 0xE7BF, 0xFFFF,
 0xFFFF, 0xA6FF, 0x6E9F, 0x5D13, 0x4C6E, 0x767E, 0x4C4D, 0x6597, 0x76BF, 0xFFFF, 0xFFFF, 0xBED7, 0x4CEA, 0x5D0B, 0x550B, 0x5D2C,
 0x767C, 0x76BF, 0x5D70, 0x54E9, 0x6E5B, 0x7EBF, 0x6DF7, 0x550A, 0x5D2C, 0x767D, 0x6E3A, 0x550A, 0x6590, 0x769F, 0x769E, 0xA59E,
 0x8B9D, 0x7ADD, 0x7ADD, 0x9C5E, 0x9D9E, 0xD79F, 0xFFFF, 0xFFFF, 0x96DE, 0x76BF, 0x6596, 0x3325, 0x3BA9, 0x3304, 0x65B8, 0x86DF,
 0xFFFF, 0xFFFF, 0x8DF1, 0x4CEA, 0x5D0B, 0x5D0B, 0x550B, 0x6E3A, 0x76BF, 0x6E18, 0x550A, 0x6591, 0x769E, 0x7EBF, 0x6E18, 0x54E8,
 0x65D5, 0x7EDF, 0x5D70, 0x5D2B, 0x767D, 0x769E, 0x9DDE, 0x93FE, 0x7ADD, 0x7ADD, 0x9C5E, 0x9D9E, 0xD79F, 0xFFFF, 0xFFFF, 0x96DE,
 0x769F, 0x6DF9, 0x3324, 0x3324, 0x65D9, 0x6EBF, 0x9EFE, 0xFFFF, 0xE77C, 0x550B, 0x550B, 0x5D0B, 0x550B, 0x4CC9, 0x65B4, 0x76BF,
 0x76BF, 0x65B3, 0x54E9, 0x6E5B, 0x76BF, 0x65B3, 0x54E9, 0x6E39, 0x767C, 0x550A, 0x6591, 0x769F, 0x769E, 0x8DFE, 0xA49E, 0x7ADD,
 0x7ADD, 0xA4BE, 0x95BE, 0xDFBF, 0xFFFF, 0xFFFF, 0x96FF, 0x6E5D, 0x3B67, 0x3B88, 0x3345, 0x5D76, 0x6E9F, 0xCF7F, 0xFFFF, 0x85F1,
 0x4CEA, 0x5D2B, 0x4CEA, 0x652C, 0x7DAE, 0x6D8F, 0x6E7D, 0x767D, 0x5D2D, 0x5D4D, 0x769E, 0x6E18, 0x54E8, 0x65B2, 0x7EBF, 0x65D4,
 0x54E9, 0x6E3A, 0x769F, 0x769E, 0x863E, 0xAD3E, 0x943E, 0x945E, 0xAD3E, 0x961E, 0xF7FF, 0xFFFF, 0xFFFF, 0x8EDE, 0x6E7E, 0x6596,
 0x767D, 0x4C6E, 0x2B04, 0x8E9D, 0xFFFF, 0xD73A, 0x54EA, 0x550B, 0x4CC9, 0x8DF1, 0xEF9D, 0xFFFF, 0xF7BD, 0x8E9B, 0x6619, 0x54E8,
 0x6E17, 0x7EBF, 0x6570, 0x5D0B, 0x767E, 0x769F, 0x5D6F, 0x5D4D, 0x769E, 0x769E, 0x769E, 0x767E, 0xA55E, 0xAD5E, 0xAD5E, 0x9D3E,
 0xA6DE, 0xFFFF, 0xFFFF, 0xFFFF, 0x8EBE, 0x6E7F, 0x7EBF, 0x7EBF, 0x663C, 0x6512, 0xE79E, 0xFFFF, 0x9E33, 0x3CA8, 0x550B, 0xA654,
 0xFFFF, 0xFFFF, 0xFFFF, 0xFFFF, 0xDF5B, 0x65F7, 0x550B, 0x65B3, 0x7EBF, 0x6591, 0x5D0B, 0x767D, 0x769F, 0x5D6F, 0x5D4D, 0x769F,
 0x769E, 0x769E, 0x769E, 0x861E, 0xA55E, 0xA55F, 0x7DFE, 0xDFBF, 0xFFFF, 0xFFFF, 0xFFFF, 0x8659, 0x6E5D, 0x767D, 0x663B, 0x86BD,
 0xF7FF, 0xFFFF, 0xFFFF, 0xE79C, 0xB6B6, 0xE77C, 0xFFFF, 0xFFFF, 0xFFFF, 0xFFFF, 0xFFFF, 0xFFFF, 0x7DF3, 0x5D4F, 0x54E9, 0x6E39,
 0x6E3A, 0x54E8, 0x65D4, 0x7EDF, 0x65B3, 0x54E9, 0x6E3A, 0x769F, 0x769E, 0x769E, 0x76BF, 0x767F, 0x65F8, 0xBF3B, 0xFFFF, 0xFFFF,
 0xFFFF, 0xFFFF, 0xAE95, 0x552D, 0x5D4D, 0x9633, 0xF7DE, 0xFFFF, 0xFFFF, 0xFFFF, 0xFFFF, 0xFFFF, 0xFFFF, 0xFFFF, 0xFFFF, 0xFFFF,
 0xFFFF, 0xFFFF, 0xDF5B, 0x550A, 0x552C, 0x5D2D, 0x6E39, 0x76BF, 0x6591, 0x54E9, 0x65D5, 0x767D, 0x5D2C, 0x5D0B, 0x65D5, 0x7EBF,
 0x769F, 0x6E5C, 0x5DD5, 0xB6B6, 0xFFFF, 0xFFFF, 0xFFFF, 0xFFFF, 0xFFFF, 0xFFFF, 0xE77B, 0xE79C, 0xFFFF, 0xFFFF, 0xFFFF, 0xFFFF,
 0xFFFF, 0xFFFF, 0xFFFF, 0xFFFF, 0xFFFF, 0xFFFF, 0xFFFF, 0xFFFF, 0xF7DE, 0x758E, 0x4CEA, 0x5D0B, 0x5D2B, 0x5D2D, 0x6590, 0x5D70,
 0x550A, 0x5D2D, 0x6E39, 0x65B3, 0x550A, 0x5D70, 0x65D5, 0x552E, 0x5D2C, 0xC6D7, 0xFFFF, 0xFFFF, 0xFFFF, 0xFFFF, 0xFFFF, 0xFFFF,
 0xFFFF, 0xFFFF, 0xFFFF, 0xFFFF, 0xFFFF, 0xFFFF, 0xFFFF, 0xFFFF, 0xFFFF, 0xFFFF, 0xFFFF, 0xFFFF, 0xFFFF, 0xFFFF, 0xFFFF, 0x9612,
 0x4CC9, 0x5D0B, 0x5D0B, 0x5D0B, 0x550B, 0x550A, 0x550A, 0x5D0B, 0x5D0B, 0x550A, 0x5D2B, 0x5D2B, 0x4CEA, 0x4CC9, 0x9611, 0xE79C,
 0xFFFF, 0xFFFF, 0xFFFF, 0xFFFF, 0xFFFF, 0xFFFF, 0xFFFF, 0xFFFF, 0xFFFF, 0xFFFF, 0xFFFF, 0xFFFF, 0xFFFF, 0xFFFF, 0xFFFF, 0xFFFF,
 0xFFFF, 0xFFFF, 0xFFFF, 0xFFFF, 0xFFFF, 0xBED7, 0x4CE9, 0x550B, 0x5D0B, 0x5D0B, 0x5D0B, 0x5D0B, 0x5D0B, 0x5D0B, 0x5D0B, 0x5D0B,
 0x550B, 0x4CEA, 0x4CEA, 0x7DAF, 0xD73A, 0xFFFF, 0xFFFF, 0xFFFF, 0xFFFF, 0xFFFF, 0xFFFF, 0xFFFF, 0xFFFF, 0xFFFF, 0xFFFF, 0xFFFF,
 0xFFFF, 0xFFFF, 0xFFFF, 0xFFFF, 0xFFFF, 0xFFFF, 0xFFFF, 0xFFFF, 0xFFFF, 0xFFFF, 0xFFFF, 0xDF5B, 0x550B, 0x550A, 0x5D0B, 0x5D0B,
 0x5D0B, 0x5D0B, 0x5D0B, 0x5D0B, 0x5D0B, 0x550B, 0x4CE9, 0x550B, 0x7DAF, 0xC6F8, 0xFFFF, 0xFFFF, 0xFFFF, 0xFFFF, 0xFFFF, 0xFFFF,
 0xFFFF, 0xFFFF, 0xFFFF, 0xFFFF, 0xFFFF, 0xFFFF, 0xFFFF, 0xFFFF, 0xFFFF, 0xFFFF, 0xFFFF, 0xFFFF, 0xFFFF, 0xFFFF, 0xFFFF, 0xFFFF,
 0xFFFF, 0xDF7B, 0x654C, 0x54EA, 0x5D0B, 0x5D0B, 0x550B, 0x550A, 0x54EA, 0x4CEA, 0x4CE9, 0x4CEA, 0x652C, 0x9E33, 0xDF5B, 0xFFFF,
 0xFFFF, 0xFFFF, 0xFFFF, 0xFFFF, 0xFFFF, 0xFFFF, 0xFFFF, 0xFFFF, 0xFFFF, 0xFFFF, 0xFFFF, 0xFFFF, 0xFFFF, 0xFFFF, 0xFFFF, 0xFFFF,
 0xFFFF, 0xFFFF, 0xFFFF, 0xFFFF, 0xFFFF, 0xFFFF, 0xFFFF, 0xFFFF, 0xBED8, 0x3CA8, 0x4CEA, 0x4CE9, 0x4CEA, 0x5D0B, 0x654D, 0x758E,
 0x85D0, 0x9E53, 0xC6F8, 0xEFBE, 0xFFFF, 0xFFFF, 0xFFFF, 0xFFFF, 0xFFFF, 0xFFFF, 0xFFFF, 0xFFFF, 0xFFFF, 0xFFFF, 0xFFFF, 0xFFFF,
 0xFFFF, 0xFFFF, 0xFFFF, 0xFFFF, 0xFFFF, 0xFFFF, 0xFFFF, 0xFFFF, 0xFFFF, 0xFFFF, 0xFFFF, 0xFFFF, 0xFFFF, 0xFFFF, 0xFFFF, 0xFFDF,
 0xAE95, 0x8E11, 0xB6B6, 0xD73A, 0xEF9D, 0xFFDF, 0xFFFF, 0xFFFF, 0xFFFF, 0xFFFF, 0xFFFF, 0xFFFF, 0xFFFF, 0xFFFF, 0xFFFF, 0xFFFF,
 0xFFFF, 0xFFFF, 0xFFFF, 0xFFFF, 0xFFFF, 0xFFFF, 0xFFFF, 0xFFFF, 0xFFFF, 0xFFFF, 0xFFFF, 0xFFFF, 0xFFFF, 0xFFFF, 0xFFFF, 0xFFFF,
 0xFFFF, 0xFFFF,
};

//15x15
const unsigned short cursor1[] = {
 0xFFFF, 0xFFFF, 0xFFFF, 0xF7BE, 0xD699, 0xCE38, 0xB5B6, 0xA555, 0xAD75, 0xC617, 0xDEB9, 0xEF3C, 0xFFFF, 0xFFFF, 0xFFFF, 0xFFFF,
 0xFFFF, 0xFFFF, 0x94F4, 0x0A0E, 0x0291, 0x02D3, 0x0B97, 0x1BD7, 0x23B6, 0x1B34, 0x32CF, 0xB596, 0xFFFF, 0xFFFF, 0xFFFF, 0xFFFF,
 0xFFFF, 0x7C52, 0x02F4, 0x0B98, 0x1BF9, 0x4DBF, 0x563F, 0x2D1E, 0x0337, 0x020F, 0xA514, 0xFFFF, 0xFFFF, 0xFFFF, 0xFFFF, 0xFFFF,
 0x8493, 0x1397, 0x3D1D, 0x455D, 0x55DF, 0x5DFF, 0x4D7D, 0x13FA, 0x1AD1, 0xD679, 0xFFFF, 0xFFFF, 0xFFFF, 0xFFFF, 0xFFFE, 0x7BF0,
 0x0251, 0x02F5, 0x0B15, 0x3CFC, 0x5DFF, 0x5E1F, 0x24BC, 0x534F, 0xFF7C, 0xFFFF, 0xFFFF, 0xFFFF, 0xE6FB, 0x63B0, 0x1AB0, 0x243A,
 0x349B, 0x34BB, 0x4D9E, 0x5DFF, 0x4DDF, 0x13D8, 0x222C, 0x5B90, 0xDEBA, 0xFFFF, 0xFFDF, 0x6BF1, 0x0B96, 0x357F, 0x45BF, 0x5E1F,
 0x5E1F, 0x55DF, 0x55DF, 0x55BF, 0x353E, 0x353E, 0x0BB8, 0x5370, 0xFFBE, 0xEF1B, 0x2B11, 0x355E, 0x5E1F, 0x55DF, 0x55DF, 0x55DF,
 0x55DF, 0x55DF, 0x55DF, 0x55DF, 0x5E3F, 0x357F, 0x2312, 0xDEDA, 0xDEBA, 0x1B12, 0x3DBF, 0x5DFF, 0x55DF, 0x55DF, 0x55DF, 0x55DF,
 0x55DF, 0x55DF, 0x55DF, 0x5E1F, 0x3DBF, 0x2333, 0xDE99, 0xEF5C, 0x32F0, 0x1C5B, 0x355F, 0x457F, 0x55DF, 0x55DF, 0x55DF, 0x55DF,
 0x55DF, 0x55BF, 0x45BF, 0x0BF9, 0x432F, 0xF75C, 0xFFFF, 0xB5B6, 0x2A4C, 0x13B7, 0x4DDF, 0x55DF, 0x55DF, 0x55DF, 0x55DF, 0x55DF,
 0x3D7F, 0x1355, 0x4B0E, 0xD679, 0xFFFF, 0xFFFF, 0xFFFF, 0xA4D2, 0x1334, 0x561F, 0x5DFF, 0x459F, 0x3D7F, 0x5DFF, 0x5DFF, 0x3D7F,
 0x22AF, 0xEED9, 0xFFFF, 0xFFFF, 0xFFFF, 0xFFFF, 0xDEDA, 0x2ACF, 0x24BD, 0x45FF, 0x1376, 0x12B1, 0x2CFD, 0x563F, 0x1C9C, 0x4350,
 0xFFBE, 0xFFFF, 0xFFFF, 0xFFFF, 0xFFFF, 0xFFFF, 0xC5D6, 0x2AD0, 0x0B14, 0x5B90, 0xAD33, 0x3B30, 0x0B54, 0x1AB0, 0xB5B6, 0xFFFF,
 0xFFFF, 0xFFFF, 0xFFFF, 0xFFFF, 0xFFFF, 0xFFFF, 0xE6FB, 0xC5F7, 0xF79D, 0xFFFF, 0xEF3C, 0xBDB6, 0xD699, 0xFFFF, 0xFFFF, 0xFFFF,
 0xFFFF,
};


//18x19
const unsigned short cursor2[] = {
 0xFFFF, 0xFFFF, 0xFFFF, 0xFFFF, 0xFFFF, 0xFFFF, 0xFFDE, 0xF75C, 0xEF3C, 0xEF3C, 0xEF3B, 0xF75C, 0xFF9D, 0xFFDE, 0xFFFF, 0xFFFF,
 0xFFFF, 0xFFFF, 0xFFFF, 0xFFFF, 0xFFFF, 0xFFFF, 0xFFFF, 0xCE79, 0x5B70, 0x3B30, 0x3B51, 0x3B51, 0x3331, 0x4B71, 0x5BD2, 0x6C12,
 0x94D3, 0xEF5C, 0xFFFF, 0xFFFF, 0xFFFF, 0xFFFF, 0xFFFF, 0xFFFF, 0xFFFF, 0x9CF4, 0x0210, 0x02B5, 0x02D5, 0x141B, 0x2D1E, 0x24FD,
 0x13FA, 0x0337, 0x122E, 0xC5F7, 0xFFFF, 0xFFFF, 0xFFFF, 0xFFFF, 0xFFFF, 0xFFFF, 0xFFFF, 0xA535, 0x1335, 0x245A, 0x2C5A, 0x4D9E,
 0x5E3F, 0x55FF, 0x1BD8, 0x02B4, 0x32CE, 0xEF3C, 0xFFFF, 0xFFFF, 0xFFFF, 0xFFFF, 0xFFFF, 0xFFFF, 0xFFFF, 0xA555, 0x0AF3, 0x245A,
 0x34BB, 0x455D, 0x55DF, 0x5DFF, 0x457D, 0x0B76, 0x7411, 0xFFFF, 0xFFFF, 0xFFFF, 0xFFFF, 0xFFFF, 0xFFFF, 0xFFFF, 0xFFBD, 0x7BF0,
 0x0251, 0x02D4, 0x02B3, 0x2419, 0x55DF, 0x5DFF, 0x45DF, 0x12D1, 0xAD13, 0xFFFF, 0xFFFF, 0xFFFF, 0xFFFF, 0xFFFF, 0xFFFF, 0xD6BA,
 0x4B0E, 0x128F, 0x245B, 0x453D, 0x453D, 0x4D9E, 0x55DF, 0x5DFF, 0x353F, 0x0AB1, 0x2AAE, 0x7C52, 0xF79D, 0xFFFF, 0xFFFF, 0xFFFF,
 0xFFFF, 0x6390, 0x13D8, 0x3DBF, 0x459F, 0x5DFF, 0x5DFF, 0x55FF, 0x55DF, 0x55DF, 0x459F, 0x3D7F, 0x357F, 0x0AD2, 0x9CF3, 0xFFFF,
 0xFFFF, 0xFFFF, 0xE6FB, 0x2AF0, 0x3D7F, 0x5E1F, 0x55DF, 0x55DF, 0x55DF, 0x55DF, 0x55DF, 0x55DF, 0x55DF, 0x5DFF, 0x5E5F, 0x1C39,
 0x7412, 0xFFFF, 0xFFFF, 0xFFDF, 0x7B8D, 0x0A2E, 0x45FF, 0x5DFF, 0x55DF, 0x55DF, 0x55DF, 0x55DF, 0x55DF, 0x55DF, 0x55DF, 0x5DFF,
 0x5E3F, 0x1C39, 0x5B6F, 0xFFDE, 0xFFFF, 0xA514, 0x5269, 0x1988, 0x1C5A, 0x355F, 0x3D5F, 0x55DF, 0x55DF, 0x55DF, 0x55DF, 0x55DF,
 0x55DF, 0x4DDF, 0x3DBF, 0x1314, 0x3186, 0xDEDA, 0xE73C, 0x39E7, 0x52AA, 0x73AE, 0x326C, 0x1376, 0x45BF, 0x55DF, 0x55DF, 0x5DFF,
 0x55DF, 0x55DF, 0x4DDF, 0x247C, 0x1AB0, 0x322A, 0x41E7, 0xBDD7, 0xEF5D, 0x8410, 0xC618, 0xFFDF, 0xB554, 0x1313, 0x4DFF, 0x5DFF,
 0x4DBF, 0x459F, 0x55FF, 0x5DDF, 0x55FF, 0x1C19, 0x5B2D, 0xD658, 0x39C7, 0xA555, 0xFFFF, 0xFFFF, 0xFFFF, 0xFFFF, 0xDEBA, 0x2AF0,
 0x24FD, 0x565F, 0x2D1E, 0x02F4, 0x249B, 0x563F, 0x563F, 0x13B7, 0x8C93, 0xFFFF, 0xB5B6, 0xDEDB, 0xFFFF, 0xFFFF, 0xFFFF, 0xFFFF,
 0xFFFF, 0x736D, 0x01EC, 0x1438, 0x1AF2, 0x736D, 0x3B0F, 0x1BB6, 0x1C18, 0x11CA, 0xCE38, 0xFFFF, 0xFFFF, 0xFFFF, 0xFFFF, 0xFFFF,
 0xFFFF, 0xFFFF, 0xEF7D, 0x83EF, 0x4A49, 0x3209, 0xB596, 0xFFDE, 0xEF1B, 0x6BAF, 0x2987, 0x5269, 0xDEFB, 0xFFFF, 0xFFFF, 0xFFFF,
 0xFFFF, 0xFFFF, 0xFFFF, 0xFFFF, 0xE71C, 0x738E, 0x528A, 0xBDB5, 0xFFFF, 0xFFFF, 0xFFFF, 0xE71C, 0x62EA, 0x4208, 0xE73C, 0xFFFF,
 0xFFFF, 0xFFFF, 0xFFFF, 0xFFFF, 0xFFFF, 0xFFFF, 0xE73C, 0x4228, 0x5AEB, 0xFFDF, 0xFFFF, 0xFFFF, 0xFFFF, 0xFFFF, 0xB5B6, 0x630C,
 0xEF5D, 0xFFFF, 0xFFFF, 0xFFFF, 0xFFFF, 0xFFFF, 0xFFFF, 0xFFFF, 0xFFDF, 0xB5B6, 0xDEDB, 0xFFFF, 0xFFFF, 0xFFFF, 0xFFFF, 0xFFFF,
 0xFFFF, 0xFFDF, 0xFFFF, 0xFFFF, 0xFFFF, 0xFFFF,
};
//height of 65



const unsigned short sleeping_cat[] = {
 0x0000, 0x0000, 0x0000, 0x0000, 0x0000, 0x0000, 0x0000, 0x0000, 0x0000, 0x0000, 0x0000, 0x0000, 0x0000, 0x0000, 0x0000, 0x0000,
 0x0000, 0x0000, 0x0000, 0x0000, 0x0000, 0x0000, 0x0000, 0x0000, 0x0000, 0x0000, 0x0000, 0x0000, 0x0000, 0x0000, 0x0000, 0x0000,
 0x0000, 0x0000, 0x0000, 0x0000, 0x0000, 0x0000, 0x0000, 0x0000, 0x0000, 0x0000, 0x0000, 0x0000, 0x0000, 0x0000, 0x0000, 0x0000,
 0x0000, 0x2924, 0x9C4F, 0x732B, 0x0020, 0x0000, 0x0000, 0x0000, 0x0000, 0x0000, 0x0000, 0x0000, 0x0000, 0x0000, 0x0000, 0x0000,
 0x0000, 0x0000, 0x0000, 0x0000, 0x0000, 0x0000, 0x0000, 0x0000, 0x0000, 0x0000, 0x0000, 0x0000, 0x0000, 0x0000, 0x0000, 0x0000,
 0x0000, 0x0000, 0x0000, 0x0000, 0x0000, 0x0000, 0x0000, 0x0000, 0x0000, 0x0000, 0x0000, 0x0000, 0x0000, 0x0000, 0x0000, 0x0000,
 0x0000, 0x0000, 0x0000, 0x0000, 0x0000, 0x0000, 0x0000, 0x0000, 0x0000, 0x0000, 0x0000, 0x0000, 0x0000, 0x0000, 0x0000, 0x0000,
 0x0000, 0x0000, 0x0000, 0x0000, 0x0000, 0x0000, 0x0000, 0x0000, 0x0000, 0x0000, 0x0000, 0x0000, 0x0000, 0x0000, 0x0000, 0x0000,
 0x0000, 0x0000, 0x0000, 0x0000, 0x0000, 0x0000, 0x0000, 0x0000, 0x0000, 0x0000, 0x0000, 0x0000, 0x0000, 0x0000, 0x0000, 0x0000,
 0x0000, 0x0000, 0x0000, 0x0000, 0x3165, 0xDE35, 0xFFDB, 0xC573, 0x0861, 0x0000, 0x0000, 0x0000, 0x0000, 0x0000, 0x0000, 0x0000,
 0x0000, 0x0000, 0x0000, 0x0000, 0x0000, 0x0000, 0x0000, 0x0000, 0x0000, 0x0000, 0x0000, 0x0000, 0x0000, 0x0000, 0x0000, 0x0000,
 0x0000, 0x0000, 0x0000, 0x0000, 0x0000, 0x0000, 0x0000, 0x0000, 0x0000, 0x0000, 0x0000, 0x0000, 0x0000, 0x0000, 0x0000, 0x0000,
 0x0000, 0x0000, 0x0000, 0x0000, 0x0000, 0x0000, 0x0000, 0x0000, 0x0000, 0x0000, 0x0000, 0x0000, 0x0000, 0x0000, 0x0000, 0x0000,
 0x0000, 0x0000, 0x0000, 0x0000, 0x0000, 0x0000, 0x0000, 0x0000, 0x0000, 0x0000, 0x0000, 0x0000, 0x0000, 0x0000, 0x0000, 0x0000,
 0x0000, 0x0000, 0x0000, 0x0000, 0x0000, 0x0000, 0x0000, 0x0000, 0x0000, 0x0000, 0x0000, 0x0000, 0x0000, 0x0000, 0x0000, 0x0000,
 0x0000, 0x0000, 0x0000, 0x0000, 0x0000, 0x0000, 0x0000, 0x5227, 0xE656, 0xFF39, 0xFF9A, 0xACD1, 0x0020, 0x0000, 0x0000, 0x0000,
 0x0000, 0x0000, 0x0000, 0x0000, 0x0000, 0x0000, 0x0000, 0x0000, 0x0000, 0x0000, 0x0000, 0x0000, 0x0000, 0x0000, 0x0000, 0x0000,
 0x0000, 0x0000, 0x0000, 0x0000, 0x0000, 0x0000, 0x0000, 0x0000, 0x0000, 0x0000, 0x0000, 0x0000, 0x0000, 0x0000, 0x0000, 0x0000,
 0x0000, 0x0000, 0x0000, 0x0000, 0x0000, 0x0000, 0x0000, 0x0000, 0x0000, 0x0000, 0x0000, 0x0000, 0x0000, 0x0000, 0x0000, 0x0000,
 0x0000, 0x0000, 0x0000, 0x0000, 0x0000, 0x0000, 0x0000, 0x0000, 0x0000, 0x0000, 0x0000, 0x0000, 0x0000, 0x0000, 0x0000, 0x0000,
 0x0000, 0x0000, 0x0000, 0x0000, 0x0000, 0x0000, 0x0000, 0x0000, 0x0000, 0x0000, 0x0000, 0x0000, 0x0000, 0x0000, 0x0000, 0x0000,
 0x0000, 0x0000, 0x0000, 0x0000, 0x1061, 0x1061, 0x0841, 0x0840, 0x0820, 0x1081, 0x3164, 0xC573, 0xFF5A, 0xFF39, 0xBD52, 0x3985,
 0x0000, 0x0000, 0x0000, 0x0000, 0x0000, 0x0000, 0x0000, 0x0000, 0x0000, 0x10E4, 0x3B50, 0x43B2, 0x08C4, 0x0000, 0x0000, 0x0000,
 0x0000, 0x0000, 0x0000, 0x0000, 0x0000, 0x0000, 0x0000, 0x0000, 0x0000, 0x0000, 0x0000, 0x0000, 0x0000, 0x0000, 0x0000, 0x0000,
 0x0000, 0x0000, 0x0000, 0x0000, 0x0000, 0x0000, 0x0000, 0x0000, 0x0000, 0x0000, 0x0000, 0x0000, 0x0000, 0x0000, 0x0000, 0x0000,
 0x0000, 0x0000, 0x0000, 0x0000, 0x0000, 0x0000, 0x0000, 0x0000, 0x0000, 0x0000, 0x0000, 0x0000, 0x0000, 0x0000, 0x0000, 0x0000,
 0x0000, 0x0000, 0x0000, 0x0000, 0x0000, 0x0000, 0x0000, 0x0000, 0x0000, 0x0000, 0x0000, 0x0000, 0x0000, 0x0000, 0x0000, 0x0000,
 0x0000, 0x0000, 0x0000, 0x0000, 0x0000, 0x0000, 0x0000, 0x7B4B, 0xD615, 0xD5D4, 0xCDB3, 0xCD93, 0xCD93, 0xD5D4, 0xE656, 0xFEF8,
 0xFF39, 0xEE77, 0x2924, 0x0000, 0x0000, 0x0000, 0x0000, 0x0000, 0x0000, 0x0000, 0x0000, 0x0000, 0x19A8, 0x54F9, 0x6E3F, 0x767F,
 0x4C14, 0x0000, 0x0000, 0x0000, 0x0000, 0x0000, 0x0000, 0x0000, 0x0000, 0x0000, 0x0000, 0x0000, 0x0000, 0x0000, 0x0000, 0x0000,
 0x0000, 0x0000, 0x0000, 0x0000, 0x0000, 0x0000, 0x0000, 0x0000, 0x0000, 0x0000, 0x0000, 0x0000, 0x0000, 0x0000, 0x0000, 0x0000,
 0x0000, 0x0000, 0x0000, 0x0000, 0x0000, 0x0000, 0x0000, 0x0000, 0x0000, 0x0000, 0x0000, 0x0000, 0x0000, 0x0000, 0x0000, 0x0000,
 0x0000, 0x0000, 0x0000, 0x0000, 0x0000, 0x0000, 0x0000, 0x0000, 0x0000, 0x0000, 0x0000, 0x0000, 0x0000, 0x0000, 0x0000, 0x0000,
 0x0000, 0x0000, 0x0000, 0x0000, 0x0000, 0x0000, 0x0000, 0x0000, 0x0000, 0x0000, 0x0000, 0x9C90, 0xFF3A, 0xF6F9, 0xF6F9, 0xFEF9,
 0xFF39, 0xFF9A, 0xFF9B, 0xFF7A, 0xFF39, 0x7B6C, 0x0000, 0x0000, 0x0000, 0x0020, 0x0000, 0x0000, 0x0000, 0x0000, 0x0021, 0x19EA,
 0x44DA, 0x4D5D, 0x4D3C, 0x559D, 0x4D1A, 0x08E4, 0x0000, 0x0000, 0x0000, 0x0000, 0x0000, 0x0000, 0x0000, 0x0000, 0x0000, 0x0000,
 0x0000, 0x0000, 0x0000, 0x0000, 0x0000, 0x0000, 0x0000, 0x0000, 0x0000, 0x0000, 0x0000, 0x0000, 0x0000, 0x0000, 0x0000, 0x0000,
 0x0000, 0x0000, 0x0000, 0x0000, 0x0000, 0x0000, 0x0000, 0x0000, 0x0000, 0x0000, 0x0000, 0x0000, 0x0000, 0x0000, 0x0000, 0x0000,
 0x0000, 0x0000, 0x0000, 0x0000, 0x0000, 0x0000, 0x0000, 0x0000, 0x0000, 0x0000, 0x0000, 0x0000, 0x0000, 0x0000, 0x0000, 0x0000,
 0x0000, 0x0000, 0x0000, 0x0000, 0x0000, 0x0000, 0x0000, 0x0000, 0x0000, 0x0000, 0x0000, 0x0000, 0x0000, 0x0000, 0x0000, 0x1925,
 0x8395, 0x943B, 0x941A, 0x941A, 0xACBA, 0xC554, 0xB4F1, 0xA490, 0x5A89, 0x0000, 0x0000, 0x0000, 0x0000, 0x0000, 0x0000, 0x0000,
 0x0000, 0x08A3, 0x3BF5, 0x451C, 0x451C, 0x44FB, 0x44DB, 0x44FB, 0x451C, 0x19EA, 0x0000, 0x0000, 0x0000, 0x0000, 0x0000, 0x0000,
 0x0000, 0x0000, 0x0000, 0x0000, 0x0000, 0x0000, 0x0000, 0x0000, 0x0000, 0x0000, 0x0000, 0x0000, 0x0000, 0x0000, 0x0000, 0x0000,
 0x0000, 0x0000, 0x0000, 0x0000, 0x08C3, 0x1105, 0x0062, 0x0000, 0x0000, 0x0000, 0x0000, 0x0000, 0x0000, 0x0000, 0x0000, 0x0000,
 0x0000, 0x0000, 0x0000, 0x0000, 0x0000, 0x0000, 0x0000, 0x0000, 0x0000, 0x0000, 0x0000, 0x0000, 0x0000, 0x0000, 0x0000, 0x0000,
 0x0000, 0x0000, 0x0000, 0x0000, 0x0000, 0x0000, 0x0000, 0x0000, 0x0000, 0x0000, 0x0000, 0x0041, 0x0000, 0x0000, 0x0000, 0x0000,
 0x0000, 0x0000, 0x0000, 0x18A5, 0x8BDC, 0x8BFC, 0x8BDB, 0x8BDC, 0x941D, 0x39AB, 0x0000, 0x0000, 0x0000, 0x32EE, 0x3B51, 0x3B50,
 0x3B50, 0x330F, 0x224B, 0x1105, 0x0000, 0x0021, 0x2A8D, 0x4D1B, 0x451C, 0x44FB, 0x44FB, 0x44FB, 0x453D, 0x2B73, 0x0020, 0x0000,
 0x0000, 0x0000, 0x0000, 0x0000, 0x0000, 0x0000, 0x0000, 0x0000, 0x0000, 0x0000, 0x0000, 0x0000, 0x0000, 0x0000, 0x0000, 0x0000,
 0x0000, 0x0000, 0x0000, 0x0000, 0x0000, 0x0947, 0x3310, 0x4C76, 0x5D19, 0x659C, 0x330F, 0x0000, 0x0000, 0x0000, 0x0000, 0x0000,
 0x0000, 0x0000, 0x0000, 0x0000, 0x0000, 0x0000, 0x0000, 0x0000, 0x0000, 0x0000, 0x0000, 0x0000, 0x0000, 0x0000, 0x0000, 0x0000,
 0x0000, 0x0000, 0x0041, 0x0021, 0x0020, 0x0000, 0x0000, 0x0000, 0x0000, 0x0000, 0x0000, 0x0000, 0x0020, 0x0000, 0x0000, 0x0000,
 0x0000, 0x08A3, 0x19C8, 0x32CE, 0x2A4B, 0x0000, 0x0000, 0x0842, 0x5250, 0x7336, 0x7B57, 0x6AF4, 0x522F, 0x1084, 0x0000, 0x0000,
 0x222A, 0x6E1E, 0x6E3E, 0x6E1E, 0x6E1E, 0x6E1E, 0x6DFE, 0x659B, 0x4392, 0x08C4, 0x0000, 0x222A, 0x555C, 0x451C, 0x44FB, 0x44FB,
 0x451C, 0x3C58, 0x08A3, 0x08A3, 0x1988, 0x1987, 0x1988, 0x19A8, 0x19C8, 0x19C9, 0x21C9, 0x19C8, 0x1967, 0x08C4, 0x0021, 0x0000,
 0x0000, 0x0000, 0x0000, 0x0000, 0x0000, 0x0000, 0x0082, 0x1A2C, 0x2B52, 0x44DB, 0x4D5D, 0x6E1F, 0x767F, 0x5D19, 0x1146, 0x0000,
 0x0000, 0x0000, 0x0000, 0x0000, 0x0000, 0x0000, 0x0000, 0x0000, 0x0000, 0x0000, 0x0000, 0x0000, 0x0000, 0x0000, 0x0000, 0x0000,
 0x0000, 0x0000, 0x0000, 0x0021, 0x2A4B, 0x4C55, 0x54F8, 0x54D8, 0x4C55, 0x2B52, 0x22F0, 0x22AF, 0x226D, 0x1A0C, 0x08A3, 0x0000,
 0x0000, 0x0000, 0x0041, 0x220A, 0x4414, 0x5D3A, 0x65BC, 0x765F, 0x5D3A, 0x0882, 0x0000, 0x0000, 0x0000, 0x0862, 0x1063, 0x0841,
 0x0000, 0x0000, 0x0000, 0x0000, 0x43D3, 0x6E5F, 0x65FD, 0x65FD, 0x65FD, 0x6DFD, 0x6DFD, 0x6E1E, 0x6E3F, 0x54F9, 0x1105, 0x0000,
 0x2A8D, 0x557C, 0x451C, 0x44FB, 0x44FB, 0x44FB, 0x3C37, 0x4CB8, 0x65BC, 0x659C, 0x659C, 0x65BC, 0x65BC, 0x65BC, 0x65BC, 0x65BC,
 0x659B, 0x5D5A, 0x54D7, 0x43D2, 0x224C, 0x1147, 0x0041, 0x0000, 0x0041, 0x1A0B, 0x3C17, 0x453D, 0x453D, 0x451C, 0x451C, 0x4D1B,
 0x3B92, 0x08C4, 0x0000, 0x0000, 0x0000, 0x0000, 0x0000, 0x0000, 0x0000, 0x0000, 0x0000, 0x0000, 0x0000, 0x0000, 0x0000, 0x0000,
 0x0000, 0x0000, 0x0000, 0x0000, 0x0000, 0x0000, 0x0041, 0x43B2, 0x6E3E, 0x6E3E, 0x6E1E, 0x6E3E, 0x559D, 0x451C, 0x451C, 0x453D,
 0x4D7E, 0x3C9A, 0x1126, 0x0000, 0x0021, 0x222B, 0x5497, 0x6DFD, 0x6E3E, 0x6E1E, 0x6DFE, 0x6E1E, 0x659B, 0x1967, 0x0000, 0x0000,
 0x0000, 0x0000, 0x0000, 0x0000, 0x0000, 0x0000, 0x0000, 0x0041, 0x54B7, 0x6E3E, 0x65DD, 0x65DD, 0x65DD, 0x65DD, 0x65DD, 0x65DD,
 0x65FD, 0x6E3F, 0x54D8, 0x08C3, 0x0000, 0x32CE, 0x4D5C, 0x451C, 0x44FB, 0x44FB, 0x451C, 0x453C, 0x557D, 0x65DD, 0x65FD, 0x65DD,
 0x65DD, 0x65DD, 0x65DD, 0x65DD, 0x65DD, 0x65FE, 0x65DE, 0x559D, 0x4D3D, 0x44FB, 0x2B93, 0x19EA, 0x2B93, 0x453D, 0x451C, 0x44FB,
 0x44FB, 0x451C, 0x33B4, 0x1147, 0x0000, 0x0000, 0x0000, 0x0000, 0x0000, 0x0000, 0x0000, 0x0000, 0x0000, 0x0000, 0x0000, 0x0000,
 0x0000, 0x0000, 0x0000, 0x0000, 0x0000, 0x0000, 0x0000, 0x0000, 0x0000, 0x0000, 0x1987, 0x6E1E, 0x6E1E, 0x65DD, 0x6DFD, 0x65BD,
 0x44FB, 0x44FB, 0x44FC, 0x453D, 0x33F6, 0x08E5, 0x0000, 0x1126, 0x4C55, 0x6DFD, 0x6E3E, 0x6DFD, 0x65DD, 0x65DD, 0x65DD, 0x6DFD,
 0x65DD, 0x19C9, 0x0000, 0x0000, 0x0000, 0x0000, 0x0000, 0x0000, 0x0000, 0x0000, 0x0041, 0x220A, 0x659C, 0x6DFD, 0x65DD, 0x65DD,
 0x65DD, 0x65DD, 0x65DD, 0x65DD, 0x65DD, 0x65FD, 0x6E3F, 0x4C96, 0x0883, 0x0000, 0x2ACE, 0x451C, 0x44FC, 0x44FB, 0x44FC, 0x44FC,
 0x44FC, 0x451C, 0x44FB, 0x44FB, 0x44FB, 0x44FB, 0x44FB, 0x44FB, 0x44FB, 0x44FB, 0x44FB, 0x44FB, 0x44FB, 0x451C, 0x451C, 0x44FC,
 0x451C, 0x44FC, 0x44FB, 0x44FB, 0x451C, 0x44DB, 0x1168, 0x0000, 0x0000, 0x0000, 0x0000, 0x0000, 0x0000, 0x0000, 0x0000, 0x0000,
 0x0000, 0x0000, 0x0000, 0x0000, 0x0000, 0x0000, 0x0000, 0x0000, 0x0000, 0x0000, 0x0000, 0x0000, 0x0000, 0x0000, 0x1125, 0x65BC,
 0x6E1E, 0x6DFD, 0x65BD, 0x4D1C, 0x44FB, 0x44FB, 0x453D, 0x33B4, 0x0082, 0x0000, 0x19EA, 0x5D5A, 0x6E3F, 0x6DFD, 0x65DD, 0x65DD,
 0x65DD, 0x65DD, 0x65DD, 0x6DFD, 0x6E1E, 0x2A6C, 0x0000, 0x1105, 0x1967, 0x08C4, 0x0000, 0x0000, 0x08A3, 0x43D3, 0x54F8, 0x659B,
 0x6DFD, 0x65DD, 0x65DD, 0x65DD, 0x65DD, 0x65DD, 0x65DD, 0x65DD, 0x6DFD, 0x6E1E, 0x6E3E, 0x6E3F, 0x4C55, 0x0882, 0x0000, 0x2B31,
 0x453D, 0x451C, 0x44FB, 0x4C98, 0x4C56, 0x44DA, 0x44FC, 0x44FB, 0x44FB, 0x44FB, 0x44FB, 0x44FB, 0x44FB, 0x44FB, 0x44FB, 0x44FB,
 0x44FB, 0x44FB, 0x44FB, 0x44FC, 0x44FB, 0x44FB, 0x44FB, 0x44FB, 0x44FB, 0x451C, 0x3394, 0x0062, 0x0000, 0x0000, 0x0000, 0x0000,
 0x0000, 0x0000, 0x0000, 0x0000, 0x0000, 0x0000, 0x0000, 0x0000, 0x0000, 0x0000, 0x0000, 0x0000, 0x0000, 0x0000, 0x0000, 0x0000,
 0x0000, 0x0000, 0x0000, 0x2A6C, 0x65BC, 0x6E1E, 0x4D3C, 0x44DB, 0x44FB, 0x453D, 0x33D5, 0x0062, 0x0000, 0x228D, 0x65BD, 0x6E1E,
 0x65DD, 0x65DD, 0x65DD, 0x65DD, 0x65DD, 0x65DD, 0x65DD, 0x65DD, 0x6DFE, 0x5D19, 0x4414, 0x5D7B, 0x65DD, 0x5D39, 0x2A4B, 0x0882,
 0x4414, 0x6E5F, 0x6E3E, 0x6DFE, 0x65DD, 0x65DD, 0x65DD, 0x65DD, 0x65DD, 0x65DD, 0x65FD, 0x6E1E, 0x6E1E, 0x4C76, 0x3B92, 0x659C,
 0x6E5F, 0x4435, 0x0021, 0x08C4, 0x4436, 0x5435, 0x5BB1, 0x636E, 0x6B2C, 0x4B91, 0x3CDB, 0x44FC, 0x44FB, 0x44FB, 0x44FB, 0x44FB,
 0x44FB, 0x44FB, 0x44FB, 0x44FB, 0x44FB, 0x44FB, 0x44FB, 0x44FB, 0x44FB, 0x44FB, 0x44FB, 0x44FB, 0x44FB, 0x451C, 0x451C, 0x1188,
 0x0000, 0x0000, 0x0000, 0x0000, 0x0000, 0x0000, 0x0000, 0x0000, 0x0000, 0x0000, 0x0000, 0x0000, 0x0000, 0x0000, 0x0000, 0x0000,
 0x0000, 0x0000, 0x0000, 0x0000, 0x0000, 0x0000, 0x0000, 0x0000, 0x19C8, 0x4C97, 0x451C, 0x453D, 0x4D5D, 0x3C79, 0x08C4, 0x0000,
 0x2ACE, 0x65FD, 0x6E1E, 0x65DD, 0x65DD, 0x65DD, 0x65DD, 0x65DD, 0x65DD, 0x65DD, 0x65DD, 0x65DD, 0x65DD, 0x6E1E, 0x6E3F, 0x6E1E,
 0x6DFD, 0x6E1E, 0x65DD, 0x5D5A, 0x6DFD, 0x6DFD, 0x65DD, 0x65DD, 0x65DD, 0x65DD, 0x65DD, 0x65DD, 0x6DFD, 0x6E1E, 0x6E3E, 0x5D5A,
 0x32EE, 0x0021, 0x0062, 0x5519, 0x6E1E, 0x6518, 0x428B, 0x4A28, 0x632D, 0x632C, 0x62CA, 0x4A28, 0x3985, 0x10C3, 0x33D5, 0x453D,
 0x44FB, 0x44FB, 0x44FB, 0x44FB, 0x44FB, 0x44FB, 0x44FB, 0x44FB, 0x44FB, 0x44FB, 0x44FB, 0x44FB, 0x44FB, 0x44FB, 0x44FB, 0x44FB,
 0x44FB, 0x44FC, 0x44FC, 0x19EA, 0x0000, 0x0000, 0x0000, 0x0000, 0x0000, 0x0000, 0x0000, 0x0000, 0x0000, 0x0000, 0x0000, 0x0000,
 0x0000, 0x0000, 0x0000, 0x0000, 0x0000, 0x0000, 0x0000, 0x0000, 0x0000, 0x0000, 0x0000, 0x0000, 0x0000, 0x0062, 0x1A0B, 0x3394,
 0x3C37, 0x19CA, 0x0000, 0x222A, 0x65DD, 0x6E1E, 0x6DFE, 0x6DFE, 0x6DFD, 0x6DFD, 0x65DD, 0x65DD, 0x65DD, 0x65DD, 0x65DD, 0x65DD,
 0x65DD, 0x65DD, 0x65DD, 0x65DD, 0x65DD, 0x65DD, 0x6DFD, 0x6E1E, 0x6DFD, 0x65DD, 0x65DD, 0x65DD, 0x65DD, 0x6DFD, 0x6DFD, 0x6E1E,
 0x6E1E, 0x5D19, 0x332F, 0x08C4, 0x0000, 0x0062, 0x3B50, 0x661E, 0x64D6, 0x630C, 0x6B2C, 0x5AEB, 0x4A69, 0x31A7, 0x1945, 0x1105,
 0x08C4, 0x11CA, 0x3C99, 0x451C, 0x44FB, 0x44FB, 0x44FB, 0x44FB, 0x44FB, 0x44FB, 0x44FB, 0x44FB, 0x44FB, 0x44FB, 0x44FB, 0x44FB,
 0x44FB, 0x44FB, 0x44FB, 0x44FB, 0x44FB, 0x44FC, 0x44FB, 0x19CA, 0x0000, 0x0000, 0x0000, 0x0000, 0x0000, 0x0000, 0x0000, 0x0000,
 0x0000, 0x0000, 0x0000, 0x0000, 0x0000, 0x0000, 0x0000, 0x0000, 0x0000, 0x0000, 0x0000, 0x0000, 0x0000, 0x0000, 0x0000, 0x0000,
 0x0000, 0x0000, 0x0000, 0x0000, 0x0000, 0x0000, 0x08E4, 0x5D5A, 0x6E3E, 0x65DD, 0x659C, 0x65BC, 0x65DD, 0x6E1E, 0x6E3F, 0x6E3F,
 0x6E3F, 0x6E5F, 0x6E1E, 0x65DD, 0x65DD, 0x65DD, 0x65DD, 0x65DD, 0x65DD, 0x65DD, 0x65DD, 0x65DD, 0x65DD, 0x65DD, 0x65DD, 0x65DD,
 0x6DFD, 0x6E1E, 0x65DC, 0x4C96, 0x2A6C, 0x0862, 0x0000, 0x0000, 0x2A4B, 0x54D8, 0x6E1E, 0x6E3F, 0x5434, 0x31A6, 0x3A6A, 0x2187,
 0x0000, 0x1A0B, 0x3417, 0x3C99, 0x44DB, 0x44FC, 0x44FC, 0x44FB, 0x44FB, 0x44FB, 0x44FB, 0x44FB, 0x44FB, 0x44FB, 0x44FB, 0x44FB,
 0x44FB, 0x44FC, 0x44FB, 0x44FB, 0x44FB, 0x44FB, 0x44FB, 0x44FB, 0x44FB, 0x44FC, 0x44FB, 0x11A9, 0x0000, 0x0000, 0x0000, 0x0000,
 0x0000, 0x0000, 0x0000, 0x0000, 0x0000, 0x0000, 0x0000, 0x0000, 0x0000, 0x0000, 0x0000, 0x0000, 0x0000, 0x0000, 0x0000, 0x0000,
 0x0000, 0x0000, 0x0000, 0x0000, 0x0841, 0x1082, 0x10A2, 0x18A2, 0x18C3, 0x2104, 0x428B, 0x6474, 0x6DFD, 0x43B2, 0x08A3, 0x1105,
 0x21E9, 0x32EE, 0x43B2, 0x43F3, 0x43D3, 0x43D3, 0x54B7, 0x6DFD, 0x65DD, 0x65DD, 0x65DD, 0x65DD, 0x65DD, 0x65DD, 0x65DD, 0x65DD,
 0x65DD, 0x65DD, 0x65DD, 0x6DFD, 0x659B, 0x3B50, 0x1146, 0x0000, 0x0000, 0x0882, 0x2A6C, 0x54B7, 0x6DFD, 0x6E1E, 0x6DFD, 0x6DFD,
 0x659B, 0x4CB7, 0x5D7B, 0x3B92, 0x0000, 0x1A0C, 0x455E, 0x453D, 0x451C, 0x44FC, 0x44FB, 0x44FB, 0x44FB, 0x44FB, 0x44FB, 0x44FB,
 0x44FB, 0x44FB, 0x44FB, 0x44FB, 0x44DB, 0x44DB, 0x44FB, 0x44FB, 0x44FB, 0x44FB, 0x44FB, 0x44FB, 0x44FB, 0x451C, 0x44FB, 0x1147,
 0x0000, 0x0000, 0x0000, 0x0000, 0x0000, 0x0000, 0x0000, 0x0000, 0x0000, 0x0000, 0x0000, 0x0000, 0x0000, 0x0000, 0x0000, 0x0000,
 0x0000, 0x0000, 0x0000, 0x0000, 0x0000, 0x0000, 0x0000, 0x0861, 0x528A, 0x630C, 0x630C, 0x632C, 0x6B4D, 0x6B2C, 0x62CA, 0x5B4D,
 0x6DBC, 0x3B92, 0x08A3, 0x0061, 0x0000, 0x0000, 0x0000, 0x0000, 0x0000, 0x0000, 0x0862, 0x4C76, 0x6E1E, 0x65DD, 0x65DD, 0x65DD,
 0x65DD, 0x65DD, 0x65DD, 0x65DD, 0x65DD, 0x65DD, 0x65DD, 0x6E1E, 0x54D7, 0x0041, 0x0000, 0x1125, 0x3B30, 0x5D19, 0x6E1E, 0x6E1E,
 0x6DFD, 0x6DFD, 0x6DFD, 0x6DFD, 0x65BC, 0x5475, 0x5455, 0x4BF3, 0x10A3, 0x1105, 0x3C57, 0x44FB, 0x44FC, 0x451C, 0x44FC, 0x44FB,
 0x44DB, 0x44FB, 0x44FB, 0x44FB, 0x451C, 0x44FC, 0x44FB, 0x44FB, 0x2BD6, 0x2353, 0x3C79, 0x44FC, 0x44FB, 0x44FB, 0x44FB, 0x44FB,
 0x44FB, 0x451C, 0x3CBA, 0x08C4, 0x0000, 0x0000, 0x0000, 0x0000, 0x0000, 0x0000, 0x0000, 0x0000, 0x0000, 0x0000, 0x0000, 0x0000,
 0x0000, 0x0000, 0x0000, 0x0000, 0x0000, 0x0000, 0x0000, 0x0000, 0x0000, 0x0000, 0x0000, 0x0841, 0x39E7, 0x4A69, 0x4228, 0x4208,
 0x39C7, 0x4B2E, 0x5C74, 0x6518, 0x6DFD, 0x6DFD, 0x657B, 0x5CF9, 0x4C35, 0x3B50, 0x2A8C, 0x19C8, 0x10E4, 0x0020, 0x10E4, 0x54B7,
 0x6E1E, 0x65DD, 0x65DD, 0x65DD, 0x65DD, 0x65DD, 0x65DD, 0x65DD, 0x65DD, 0x65DD, 0x65DD, 0x6DFD, 0x65BC, 0x4C34, 0x4C55, 0x659C,
 0x6E1E, 0x6E1E, 0x6DFD, 0x65DD, 0x65DD, 0x5DBD, 0x5D9C, 0x5DDE, 0x5476, 0x5AAA, 0x62CA, 0x62EB, 0x5ACB, 0x52AA, 0x52EC, 0x536F,
 0x53F3, 0x5414, 0x4498, 0x2BD6, 0x2BB5, 0x44DB, 0x44FC, 0x44DB, 0x3458, 0x3C79, 0x451C, 0x44FB, 0x2354, 0x1AB1, 0x33F7, 0x451C,
 0x44FB, 0x44FB, 0x44FB, 0x44FB, 0x44FB, 0x451C, 0x33D5, 0x0041, 0x08C3, 0x0882, 0x0000, 0x0000, 0x0000, 0x0000, 0x0000, 0x0000,
 0x0000, 0x0000, 0x0000, 0x0000, 0x0000, 0x0000, 0x0000, 0x0000, 0x0000, 0x0000, 0x0000, 0x0000, 0x0000, 0x0000, 0x0000, 0x0000,
 0x0000, 0x0020, 0x0000, 0x0000, 0x0020, 0x4C56, 0x6E7F, 0x65FE, 0x65BD, 0x65DD, 0x65FD, 0x6E1E, 0x6E3E, 0x6E5F, 0x6E1E, 0x65BC,
 0x5D5A, 0x54D8, 0x5D5A, 0x6DFD, 0x65DD, 0x65DD, 0x65DD, 0x65DD, 0x65DD, 0x65DD, 0x65DD, 0x65DD, 0x65DD, 0x65DD, 0x65DD, 0x65DD,
 0x6DFD, 0x6E1E, 0x6E1E, 0x6DFE, 0x6DFD, 0x65DD, 0x5D9C, 0x555C, 0x4D1C, 0x451B, 0x44FB, 0x451C, 0x44B9, 0x53B1, 0x5BB0, 0x63F1,
 0x5B0C, 0x528A, 0x5ACA, 0x5AAA, 0x62CA, 0x6AEA, 0x4BD2, 0x1B13, 0x2312, 0x3C99, 0x451C, 0x3CBA, 0x2312, 0x2374, 0x44DB, 0x451C,
 0x33F6, 0x1AF1, 0x3437, 0x451C, 0x44FB, 0x44FB, 0x44FB, 0x44FB, 0x44FB, 0x453D, 0x22AF, 0x0000, 0x3B30, 0x43D3, 0x0000, 0x0000,
 0x0000, 0x0000, 0x0000, 0x0000, 0x0000, 0x0000, 0x0000, 0x0000, 0x0000, 0x0000, 0x0000, 0x0000, 0x0000, 0x0000, 0x0000, 0x0000,
 0x0000, 0x0000, 0x0000, 0x0000, 0x0000, 0x0000, 0x0000, 0x0000, 0x0062, 0x43F4, 0x5414, 0x4498, 0x451C, 0x451C, 0x4D1C, 0x4D3C,
 0x557C, 0x65BD, 0x6DFD, 0x6E1E, 0x6E1E, 0x6E3E, 0x6E1E, 0x65DD, 0x65DD, 0x65DD, 0x65DD, 0x65DD, 0x65DD, 0x65DD, 0x65DD, 0x65DD,
 0x65DD, 0x65DD, 0x65DD, 0x65DD, 0x65DD, 0x65DD, 0x6DFD, 0x6DFD, 0x5D9C, 0x4D3C, 0x44FB, 0x44DB, 0x44FB, 0x44FB, 0x44FB, 0x44FB,
 0x44FC, 0x44FC, 0x451C, 0x5DBD, 0x2AAD, 0x0020, 0x2A8D, 0x4436, 0x4371, 0x430E, 0x4457, 0x2353, 0x2333, 0x3CBA, 0x451C, 0x44DB,
 0x2353, 0x2333, 0x3CBA, 0x44FC, 0x2BD6, 0x1AF1, 0x3438, 0x451C, 0x44FB, 0x44FB, 0x44FB, 0x44FB, 0x44FC, 0x451C, 0x19EA, 0x0000,
 0x4C35, 0x6E5F, 0x32AD, 0x0000, 0x0000, 0x0000, 0x0000, 0x0000, 0x0000, 0x0000, 0x0000, 0x0000, 0x0000, 0x0000, 0x0000, 0x0000,
 0x0000, 0x0000, 0x0000, 0x0000, 0x0000, 0x0000, 0x0000, 0x0000, 0x0000, 0x0000, 0x0000, 0x0041, 0x2125, 0x5B2D, 0x5268, 0x3331,
 0x451C, 0x44FB, 0x44FB, 0x44DB, 0x44FB, 0x44FB, 0x555C, 0x5DBD, 0x6DFD, 0x6DFD, 0x65DD, 0x65DD, 0x65DD, 0x65DD, 0x65DD, 0x65DD,
 0x65DD, 0x65DD, 0x65DD, 0x65DD, 0x65DD, 0x65DD, 0x65DD, 0x65DD, 0x6DFD, 0x6DFD, 0x65BD, 0x555C, 0x44FB, 0x44FB, 0x44FB, 0x44FB,
 0x44FB, 0x44FB, 0x44FB, 0x44FB, 0x44FB, 0x44FB, 0x44FC, 0x4D3D, 0x22AF, 0x0000, 0x22CF, 0x455E, 0x3CDB, 0x44DB, 0x44DB, 0x2333,
 0x2333, 0x3CDB, 0x3CBA, 0x3417, 0x2312, 0x2333, 0x3C9A, 0x2BD6, 0x1AF1, 0x2312, 0x3C79, 0x44FC, 0x44FB, 0x44FB, 0x44FB, 0x44FB,
 0x453D, 0x3C79, 0x0083, 0x0862, 0x54F9, 0x6E3F, 0x65BC, 0x2A4B, 0x0000, 0x0000, 0x0000, 0x0000, 0x0000, 0x0000, 0x0000, 0x0000,
 0x0000, 0x0000, 0x0000, 0x0000, 0x0000, 0x0000, 0x0000, 0x0000, 0x0000, 0x0000, 0x0000, 0x0000, 0x0000, 0x0000, 0x0861, 0x3A08,
 0x632C, 0x62EB, 0x3A29, 0x33F6, 0x451C, 0x44FB, 0x44FB, 0x44FB, 0x44FB, 0x44FB, 0x44DB, 0x44FB, 0x555C, 0x5DBD, 0x6DFD, 0x6DFD,
 0x6DFD, 0x65DD, 0x65DD, 0x65DD, 0x65DD, 0x65DD, 0x65DD, 0x65DD, 0x65DD, 0x65DD, 0x65DD, 0x6DFD, 0x65DD, 0x557C, 0x451B, 0x44FB,
 0x44FB, 0x44FB, 0x44FB, 0x44FB, 0x44FB, 0x44FB, 0x44FB, 0x44FB, 0x44FB, 0x44FB, 0x44FB, 0x451C, 0x22F0, 0x0000, 0x226E, 0x453D,
 0x451C, 0x3CDB, 0x2BD6, 0x1AD1, 0x2B74, 0x44DB, 0x2B74, 0x1AD1, 0x1AD1, 0x2BD6, 0x3C9A, 0x2312, 0x2312, 0x3417, 0x44FB, 0x44FB,
 0x44FB, 0x44FB, 0x44FB, 0x451C, 0x451C, 0x1A2C, 0x0000, 0x2A6C, 0x6E1E, 0x6DFD, 0x6E1E, 0x65BC, 0x19A8, 0x0000, 0x0000, 0x0000,
 0x0000, 0x0000, 0x0000, 0x0000, 0x0000, 0x0000, 0x0000, 0x0000, 0x0000, 0x0000, 0x0000, 0x0000, 0x0000, 0x0000, 0x0000, 0x0000,
 0x0841, 0x2965, 0x5ACB, 0x6B4D, 0x5269, 0x2A2A, 0x3437, 0x451C, 0x44FB, 0x44FB, 0x44FB, 0x44FB, 0x44FB, 0x44FB, 0x44FB, 0x44FB,
 0x44DB, 0x44FB, 0x4D5C, 0x5D7C, 0x65BD, 0x6DDD, 0x6DFD, 0x65DD, 0x65DD, 0x65DD, 0x65DD, 0x65DD, 0x65DD, 0x6DFD, 0x6DFD, 0x5D9C,
 0x4D1C, 0x44FB, 0x44FB, 0x44FB, 0x44FB, 0x44FB, 0x44FB, 0x44FB, 0x44FB, 0x44FB, 0x44FB, 0x44FB, 0x44FB, 0x44FB, 0x44FB, 0x451C,
 0x22F0, 0x0000, 0x226D, 0x453D, 0x44DB, 0x2B74, 0x1AD1, 0x2332, 0x3C58, 0x44FB, 0x2353, 0x22F2, 0x33F6, 0x44DB, 0x44BA, 0x2313,
 0x2353, 0x44DB, 0x44FC, 0x44FB, 0x44FB, 0x44FB, 0x451C, 0x451C, 0x22CF, 0x0000, 0x0000, 0x2A4B, 0x65DD, 0x6E1E, 0x6E1E, 0x3B92,
 0x08A3, 0x0000, 0x0000, 0x0000, 0x0000, 0x0000, 0x0000, 0x0000, 0x0000, 0x0000, 0x0000, 0x0000, 0x0000, 0x0000, 0x0000, 0x0000,
 0x0000, 0x0000, 0x0020, 0x2965, 0x52AA, 0x6B6D, 0x630C, 0x3A08, 0x0820, 0x11CA, 0x453D, 0x44FC, 0x44FB, 0x44FB, 0x44FB, 0x44FB,
 0x44FB, 0x44FB, 0x44FB, 0x44FB, 0x44FB, 0x44FB, 0x44DB, 0x44FB, 0x451B, 0x555C, 0x65BD, 0x6DFD, 0x65DD, 0x65DD, 0x65DD, 0x65DD,
 0x6DFD, 0x65DD, 0x557C, 0x44FB, 0x44DB, 0x44FB, 0x44FB, 0x44FB, 0x44FB, 0x44FB, 0x44FB, 0x44FB, 0x44FB, 0x44FB, 0x44FB, 0x44FB,
 0x44FB, 0x44FB, 0x44FB, 0x453D, 0x1A2C, 0x0000, 0x2AF0, 0x453D, 0x3C9A, 0x2312, 0x2333, 0x3C99, 0x451C, 0x44FB, 0x2BB5, 0x1AF1,
 0x3C58, 0x453C, 0x44FB, 0x2B94, 0x22F2, 0x3C79, 0x451C, 0x44FB, 0x44FB, 0x453D, 0x44FB, 0x226D, 0x0000, 0x0000, 0x0000, 0x0000,
 0x220A, 0x657B, 0x767F, 0x32CE, 0x0000, 0x0000, 0x0000, 0x0000, 0x0000, 0x0000, 0x0000, 0x0000, 0x0000, 0x0000, 0x0000, 0x0000,
 0x0000, 0x0000, 0x0000, 0x0000, 0x0000, 0x0000, 0x2104, 0x6B6D, 0x632C, 0x39E7, 0x10A2, 0x0021, 0x0000, 0x0041, 0x33F6, 0x453D,
 0x44FB, 0x44FB, 0x44FB, 0x44FB, 0x44FB, 0x44FB, 0x44FB, 0x44FB, 0x44FB, 0x44FB, 0x44FB, 0x44FB, 0x44FB, 0x44DB, 0x451B, 0x5D9C,
 0x6DFD, 0x6DFD, 0x6DFD, 0x6DFD, 0x65DD, 0x4D3C, 0x44DB, 0x44FB, 0x44FB, 0x44FB, 0x44FB, 0x44FB, 0x44FB, 0x44FB, 0x44FB, 0x44FB,
 0x44FB, 0x44FB, 0x44FB, 0x44FB, 0x44FB, 0x44FB, 0x451C, 0x3CBA, 0x08C4, 0x0020, 0x3416, 0x453D, 0x3CBA, 0x2333, 0x2333, 0x44DB,
 0x44FC, 0x451C, 0x3438, 0x1AD1, 0x2BD6, 0x44FC, 0x451C, 0x33F6, 0x1AD1, 0x3438, 0x451C, 0x451C, 0x453D, 0x3C79, 0x11CA, 0x0000,
 0x0000, 0x0000, 0x0000, 0x0020, 0x0000, 0x19A8, 0x657B, 0x65DD, 0x2A8D, 0x0020, 0x0000, 0x0000, 0x0000, 0x0000, 0x0000, 0x0000,
 0x0000, 0x0000, 0x0000, 0x0000, 0x0000, 0x0000, 0x0000, 0x0000, 0x0000, 0x0000, 0x0861, 0x31A6, 0x18E3, 0x0000, 0x0000, 0x0000,
 0x0000, 0x0000, 0x11A9, 0x44FC, 0x451C, 0x44FB, 0x44FB, 0x44FB, 0x44FB, 0x44FB, 0x44FB, 0x44FB, 0x44FB, 0x44FB, 0x44FB, 0x44FB,
 0x44FB, 0x44FB, 0x44FB, 0x451C, 0x5D9D, 0x6DFD, 0x65DD, 0x557C, 0x4D1C, 0x44FB, 0x44FB, 0x44FC, 0x44FB, 0x44FB, 0x44FB, 0x44FB,
 0x44FB, 0x44FB, 0x44FB, 0x44FB, 0x44FB, 0x44FB, 0x44FB, 0x44FB, 0x44FB, 0x44FB, 0x453D, 0x2B32, 0x0000, 0x1188, 0x44FB, 0x451C,
 0x44FC, 0x2374, 0x2312, 0x3C9A, 0x44FC, 0x451C, 0x3C9A, 0x2312, 0x2B74, 0x44DB, 0x453C, 0x3438, 0x1AD1, 0x3417, 0x4D5D, 0x451C,
 0x2B73, 0x08E5, 0x0000, 0x0000, 0x0000, 0x0000, 0x0000, 0x0020, 0x0041, 0x0000, 0x21E9, 0x6DDD, 0x6E3F, 0x43F3, 0x08A3, 0x0000,
 0x0000, 0x0000, 0x0000, 0x0000, 0x0000, 0x0000, 0x0000, 0x0000, 0x0000, 0x0000, 0x0000, 0x0000, 0x0000, 0x0000, 0x0000, 0x0000,
 0x0000, 0x0000, 0x0000, 0x0000, 0x0000, 0x0000, 0x0000, 0x22AF, 0x451C, 0x44FB, 0x44FB, 0x44FB, 0x44FB, 0x44FB, 0x44FB, 0x44FB,
 0x44FB, 0x44FB, 0x44FB, 0x44FB, 0x44FB, 0x44FB, 0x44FB, 0x3438, 0x33F7, 0x4D3C, 0x4D3C, 0x3438, 0x2BD6, 0x44DB, 0x44DB, 0x3417,
 0x3C79, 0x44FB, 0x44FB, 0x44FB, 0x44FB, 0x44FB, 0x44FB, 0x44FB, 0x44FB, 0x44FB, 0x44FB, 0x44FB, 0x44FB, 0x451C, 0x44BA, 0x0906,
 0x0020, 0x3394, 0x4D7E, 0x44DB, 0x3438, 0x2353, 0x2333, 0x3CDB, 0x453D, 0x453D, 0x44DB, 0x2354, 0x2374, 0x44FC, 0x453D, 0x33F7,
 0x1AD1, 0x2B74, 0x3394, 0x19CA, 0x0020, 0x0000, 0x0000, 0x0000, 0x0000, 0x0000, 0x0000, 0x0000, 0x0020, 0x0021, 0x0000, 0x2A8D,
 0x6E1E, 0x767F, 0x4C55, 0x0041, 0x0000, 0x0000, 0x0000, 0x0000, 0x0000, 0x0000, 0x0000, 0x0000, 0x0000, 0x0000, 0x0000, 0x0000,
 0x0000, 0x0000, 0x0000, 0x0000, 0x0000, 0x0000, 0x0000, 0x0000, 0x0000, 0x0000, 0x0000, 0x0021, 0x2B52, 0x453D, 0x44FB, 0x44FB,
 0x44FB, 0x44FB, 0x44FB, 0x44FB, 0x44FB, 0x44FB, 0x44FB, 0x44FB, 0x44FB, 0x44FC, 0x3CBA, 0x2333, 0x2313, 0x44DB, 0x3CBA, 0x2312,
 0x2333, 0x44DB, 0x3C59, 0x1AD1, 0x2BD6, 0x44FC, 0x44FB, 0x44FB, 0x44FB, 0x44FB, 0x44FB, 0x44FB, 0x44FB, 0x44FB, 0x44FB, 0x44FB,
 0x451C, 0x453D, 0x22AE, 0x0000, 0x0083, 0x228E, 0x2B32, 0x22D0, 0x122D, 0x1A4E, 0x22F1, 0x3C37, 0x3C58, 0x3417, 0x2312, 0x1A4E,
 0x1A4E, 0x22F0, 0x1A4D, 0x0927, 0x08C4, 0x0083, 0x0000, 0x0000, 0x0000, 0x0000, 0x0000, 0x0000, 0x0000, 0x0000, 0x0000, 0x0000,
 0x0000, 0x0021, 0x0000, 0x0000, 0x2A8C, 0x65BC, 0x767F, 0x2A8C, 0x0000, 0x0000, 0x0000, 0x0000, 0x0000, 0x0000, 0x0000, 0x0000,
 0x0000, 0x0000, 0x0000, 0x0000, 0x0000, 0x0000, 0x0000, 0x0000, 0x0000, 0x0000, 0x0000, 0x0000, 0x0000, 0x0000, 0x0000, 0x0000,
 0x226D, 0x453D, 0x44FB, 0x44FB, 0x44FB, 0x44FB, 0x44FB, 0x44FB, 0x44FB, 0x44FB, 0x44FB, 0x44FB, 0x44FB, 0x451C, 0x3C99, 0x22F2,
 0x2B95, 0x44FC, 0x3C79, 0x1AF1, 0x2B95, 0x451C, 0x2BD6, 0x1AD1, 0x3438, 0x451C, 0x44FB, 0x44FB, 0x44FB, 0x44FB, 0x44FB, 0x3CFB,
 0x44FB, 0x44FB, 0x44FB, 0x451C, 0x3C79, 0x1A4D, 0x0041, 0x0000, 0x0000, 0x0000, 0x0000, 0x0000, 0x0000, 0x0020, 0x0021, 0x0041,
 0x0041, 0x0041, 0x0000, 0x0000, 0x0000, 0x0000, 0x0000, 0x0000, 0x0000, 0x0000, 0x0000, 0x0000, 0x0000, 0x0000, 0x0000, 0x0000,
 0x0000, 0x0000, 0x0000, 0x0000, 0x0000, 0x0000, 0x0000, 0x0000, 0x0000, 0x1967, 0x4C34, 0x32CE, 0x0000, 0x0000, 0x0000, 0x0000,
 0x0000, 0x0000, 0x0000, 0x0000, 0x0000, 0x0000, 0x0000, 0x0000, 0x0000, 0x0000, 0x0000, 0x0000, 0x0000, 0x0000, 0x0000, 0x0000,
 0x0000, 0x0000, 0x0000, 0x0000, 0x1A2C, 0x453D, 0x44FB, 0x44FB, 0x44FB, 0x3CFB, 0x44FB, 0x44FB, 0x44FB, 0x44FB, 0x44FB, 0x44FB,
 0x44FB, 0x451C, 0x3417, 0x1AF2, 0x3417, 0x4D5D, 0x3C9A, 0x2312, 0x33F6, 0x451C, 0x2B95, 0x2333, 0x3CBA, 0x451C, 0x44FB, 0x44FB,
 0x3CFB, 0x3CFB, 0x4CDB, 0x5C9B, 0x54BB, 0x44FB, 0x44FB, 0x4D5E, 0x2B11, 0x0000, 0x0000, 0x0000, 0x0000, 0x0000, 0x0000, 0x0000,
 0x0000, 0x0000, 0x0000, 0x0000, 0x0000, 0x0000, 0x0000, 0x0000, 0x0000, 0x0000, 0x0000, 0x0000, 0x0000, 0x0000, 0x0000, 0x0000,
 0x0000, 0x0000, 0x0000, 0x0000, 0x0000, 0x0000, 0x0000, 0x0000, 0x0000, 0x0000, 0x0000, 0x0000, 0x0000, 0x0000, 0x0000, 0x0041,
 0x0000, 0x0000, 0x0000, 0x0000, 0x0000, 0x0000, 0x0000, 0x0000, 0x0000, 0x0000, 0x0000, 0x0000, 0x0000, 0x0000, 0x0000, 0x0000,
 0x0000, 0x0000, 0x0000, 0x0000, 0x0000, 0x0000, 0x0000, 0x0000, 0x1168, 0x44DB, 0x451C, 0x44DB, 0x645B, 0x743B, 0x5C7B, 0x4CDB,
 0x44FB, 0x44FB, 0x44FB, 0x44FB, 0x453D, 0x33F5, 0x0926, 0x0906, 0x1A2C, 0x2B11, 0x22AF, 0x11CB, 0x1A6E, 0x2B73, 0x1A8F, 0x1A6E,
 0x33F6, 0x451C, 0x44FB, 0x44DB, 0x6C5B, 0x6C3B, 0x7BFA, 0x93BA, 0x83FA, 0x44DB, 0x451C, 0x451C, 0x19EB, 0x0000, 0x0000, 0x0000,
 0x0000, 0x0000, 0x0000, 0x0000, 0x0000, 0x0000, 0x0000, 0x0000, 0x0000, 0x0000, 0x0000, 0x0000, 0x0000, 0x0000, 0x0000, 0x0000,
 0x0000, 0x0000, 0x0000, 0x0000, 0x0000, 0x0000, 0x0000, 0x0000, 0x0000, 0x0000, 0x0000, 0x0000, 0x0000, 0x0000, 0x0000, 0x0000,
 0x0000, 0x0000, 0x0000, 0x0000, 0x0000, 0x0000, 0x0000, 0x0000, 0x0000, 0x0000, 0x0000, 0x0000, 0x0000, 0x0000, 0x0000, 0x0000,
 0x0000, 0x0000, 0x0000, 0x0000, 0x0000, 0x0000, 0x0000, 0x0000, 0x0000, 0x0000, 0x0000, 0x0000, 0x0041, 0x33F6, 0x453D, 0x5C9B,
 0x8BBA, 0x8BBA, 0x8BDA, 0x83DA, 0x5C7B, 0x44FB, 0x44FB, 0x451C, 0x3C99, 0x0905, 0x0000, 0x0000, 0x0000, 0x0000, 0x0000, 0x0000,
 0x0000, 0x0020, 0x0021, 0x0000, 0x0083, 0x33F6, 0x453D, 0x4CBB, 0x83DA, 0x93BA, 0x8BDA, 0x8BBA, 0x741B, 0x44FB, 0x453D, 0x2B73,
 0x0020, 0x0021, 0x0020, 0x0000, 0x0000, 0x0000, 0x0000, 0x0000, 0x0000, 0x0000, 0x0000, 0x0000, 0x0000, 0x0000, 0x0000, 0x0000,
 0x0000, 0x0000, 0x0000, 0x0000, 0x0000, 0x0000, 0x0000, 0x0000, 0x0000, 0x0000, 0x0000, 0x0000, 0x0000, 0x0000, 0x0000, 0x0000,
 0x0000, 0x0000, 0x0000, 0x0000, 0x0000, 0x0000, 0x0000, 0x0000, 0x0000, 0x0000, 0x0000, 0x0000, 0x0000, 0x0000, 0x0000, 0x0000,
 0x0000, 0x0000, 0x0000, 0x0000, 0x0000, 0x0000, 0x0000, 0x0000, 0x0000, 0x0000, 0x0000, 0x0000, 0x0000, 0x0000, 0x0000, 0x0000,
 0x0000, 0x228E, 0x453D, 0x54BB, 0x83DA, 0x8BDA, 0x8BDA, 0x8BBA, 0x645B, 0x3CFB, 0x44FC, 0x453D, 0x22AF, 0x0000, 0x0000, 0x0000,
 0x0000, 0x0000, 0x0000, 0x0000, 0x0000, 0x0000, 0x0000, 0x0000, 0x0000, 0x1147, 0x3CBA, 0x451C, 0x6C3B, 0x8BDA, 0x8BDA, 0x83FA,
 0x4CBB, 0x451C, 0x3CBA, 0x0906, 0x0000, 0x0020, 0x0000, 0x0000, 0x0000, 0x0000, 0x0000, 0x0000, 0x0000, 0x0000, 0x0000, 0x0000,
 0x0000, 0x0000, 0x0000, 0x0000, 0x0000, 0x0000, 0x0000, 0x0000, 0x0000, 0x0000, 0x0000, 0x0000, 0x0000, 0x0000, 0x0000, 0x0000,
 0x0000, 0x0000, 0x0000, 0x0000, 0x0000, 0x0000, 0x0000, 0x0000, 0x0000, 0x0000, 0x0000, 0x0000, 0x0000, 0x0000, 0x0000, 0x0000,
 0x0000, 0x0000, 0x0000, 0x0000, 0x0000, 0x0000, 0x0000, 0x0000, 0x0000, 0x0000, 0x0000, 0x0000, 0x0000, 0x0000, 0x1061, 0x0020,
 0x0000, 0x0000, 0x0000, 0x0000, 0x0000, 0x0926, 0x44DB, 0x44FC, 0x741B, 0x8BBA, 0x8BBA, 0x7C1B, 0x44DB, 0x451C, 0x453D, 0x2B31,
 0x0041, 0x0000, 0x0000, 0x0000, 0x0000, 0x0000, 0x0000, 0x0000, 0x0000, 0x0000, 0x0000, 0x0000, 0x0000, 0x0000, 0x1A2C, 0x451C,
 0x649B, 0x8BBA, 0x8BBA, 0x647B, 0x3D1B, 0x453D, 0x22AF, 0x0000, 0x0000, 0x0000, 0x0000, 0x0000, 0x0000, 0x0000, 0x0000, 0x0000,
 0x0000, 0x0000, 0x0000, 0x0000, 0x0000, 0x0000, 0x0000, 0x0000, 0x0000, 0x0000, 0x0000, 0x0000, 0x0000, 0x0000, 0x0000, 0x0000,
 0x0000, 0x0000, 0x0000, 0x0000, 0x0000, 0x0000, 0x0000, 0x0000, 0x0000, 0x0000, 0x0000, 0x0000, 0x0000, 0x0000, 0x0000, 0x0000,
 0x0000, 0x0000, 0x0000, 0x0000, 0x0000, 0x0000, 0x0000, 0x0000, 0x0000, 0x0000, 0x0000, 0x0000, 0x0000, 0x0000, 0x0000, 0x0000,
 0x0000, 0x4164, 0xDCCE, 0xBC2B, 0x4184, 0x0000, 0x0000, 0x0000, 0x0000, 0x0041, 0x33D5, 0x453D, 0x741B, 0x93BA, 0x83DA, 0x549B,
 0x451C, 0x451C, 0x22F0, 0x0021, 0x0000, 0x0000, 0x0000, 0x0000, 0x0000, 0x0000, 0x0000, 0x0000, 0x0000, 0x0000, 0x0000, 0x0000,
 0x0000, 0x0000, 0x0000, 0x2331, 0x5CDC, 0x8BBA, 0x7BFA, 0x44DB, 0x453D, 0x3C37, 0x0083, 0x0000, 0x0000, 0x0000, 0x0000, 0x0000,
 0x0000, 0x0000, 0x0000, 0x0000, 0x0000, 0x0000, 0x0000, 0x0000, 0x0000, 0x0000, 0x0000, 0x0000, 0x0000, 0x0000, 0x0000, 0x0000,
 0x0000, 0x0000, 0x0000, 0x0000, 0x0000, 0x0000, 0x0000, 0x0000, 0x0000, 0x0000, 0x0000, 0x0000, 0x0000, 0x0000, 0x0000, 0x0000,
 0x0000, 0x0000, 0x0000, 0x0000, 0x0000, 0x0000, 0x0000, 0x0000, 0x0000, 0x0000, 0x0000, 0x0000, 0x0000, 0x0000, 0x0000, 0x0000,
 0x0000, 0x0000, 0x0000, 0x0000, 0x0000, 0x49A4, 0xFDB0, 0xFD90, 0xF56F, 0xBC2C, 0x3123, 0x0000, 0x0000, 0x0000, 0x1A6D, 0x453D,
 0x6C5B, 0x8BDA, 0x647B, 0x451C, 0x451C, 0x22AF, 0x0000, 0x0000, 0x0000, 0x0000, 0x0000, 0x0000, 0x0000, 0x0000, 0x0000, 0x0000,
 0x0000, 0x0000, 0x0000, 0x0000, 0x0000, 0x0000, 0x0000, 0x0082, 0x3BF6, 0x5CDC, 0x4CBB, 0x451C, 0x451C, 0x1A0B, 0x0000, 0x0000,
 0x0000, 0x0000, 0x0000, 0x0000, 0x0000, 0x0000, 0x0000, 0x0000, 0x0000, 0x0000, 0x0000, 0x0000, 0x0000, 0x0000, 0x0000, 0x0000,
 0x0000, 0x0000, 0x0000, 0x0000, 0x0000, 0x0000, 0x0000, 0x0000, 0x0000, 0x0000, 0x0000, 0x0000, 0x0000, 0x0000, 0x0000, 0x0000,
 0x0000, 0x0000, 0x0000, 0x0000, 0x0000, 0x0000, 0x0000, 0x0000, 0x0000, 0x0000, 0x0000, 0x0000, 0x0000, 0x0000, 0x0000, 0x0000,
 0x0000, 0x0000, 0x0000, 0x0000, 0x0000, 0x0000, 0x0000, 0x0000, 0x0000, 0x20C2, 0xED2F, 0x9B8A, 0x9329, 0xFDD0, 0x7AA7, 0x0000,
 0x0000, 0x0000, 0x08C4, 0x3C99, 0x4CFC, 0x549B, 0x451C, 0x451C, 0x228E, 0x0000, 0x0000, 0x0000, 0x0000, 0x0000, 0x0000, 0x0000,
 0x0000, 0x0000, 0x0000, 0x0000, 0x0000, 0x0000, 0x0000, 0x0000, 0x0000, 0x0000, 0x0000, 0x0000, 0x1188, 0x3CFB, 0x451C, 0x453D,
 0x33B4, 0x0021, 0x0000, 0x0000, 0x0000, 0x0000, 0x0000, 0x0000, 0x0000, 0x0000, 0x0000, 0x0000, 0x0000, 0x0000, 0x0000, 0x0000,
 0x0000, 0x0000, 0x0000, 0x0000, 0x0000, 0x0000, 0x0000, 0x0000, 0x0000, 0x0000, 0x0000, 0x0000, 0x0000, 0x0000, 0x0000, 0x0000,
 0x0000, 0x0000, 0x0000, 0x0000, 0x0000, 0x0000, 0x0000, 0x0000, 0x0000, 0x0000, 0x0000, 0x0000, 0x0000, 0x0000, 0x0000, 0x0000,
 0x0000, 0x0000, 0x0000, 0x0000, 0x0000, 0x0000, 0x0000, 0x0000, 0x0000, 0x0000, 0x0000, 0x0000, 0x0000, 0x0840, 0xCC6C, 0xB40B,
 0x0000, 0x28E2, 0x1081, 0x0000, 0x0000, 0x0000, 0x0000, 0x22F0, 0x455D, 0x453C, 0x451C, 0x228E, 0x0000, 0x0000, 0x0000, 0x0000,
 0x0000, 0x0000, 0x0000, 0x0000, 0x0000, 0x0000, 0x0000, 0x0000, 0x0000, 0x0000, 0x0000, 0x0000, 0x0000, 0x0000, 0x0000, 0x0000,
 0x0000, 0x2B31, 0x4D5E, 0x44FB, 0x1168, 0x0000, 0x0020, 0x0000, 0x0000, 0x0000, 0x0000, 0x0000, 0x0000, 0x0000, 0x0000, 0x0000,
 0x0000, 0x0000, 0x0000, 0x0000, 0x0000, 0x0000, 0x0000, 0x0000, 0x0000, 0x0000, 0x0000, 0x0000, 0x0000, 0x0000, 0x0000, 0x0000,
 0x0000, 0x0000, 0x0000, 0x0000, 0x0000, 0x0000, 0x0000, 0x0000, 0x0000, 0x0000, 0x0000, 0x0000, 0x0000, 0x0000, 0x0000, 0x0000,
 0x0000, 0x0000, 0x0000, 0x0000, 0x0000, 0x0000, 0x0000, 0x0000, 0x0000, 0x0000, 0x0000, 0x0000, 0x0000, 0x0000, 0x0000, 0x0000,
 0x0000, 0x0000, 0x82E8, 0xF54F, 0x28E2, 0x0000, 0x0000, 0x0000, 0x0000, 0x0000, 0x0000, 0x08E5, 0x3C99, 0x451C, 0x22AE, 0x0000,
 0x0000, 0x0000, 0x0000, 0x0000, 0x0000, 0x0000, 0x0000, 0x0000, 0x0000, 0x0000, 0x0000, 0x0000, 0x0000, 0x0000, 0x0000, 0x0000,
 0x0000, 0x0000, 0x0000, 0x0000, 0x0000, 0x08E5, 0x3C78, 0x2B31, 0x0000, 0x0000, 0x0000, 0x0000, 0x0000, 0x0000, 0x0000, 0x0000,
 0x0000, 0x0000, 0x0000, 0x0000, 0x0000, 0x0000, 0x0000, 0x0000, 0x0000, 0x0000, 0x0000, 0x0000, 0x0000, 0x0000, 0x0000, 0x0000,
 0x0000, 0x0000, 0x0000, 0x0000, 0x0000, 0x0000, 0x0000, 0x0000, 0x0000, 0x0000, 0x0000, 0x0000, 0x0000, 0x0000, 0x0000, 0x0000,
 0x0000, 0x0000, 0x0000, 0x0000, 0x0000, 0x0000, 0x0000, 0x0000, 0x0000, 0x0000, 0x0000, 0x0000, 0x0000, 0x0000, 0x0000, 0x0000,
 0x0000, 0x0000, 0x0000, 0x6226, 0x9B8A, 0x3943, 0x4184, 0xF56F, 0x6A67, 0x0000, 0x0000, 0x0000, 0x0000, 0x0000, 0x0000, 0x0000,
 0x1147, 0x1188, 0x0000, 0x0000, 0x0000, 0x0000, 0x0000, 0x0000, 0x0000, 0x0000, 0x0000, 0x0000, 0x0000, 0x0000, 0x0000, 0x0000,
 0x0000, 0x0000, 0x0000, 0x0000, 0x0000, 0x0000, 0x0000, 0x0000, 0x0000, 0x0000, 0x08E4, 0x0082, 0x0000, 0x0000, 0x0000, 0x0000,
 0x0000, 0x0000, 0x0000, 0x0000, 0x0000, 0x0000, 0x0000, 0x0000, 0x0000, 0x0000, 0x0000, 0x0000, 0x0000, 0x0000, 0x0000, 0x0000,
 0x0000, 0x0000, 0x0000, 0x0000, 0x0000, 0x0000, 0x0000, 0x0000, 0x0000, 0x0000, 0x0000, 0x0000, 0x0000, 0x0000, 0x0000, 0x0000,
 0x0000, 0x0000, 0x0000, 0x0000, 0x0000, 0x0000, 0x0000, 0x0000, 0x0000, 0x0000, 0x0000, 0x0000, 0x0000, 0x0000, 0x0000, 0x0000,
 0x0000, 0x0000, 0x0000, 0x0000, 0x0000, 0x0000, 0x0000, 0x8B08, 0xFDD0, 0xFD90, 0xC46C, 0xF56F, 0xBC2C, 0x0820, 0x0000, 0x0000,
 0x0000, 0x0000, 0x0000, 0x0000, 0x0000, 0x0000, 0x0000, 0x0000, 0x0000, 0x0000, 0x0000, 0x0000, 0x0000, 0x0000, 0x0000, 0x0000,
 0x0000, 0x0000, 0x0000, 0x0000, 0x0000, 0x0000, 0x0000, 0x0000, 0x0000, 0x0000, 0x0000, 0x0000, 0x0000, 0x0000, 0x0000, 0x0000,
 0x0000, 0x0000, 0x0000, 0x0000, 0x0000, 0x0000, 0x0000, 0x0000, 0x0000, 0x0000, 0x0000, 0x0000, 0x0000, 0x0000, 0x0000, 0x0000,
 0x0000, 0x0000, 0x0000, 0x0000, 0x0000, 0x0000, 0x0000, 0x0000, 0x0000, 0x0000, 0x0000, 0x0000, 0x0000, 0x0000, 0x0000, 0x0000,
 0x0000, 0x0000, 0x0000, 0x0000, 0x0000, 0x0000, 0x0000, 0x0000, 0x0000, 0x0000, 0x0000, 0x0000, 0x0000, 0x0000, 0x0000, 0x0000,
 0x0000, 0x0000, 0x0000, 0x20C2, 0x8B29, 0x9349, 0x7287, 0x51C5, 0x28E2, 0x0000, 0x0000, 0x0840, 0x3943, 0x7AA7, 0xD4CD, 0xFDD1,
 0xFD90, 0x49A4, 0x0000, 0x0000, 0x0000, 0x0000, 0x0000, 0x0000, 0x0000, 0x0000, 0x0000, 0x0000, 0x0000, 0x0000, 0x0000, 0x0000,
 0x0000, 0x0000, 0x0000, 0x0000, 0x0000, 0x0000, 0x0000, 0x0000, 0x0000, 0x0000, 0x0000, 0x0000, 0x0000, 0x0000, 0x0000, 0x0000,
 0x0000, 0x0000, 0x0000, 0x0000, 0x0000, 0x0000, 0x0000, 0x0000, 0x0000, 0x0000, 0x0000, 0x0000, 0x0000, 0x0000, 0x0000, 0x0000,
 0x0000, 0x0000, 0x0000, 0x0000, 0x0000, 0x0000, 0x0000, 0x0000, 0x0000, 0x0000, 0x0000, 0x0000, 0x0000, 0x0000, 0x0000, 0x0000,
 0x0000, 0x0000, 0x0000, 0x0000, 0x0000, 0x0000, 0x0000, 0x0000, 0x0000, 0x0000, 0x0000, 0x0000, 0x0000, 0x0000, 0x0000, 0x0000,
 0x0000, 0x0000, 0x0000, 0x0000, 0x0000, 0x0000, 0x0000, 0x51E5, 0xFDD1, 0xF56F, 0xED4F, 0xFD90, 0xF56F, 0x5A05, 0x0000, 0x0000,
 0x0000, 0x0000, 0x1881, 0x9349, 0xF56F, 0x6226, 0x0000, 0x0000, 0x0000, 0x0000, 0x0000, 0x0000, 0x0000, 0x0000, 0x0000, 0x0000,
 0x0000, 0x0000, 0x0000, 0x0000, 0x0000, 0x0000, 0x0000, 0x0000, 0x0000, 0x0000, 0x0000, 0x0000, 0x0000, 0x0000, 0x0000, 0x0000,
 0x0000, 0x0000, 0x0000, 0x0000, 0x0000, 0x0000, 0x0000, 0x0000, 0x0000, 0x0000, 0x0000, 0x0000, 0x0000, 0x0000, 0x0000, 0x0000,
 0x0000, 0x0000, 0x0000, 0x0000, 0x0000, 0x0000, 0x0000, 0x0000, 0x0000, 0x0000, 0x0000, 0x0000, 0x0000, 0x0000, 0x0000, 0x0000,
 0x0000, 0x0000, 0x0000, 0x0000, 0x0000, 0x0000, 0x0000, 0x0000, 0x0000, 0x0000, 0x0000, 0x0000, 0x0000, 0x0000, 0x0000, 0x0000,
 0x0000, 0x0000, 0x0000, 0x0000, 0x0000, 0x0000, 0x0000, 0x0000, 0x0000, 0x0000, 0x0000, 0x28E2, 0xED4F, 0xA38A, 0x2903, 0x5A06,
 0x9B69, 0x3103, 0x0000, 0x0000, 0x0000, 0x0000, 0x0000, 0x0000, 0x3123, 0x1061, 0x0000, 0x0000, 0x0000, 0x0000, 0x0000, 0x0000,
 0x0000, 0x0000, 0x0000, 0x0000, 0x0000, 0x0000, 0x0000, 0x0000, 0x0000, 0x0000, 0x0000, 0x0000, 0x0000, 0x0000, 0x0000, 0x0000,
 0x0000, 0x0000, 0x0000, 0x0000, 0x0000, 0x0000, 0x0000, 0x0000, 0x0000, 0x0000, 0x0000, 0x0000, 0x0000, 0x0000, 0x0000, 0x0000,
 0x0000, 0x0000, 0x0000, 0x0000, 0x0000, 0x0000, 0x0000, 0x0000, 0x0000, 0x0000, 0x0000, 0x0000, 0x0000, 0x0000, 0x0000, 0x0000,
 0x0000, 0x0000, 0x0000, 0x0000, 0x0000, 0x0000, 0x0000, 0x0000, 0x0000, 0x0000, 0x0000, 0x0000, 0x0000, 0x0000, 0x0000, 0x0000,
 0x0000, 0x0000, 0x0000, 0x0000, 0x0000, 0x0000, 0x0000, 0x0000, 0x0000, 0x0000, 0x0000, 0x0000, 0x0000, 0x0000, 0x0000, 0x0000,
 0xBC2C, 0xCC8D, 0x0000, 0x0000, 0x0000, 0x0000, 0x0000, 0x0000, 0x0000, 0x0000, 0x0000, 0x0000, 0x0000, 0x0000, 0x0000, 0x0000,
 0x0000, 0x0000, 0x0000, 0x0000, 0x0000, 0x0000, 0x0000, 0x0000, 0x0000, 0x0000, 0x0000, 0x0000, 0x0000, 0x0000, 0x0000, 0x0000,
 0x0000, 0x0000, 0x0000, 0x0000, 0x0000, 0x0000, 0x0000, 0x0000, 0x0000, 0x0000, 0x0000, 0x0000, 0x0000, 0x0000, 0x0000, 0x0000,
 0x0000, 0x0000, 0x0000, 0x0000, 0x0000, 0x0000, 0x0000, 0x0000, 0x0000, 0x0000, 0x0000, 0x0000, 0x0000, 0x0000, 0x0000, 0x0000,
 0x0000, 0x0000, 0x0000, 0x0000, 0x0000, 0x0000, 0x0000, 0x0000, 0x0000, 0x0000, 0x0000, 0x0000, 0x0000, 0x0000, 0x0000, 0x0000,
 0x0000, 0x0000, 0x0000, 0x0000, 0x0000, 0x0000, 0x0000, 0x0000, 0x0000, 0x0000, 0x0000, 0x0000, 0x0000, 0x0000, 0x0000, 0x0000,
 0x0000, 0x0000, 0x0000, 0x0000, 0x6A46, 0xFD90, 0x4184, 0x0000, 0x0000, 0x0000, 0x0000, 0x0000, 0x0000, 0x0000, 0x0000, 0x0000,
 0x0000, 0x0000, 0x0000, 0x0000, 0x0000, 0x0000, 0x0000, 0x0000, 0x0000, 0x0000, 0x0000, 0x0000, 0x0000, 0x0000, 0x0000, 0x0000,
 0x0000, 0x0000, 0x0000, 0x0000, 0x0000, 0x0000, 0x0000, 0x0000, 0x0000, 0x0000, 0x0000, 0x0000, 0x0000, 0x0000, 0x0000, 0x0000,
 0x0000, 0x0000, 0x0000, 0x0000, 0x0000, 0x0000, 0x0000, 0x0000, 0x0000, 0x0000, 0x0000, 0x0000, 0x0000, 0x0000, 0x0000, 0x0000,
 0x0000, 0x0000, 0x0000, 0x0000, 0x0000, 0x0000, 0x0000, 0x0000, 0x0000, 0x0000, 0x0000, 0x0000, 0x0000, 0x0000, 0x0000, 0x0000,
 0x0000, 0x0000, 0x0000, 0x0000, 0x0000, 0x0000, 0x0000, 0x0000, 0x0000, 0x0000, 0x0000, 0x0000, 0x0000, 0x0000, 0x0000, 0x0000,
 0x0000, 0x0000, 0x0000, 0x0000, 0x0000, 0x0000, 0x0000, 0x0000, 0x20C2, 0xED2F, 0x9B6A, 0x0000, 0x0000, 0x0000, 0x0000, 0x0000,
 0x0000, 0x0000, 0x0000, 0x0000, 0x0000, 0x0000, 0x0000, 0x0000, 0x0000, 0x0000, 0x0000, 0x0000, 0x0000, 0x0000, 0x0000, 0x0000,
 0x0000, 0x0000, 0x0000, 0x0000, 0x0000, 0x0000, 0x0000, 0x0000, 0x0000, 0x0000, 0x0000, 0x0000, 0x0000, 0x0000, 0x0000, 0x0000,
 0x0000, 0x0000, 0x0000, 0x0000, 0x0000, 0x0000, 0x0000, 0x0000, 0x0000, 0x0000, 0x0000, 0x0000, 0x0000, 0x0000, 0x0000, 0x0000,
 0x0000, 0x0000, 0x0000, 0x0000, 0x0000, 0x0000, 0x0000, 0x0000, 0x0000, 0x0000, 0x0000, 0x0000, 0x0000, 0x0000, 0x0000, 0x0000,
 0x0000, 0x0000, 0x0000, 0x0000, 0x0000, 0x0000, 0x0000, 0x0000, 0x0000, 0x0000, 0x0000, 0x0000, 0x0000, 0x0000, 0x0000, 0x0000,
 0x0000, 0x0000, 0x0000, 0x0000, 0x0000, 0x0000, 0x0000, 0x0000, 0x0000, 0x0000, 0x0000, 0x0000, 0x0000, 0x9329, 0xED4F, 0x28E2,
 0x0000, 0x0000, 0x0000, 0x0000, 0x0000, 0x0000, 0x0000, 0x0000, 0x0000, 0x0000, 0x0000, 0x0000, 0x0000, 0x0000, 0x0000, 0x0000,
 0x0000, 0x0000, 0x0000, 0x0000, 0x0000, 0x0000, 0x0000, 0x0000, 0x0000, 0x0000, 0x0000, 0x0000, 0x0000, 0x0000, 0x0000, 0x0000,
 0x0000, 0x0000, 0x0000, 0x0000, 0x0000, 0x0000, 0x0000, 0x0000, 0x0000, 0x0000, 0x0000, 0x0000, 0x0000, 0x0000, 0x0000, 0x0000,
 0x0000, 0x0000, 0x0000, 0x0000, 0x0000, 0x0000, 0x0000, 0x0000, 0x0000, 0x0000, 0x0000, 0x0000, 0x0000, 0x0000, 0x0000, 0x0000,
 0x0000, 0x0000, 0x0000, 0x0000, 0x0000, 0x0000, 0x0000, 0x0000, 0x0000, 0x0000, 0x0000, 0x0000, 0x0000, 0x0000, 0x0000, 0x0000,
 0x0000, 0x0000, 0x0000, 0x0000, 0x0000, 0x0000, 0x0000, 0x0000, 0x0000, 0x0000, 0x0000, 0x0000, 0x0000, 0x4984, 0x7AC8, 0x7AC8,
 0x6246, 0x8308, 0xFDB0, 0xB3EB, 0x1061, 0x0000, 0x0000, 0x0000, 0x0000, 0x0000, 0x0000, 0x0000, 0x0000, 0x0000, 0x0000, 0x0000,
 0x0000, 0x0000, 0x0000, 0x0000, 0x0000, 0x0000, 0x0000, 0x0000, 0x0000, 0x0000, 0x0000, 0x0000, 0x0000, 0x0000, 0x0000, 0x0000,
 0x0000, 0x0000, 0x0000, 0x0000, 0x0000, 0x0000, 0x0000, 0x0000, 0x0000, 0x0000, 0x0000, 0x0000, 0x0000, 0x0000, 0x0000, 0x0000,
 0x0000, 0x0000, 0x0000, 0x0000, 0x0000, 0x0000, 0x0000, 0x0000, 0x0000, 0x0000, 0x0000, 0x0000, 0x0000, 0x0000, 0x0000, 0x0000,
 0x0000, 0x0000, 0x0000, 0x0000, 0x0000, 0x0000, 0x0000, 0x0000, 0x0000, 0x0000, 0x0000, 0x0000, 0x0000, 0x0000, 0x0000, 0x0000,
 0x0000, 0x0000, 0x0000, 0x0000, 0x0000, 0x0000, 0x0000, 0x0000, 0x0000, 0x0000, 0x0000, 0x0000, 0x0000, 0x0000, 0x0000, 0x0000,
 0x1041, 0xDCEE, 0xFDD0, 0xED2F, 0xED4F, 0xF56F, 0xFDB0, 0xFD90, 0x4184, 0x0000, 0x0000, 0x0000, 0x0000, 0x0000, 0x0000, 0x0000,
 0x0000, 0x0000, 0x0000, 0x0000, 0x0000, 0x0000, 0x0000, 0x0000, 0x0000, 0x0000, 0x0000, 0x0000, 0x0000, 0x0000, 0x0000, 0x0000,
 0x0000, 0x0000, 0x0000, 0x0000, 0x0000, 0x0000, 0x0000, 0x0000, 0x0000, 0x0000, 0x0000, 0x0000, 0x0000, 0x0000, 0x0000, 0x0000,
 0x0000, 0x0000, 0x0000, 0x0000, 0x0000, 0x0000, 0x0000, 0x0000, 0x0000, 0x0000, 0x0000, 0x0000, 0x0000, 0x0000, 0x0000, 0x0000,
 0x0000, 0x0000, 0x0000, 0x0000, 0x0000, 0x0000, 0x0000, 0x0000, 0x0000, 0x0000, 0x0000, 0x0000, 0x0000, 0x0000, 0x0000, 0x0000,
 0x0000, 0x0000, 0x0000, 0x0000, 0x0000, 0x0000, 0x0000, 0x0000, 0x0000, 0x0000, 0x0000, 0x0000, 0x0000, 0x0000, 0x0000, 0x0000,
 0x0000, 0x0000, 0x0000, 0x0000, 0x0000, 0x5A06, 0x51E5, 0x20C2, 0x3103, 0x4184, 0x6226, 0x6226, 0x1061, 0x0000, 0x0000, 0x0000,
 0x0000, 0x0000, 0x0000, 0x0000, 0x0000, 0x0000, 0x0000, 0x0000, 0x0000, 0x0000, 0x0000, 0x0000, 0x0000, 0x0000, 0x0000, 0x0000,
 0x0000, 0x0000, 0x0000, 0x0000, 0x0000, 0x0000, 0x0000, 0x0000, 0x0000, 0x0000, 0x0000, 0x0000, 0x0000, 0x0000, 0x0000, 0x0000,
 0x0000, 0x0000, 0x0000, 0x0000, 0x0000, 0x0000, 0x0000, 0x0000, 0x0000, 0x0000, 0x0000, 0x0000, 0x0000, 0x0000, 0x0000, 0x0000,
 0x0000, 0x0000, 0x0000, 0x0000, 0x0000, 0x0000, 0x0000, 0x0000, 0x0000, 0x0000, 0x0000, 0x0000, 0x0000, 0x0000, 0x0000, 0x0000,
 0x0000, 0x0000, 0x0000, 0x0000, 0x0000, 0x0000, 0x0000, 0x0000, 0x0000, 0x0000, 0x0000, 0x0000, 0x0000, 0x0000, 0x0000, 0x0000,
 0x0000, 0x0000, 0x0000, 0x0000, 0x0000, 0x0000, 0x0000, 0x0000, 0x0000, 0x0000, 0x0000, 0x0000, 0x0000, 0x0000, 0x0000, 0x0000,
 0x0000, 0x0000, 0x0000, 0x0000, 0x0000, 0x0000, 0x0000, 0x0000, 0x0000, 0x0000, 0x0000, 0x0000, 0x0000, 0x0000, 0x0000, 0x0000,
 0x0000, 0x0000, 0x0000, 0x0000, 0x0000, 0x0000, 0x0000, 0x0000, 0x0000, 0x0000, 0x0000, 0x0000, 0x0000, 0x0000, 0x0000, 0x0000,
 0x0000, 0x0000, 0x0000, 0x0000, 0x0000, 0x0000, 0x0000, 0x0000, 0x0000, 0x0000, 0x0000, 0x0000, 0x0000, 0x0000, 0x0000, 0x0000,
 0x0000, 0x0000, 0x0000, 0x0000, 0x0000, 0x0000, 0x0000, 0x0000, 0x0000, 0x0000, 0x0000, 0x0000, 0x0000, 0x0000, 0x0000, 0x0000,
 0x0000, 0x0000, 0x0000, 0x0000, 0x0000, 0x0000, 0x0000, 0x0000, 0x0000, 0x0000, 0x0000, 0x0000, 0x0000, 0x0000, 0x0000, 0x0000,
 0x0000, 0x0000, 0x0000, 0x0000, 0x0000, 0x0000, 0x0000, 0x0000, 0x0000, 0x0000, 0x0000, 0x0000, 0x0000, 0x0000, 0x0000, 0x0000,
 0x0000, 0x0000, 0x0000, 0x0000, 0x0000, 0x0000, 0x0000, 0x0000, 0x0000, 0x0000, 0x0000, 0x0000, 0x0000, 0x0000, 0x0000, 0x0000,
 0x0000, 0x0000, 0x0000, 0x0000, 0x0000, 0x0000, 0x0000, 0x0000, 0x0000, 0x0000, 0x0000, 0x0000, 0x0000, 0x0000, 0x0000, 0x0000,
 0x0000, 0x0000, 0x0000, 0x0000, 0x0000, 0x0000, 0x0000, 0x0000, 0x0000, 0x0000, 0x0000, 0x0000, 0x0000, 0x0000, 0x0000, 0x0000,
 0x0000, 0x0000, 0x0000, 0x0000, 0x0000, 0x0000, 0x0000, 0x0000, 0x0000, 0x0000, 0x0000, 0x0000, 0x0000, 0x0000, 0x0000, 0x0000,
 0x0000, 0x0000, 0x0000, 0x0000, 0x0000, 0x0000, 0x0000, 0x0000, 0x0000, 0x0000, 0x0000, 0x0000, 0x0000, 0x0000, 0x0000, 0x0000,
 0x0000, 0x0000, 0x0000, 0x0000, 0x0000, 0x0000, 0x0000, 0x0000, 0x0000, 0x0000, 0x0000, 0x0000, 0x1061, 0x51C5, 0x5A06, 0x6226,
 0x5A05, 0x5A05, 0xA3CA, 0x6226, 0x0000, 0x0000, 0x0000, 0x0000, 0x0000, 0x0000, 0x0000, 0x0000, 0x0000, 0x0000, 0x0000, 0x0000,
 0x0000, 0x0000, 0x0000, 0x0000, 0x0000, 0x0000, 0x0000, 0x0000, 0x0000, 0x0000, 0x0000, 0x0000, 0x0000, 0x0000, 0x0000, 0x0000,
 0x0000, 0x0000, 0x0000, 0x0000, 0x0000, 0x0000, 0x0000, 0x0000, 0x0000, 0x0000, 0x0000, 0x0000, 0x0000, 0x0000, 0x0000, 0x0000,
 0x0000, 0x0000, 0x0000, 0x0000, 0x0000, 0x0000, 0x0000, 0x0000, 0x0000, 0x0000, 0x0000, 0x0000, 0x0000, 0x0000, 0x0000, 0x0000,
 0x0000, 0x0000, 0x0000, 0x0000, 0x0000, 0x0000, 0x0000, 0x0000, 0x0000, 0x0000, 0x0000, 0x0000, 0x0000, 0x0000, 0x0000, 0x0000,
 0x0000, 0x0000, 0x0000, 0x0000, 0x0000, 0x0000, 0x0000, 0x0000, 0x0000, 0x0000, 0x0000, 0x0000, 0x0000, 0x0000, 0x0000, 0x0000,
 0x6226, 0xFDB0, 0xFD90, 0xF56F, 0xF56F, 0xFD90, 0xFDB0, 0x7287, 0x0000, 0x0000, 0x0000, 0x0000, 0x0000, 0x0000, 0x0000, 0x0000,
 0x0000, 0x0000, 0x0000, 0x0000, 0x0000, 0x0000, 0x0000, 0x0000, 0x0000, 0x0000, 0x0000, 0x0000, 0x0000, 0x0000, 0x0000, 0x0000,
 0x0000, 0x0000, 0x0000, 0x0000, 0x0000, 0x0000, 0x0000, 0x0000, 0x0000, 0x0000, 0x0000, 0x0000, 0x0000, 0x0000, 0x0000, 0x0000,
 0x0000, 0x0000, 0x0000, 0x0000, 0x0000, 0x0000, 0x0000, 0x0000, 0x0000, 0x0000, 0x0000, 0x0000, 0x0000, 0x0000, 0x0000, 0x0000,
 0x0000, 0x0000, 0x0000, 0x0000, 0x0000, 0x0000, 0x0000, 0x0000, 0x0000, 0x0000, 0x0000, 0x0000, 0x0000, 0x0000, 0x0000, 0x0000,
 0x0000, 0x0000, 0x0000, 0x0000, 0x0000, 0x0000, 0x0000, 0x0000, 0x0000, 0x0000, 0x0000, 0x0000, 0x0000, 0x0000, 0x0000, 0x0000,
 0x0000, 0x0000, 0x0000, 0x0000, 0x4164, 0xFDB0, 0xBC2C, 0x3943, 0x4984, 0x51C5, 0x3923, 0x0000, 0x0000, 0x0000, 0x0000, 0x0000,
 0x0000, 0x0000, 0x0000, 0x0000, 0x0000, 0x0000, 0x0000, 0x0000, 0x0000, 0x0000, 0x0000, 0x0000, 0x0000, 0x0000, 0x0000, 0x0000,
 0x0000, 0x0000, 0x0000, 0x0000, 0x0000, 0x0000, 0x0000, 0x0000, 0x0000, 0x0000, 0x0000, 0x0000, 0x0000, 0x0000, 0x0000, 0x0000,
 0x0000, 0x0000, 0x0000, 0x0000, 0x0000, 0x0000, 0x0000, 0x0000, 0x0000, 0x0000, 0x0000, 0x0000, 0x0000, 0x0000, 0x0000, 0x0000,
 0x0000, 0x0000, 0x0000, 0x0000, 0x0000, 0x0000, 0x0000, 0x0000, 0x0000, 0x0000, 0x0000, 0x0000, 0x0000, 0x0000, 0x0000, 0x0000,
 0x0000, 0x0000, 0x0000, 0x0000, 0x0000, 0x0000, 0x0000, 0x0000, 0x0000, 0x0000, 0x0000, 0x0000, 0x0000, 0x0000, 0x0000, 0x0000,
 0x0000, 0x0000, 0x0000, 0x0000, 0x0000, 0x0000, 0x0000, 0x0000, 0x0000, 0xA3AA, 0xED2F, 0x28E2, 0x0000, 0x0000, 0x0000, 0x0000,
 0x0000, 0x0000, 0x0000, 0x0000, 0x0000, 0x0000, 0x0000, 0x0000, 0x0000, 0x0000, 0x0000, 0x0000, 0x0000, 0x0000, 0x0000, 0x0000,
 0x0000, 0x0000, 0x0000, 0x0000, 0x0000, 0x0000, 0x0000, 0x0000, 0x0000, 0x0000, 0x0000, 0x0000, 0x0000, 0x0000, 0x0000, 0x0000,
 0x0000, 0x0000, 0x0000, 0x0000, 0x0000, 0x0000, 0x0000, 0x0000, 0x0000, 0x0000, 0x0000, 0x0000, 0x0000, 0x0000, 0x0000, 0x0000,
 0x0000, 0x0000, 0x0000, 0x0000, 0x0000, 0x0000, 0x0000, 0x0000, 0x0000, 0x0000, 0x0000, 0x0000, 0x0000, 0x0000, 0x0000, 0x0000,
 0x0000, 0x0000, 0x0000, 0x0000, 0x0000, 0x0000, 0x0000, 0x0000, 0x0000, 0x0000, 0x0000, 0x0000, 0x0000, 0x0000, 0x0000, 0x0000,
 0x0000, 0x0000, 0x0000, 0x0000, 0x0000, 0x0000, 0x0000, 0x0000, 0x0000, 0x0000, 0x0000, 0x0000, 0x0000, 0x28E2, 0xED2F, 0xBC2C,
 0x0020, 0x0000, 0x0000, 0x0000, 0x0000, 0x0000, 0x0000, 0x0000, 0x0000, 0x0000, 0x0000, 0x0000, 0x0000, 0x0000, 0x0000, 0x0000,
 0x0000, 0x0000, 0x0000, 0x0000, 0x0000, 0x0000, 0x0000, 0x0000, 0x0000, 0x0000, 0x0000, 0x0000, 0x0000, 0x0000, 0x0000, 0x0000,
 0x0000, 0x0000, 0x0000, 0x0000, 0x0000, 0x0000, 0x0000, 0x0000, 0x0000, 0x0000, 0x0000, 0x0000, 0x0000, 0x0000, 0x0000, 0x0000,
 0x0000, 0x0000, 0x0000, 0x0000, 0x0000, 0x0000, 0x0000, 0x0000, 0x0000, 0x0000, 0x0000, 0x0000, 0x0000, 0x0000, 0x0000, 0x0000,
 0x0000, 0x0000, 0x0000, 0x0000, 0x0000, 0x0000, 0x0000, 0x0000, 0x0000, 0x0000, 0x0000, 0x0000, 0x0000, 0x0000, 0x0000, 0x0000,
 0x0000, 0x0000, 0x0000, 0x0000, 0x0000, 0x0000, 0x0000, 0x0000, 0x0000, 0x0000, 0x0000, 0x0000, 0x0000, 0x0000, 0x0000, 0x0000,
 0x0000, 0x0000, 0x6A66, 0xFDD0, 0x7287, 0x0000, 0x0000, 0x0000, 0x0000, 0x0000, 0x0000, 0x0000, 0x0000, 0x0000, 0x0000, 0x0000,
 0x0000, 0x0000, 0x0000, 0x0000, 0x0000, 0x0000, 0x0000, 0x0000, 0x0000, 0x0000, 0x0000, 0x0000, 0x0000, 0x0000, 0x0000, 0x0000,
 0x0000, 0x0000, 0x0000, 0x0000, 0x0000, 0x0000, 0x0000, 0x0000, 0x0000, 0x0000, 0x0000, 0x0000, 0x0000, 0x0000, 0x0000, 0x0000,
 0x0000, 0x0000, 0x0000, 0x0000, 0x0000, 0x0000, 0x0000, 0x0000, 0x0000, 0x0000, 0x0000, 0x0000, 0x0000, 0x0000, 0x0000, 0x0000,
 0x0000, 0x0000, 0x0000, 0x0000, 0x0000, 0x0000, 0x0000, 0x0000, 0x0000, 0x0000, 0x0000, 0x0000, 0x0000, 0x0000, 0x0000, 0x0000,
 0x0000, 0x0000, 0x0000, 0x0000, 0x0000, 0x0000, 0x0000, 0x0000, 0x0000, 0x0000, 0x0000, 0x0000, 0x0000, 0x0000, 0x0000, 0x0000,
 0x0000, 0x0000, 0x0000, 0x0000, 0x0000, 0x0000, 0x0000, 0xA38A, 0xF56F, 0x51C5, 0x0000, 0x0000, 0x0000, 0x0000, 0x0000, 0x0000,
 0x0000, 0x0000, 0x0000, 0x0000, 0x0000, 0x0000, 0x0000, 0x0000, 0x0000, 0x0000, 0x0000, 0x0000, 0x0000, 0x0000, 0x0000, 0x0000,
 0x0000, 0x0000, 0x0000, 0x0000, 0x0000, 0x0000, 0x0000, 0x0000, 0x0000, 0x0000, 0x0000, 0x0000, 0x0000, 0x0000, 0x0000, 0x0000,
 0x0000, 0x0000, 0x0000, 0x0000, 0x0000, 0x0000, 0x0000, 0x0000, 0x0000, 0x0000, 0x0000, 0x0000, 0x0000, 0x0000, 0x0000, 0x0000,
 0x0000, 0x0000, 0x0000, 0x0000, 0x0000, 0x0000, 0x0000, 0x0000, 0x0000, 0x0000, 0x0000, 0x0000, 0x0000, 0x0000, 0x0000, 0x0000,
 0x0000, 0x0000, 0x0000, 0x0000, 0x0000, 0x0000, 0x0000, 0x0000, 0x0000, 0x0000, 0x0000, 0x0000, 0x0000, 0x0000, 0x0000, 0x0000,
 0x0000, 0x0000, 0x0000, 0x0000, 0x0000, 0x0000, 0x0000, 0x0000, 0x1881, 0x18A1, 0x20C2, 0x6A67, 0xFDB0, 0xF590, 0x59E5, 0x0000,
 0x0000, 0x0000, 0x0000, 0x0000, 0x0000, 0x0000, 0x0000, 0x0000, 0x0000, 0x0000, 0x0000, 0x0000, 0x0000, 0x0000, 0x0000, 0x0000,
 0x0000, 0x0000, 0x0000, 0x0000, 0x0000, 0x0000, 0x0000, 0x0000, 0x0000, 0x0000, 0x0000, 0x0000, 0x0000, 0x0000, 0x0000, 0x0000,
 0x0000, 0x0000, 0x0000, 0x0000, 0x0000, 0x0000, 0x0000, 0x0000, 0x0000, 0x0000, 0x0000, 0x0000, 0x0000, 0x0000, 0x0000, 0x0000,
 0x0000, 0x0000, 0x0000, 0x0000, 0x0000, 0x0000, 0x0000, 0x0000, 0x0000, 0x0000, 0x0000, 0x0000, 0x0000, 0x0000, 0x0000, 0x0000,
 0x0000, 0x0000, 0x0000, 0x0000, 0x0000, 0x0000, 0x0000, 0x0000, 0x0000, 0x0000, 0x0000, 0x0000, 0x0000, 0x0000, 0x0000, 0x0000,
 0x0000, 0x0000, 0x0000, 0x0000, 0x0000, 0x0000, 0x0000, 0x0000, 0x0000, 0x0000, 0x0000, 0x0000, 0xE50E, 0xED4F, 0xED4F, 0xF56F,
 0xF54F, 0xE50E, 0x6A46, 0x0000, 0x0000, 0x0000, 0x0000, 0x0000, 0x0000, 0x0000, 0x0000, 0x0000, 0x0000, 0x0000, 0x0000, 0x0000,
 0x0000, 0x0000, 0x0000, 0x0000, 0x0000, 0x0000, 0x0000, 0x0000, 0x0000, 0x0000, 0x0000, 0x0000, 0x0000, 0x0000, 0x0000, 0x0000,
 0x0000, 0x0000, 0x0000, 0x0000, 0x0000, 0x0000, 0x0000, 0x0000, 0x0000, 0x0000, 0x0000, 0x0000, 0x0000, 0x0000, 0x0000, 0x0000,
 0x0000, 0x0000, 0x0000, 0x0000, 0x0000, 0x0000, 0x0000, 0x0000, 0x0000, 0x0000, 0x0000, 0x0000, 0x0000, 0x0000, 0x0000, 0x0000,
 0x0000, 0x0000, 0x0000, 0x0000, 0x0000, 0x0000, 0x0000, 0x0000, 0x0000, 0x0000, 0x0000, 0x0000, 0x0000, 0x0000, 0x0000, 0x0000,
 0x0000, 0x0000, 0x0000, 0x0000, 0x0000, 0x0000, 0x0000, 0x0000, 0x0000, 0x0000, 0x0000, 0x0000, 0x0000, 0x0000, 0x0000, 0x0000,
 0xB3EB, 0x9349, 0x6A46, 0x4184, 0x28E2, 0x1881, 0x0000, 0x0000, 0x0000, 0x0000, 0x0000, 0x0000, 0x0000, 0x0000, 0x0000, 0x0000,
 0x0000, 0x0000, 0x0000, 0x0000, 0x0000, 0x0000, 0x0000, 0x0000, 0x0000, 0x0000, 0x0000, 0x0000, 0x0000, 0x0000, 0x0000, 0x0000,
 0x0000, 0x0000, 0x0000, 0x0000, 0x0000, 0x0000, 0x0000, 0x0000, 0x0000, 0x0000, 0x0000, 0x0000, 0x0000, 0x0000, 0x0000, 0x0000,
 0x0000, 0x0000, 0x0000, 0x0000, 0x0000, 0x0000, 0x0000, 0x0000, 0x0000, 0x0000, 0x0000, 0x0000, 0x0000, 0x0000, 0x0000, 0x0000,
 0x0000, 0x0000, 0x0000, 0x0000, 0x0000, 0x0000, 0x0000, 0x0000, 0x0000, 0x0000, 0x0000, 0x0000, 0x0000, 0x0000, 0x0000, 0x0000,
 0x0000, 0x0000, 0x0000, 0x0000, 0x0000, 0x0000, 0x0000, 0x0000, 0x0000, 0x0000, 0x0000, 0x0000, 0x0000, 0x0000, 0x0000, 0x0000,
 0x0000, 0x0000, 0x0000, 0x0000,
};

//height of 65
const unsigned short excited_cat[] = {
 0x0000, 0x0000, 0x0000, 0x0000, 0x0000, 0x0000, 0x0000, 0x0000, 0x0000, 0x0000, 0x0000, 0x0000, 0x0000, 0x0000, 0x0000, 0x0000,
 0x0000, 0x0000, 0x0000, 0x0000, 0x0000, 0x0041, 0x0021, 0x0000, 0x0000, 0x2A4B, 0x5D3A, 0x4C35, 0x1125, 0x0000, 0x0000, 0x0000,
 0x0000, 0x0000, 0x0000, 0x0000, 0x0000, 0x0000, 0x0000, 0x0000, 0x0000, 0x0000, 0x0000, 0x0000, 0x0000, 0x0000, 0x0000, 0x0000,
 0x0000, 0x0000, 0x0000, 0x0000, 0x0000, 0x0000, 0x0000, 0x0000, 0x0000, 0x0000, 0x0000, 0x0000, 0x0000, 0x0000, 0x0000, 0x0000,
 0x0000, 0x0000, 0x0020, 0x0000, 0x0000, 0x0000, 0x2A4B, 0x657B, 0x32CE, 0x0000, 0x0000, 0x0000, 0x0000, 0x0000, 0x0000, 0x0000,
 0x0000, 0x0000, 0x0000, 0x0000, 0x0000, 0x0000, 0x0000, 0x0000, 0x0000, 0x0000, 0x0000, 0x0000, 0x0000, 0x0000, 0x0000, 0x0000,
 0x0000, 0x0000, 0x0000, 0x0000, 0x0000, 0x0000, 0x0000, 0x0000, 0x0000, 0x0000, 0x0000, 0x0000, 0x0000, 0x0000, 0x0021, 0x0020,
 0x0000, 0x0041, 0x43D2, 0x6E3F, 0x6E1E, 0x43D3, 0x0062, 0x0000, 0x0000, 0x0000, 0x0000, 0x0000, 0x0000, 0x0000, 0x0000, 0x0000,
 0x0000, 0x0000, 0x0000, 0x0000, 0x0000, 0x0000, 0x0000, 0x0000, 0x0000, 0x0000, 0x0000, 0x0000, 0x0041, 0x0041, 0x0041, 0x0021,
 0x0020, 0x0000, 0x0000, 0x0000, 0x0000, 0x0000, 0x0000, 0x0000, 0x0000, 0x0000, 0x0000, 0x0041, 0x0000, 0x0000, 0x19A9, 0x551A,
 0x6E5F, 0x3B91, 0x0020, 0x0000, 0x0000, 0x0000, 0x0000, 0x0000, 0x0000, 0x0000, 0x0000, 0x0000, 0x0000, 0x0000, 0x0000, 0x0000,
 0x0000, 0x0000, 0x0000, 0x0000, 0x0000, 0x0000, 0x0000, 0x0000, 0x0000, 0x0000, 0x0000, 0x0000, 0x0000, 0x0000, 0x0000, 0x0000,
 0x0000, 0x0000, 0x0000, 0x0000, 0x0000, 0x0000, 0x0000, 0x0000, 0x0000, 0x0000, 0x08C4, 0x3C36, 0x557D, 0x555C, 0x4D1B, 0x19EA,
 0x0000, 0x0000, 0x0000, 0x0000, 0x0000, 0x0000, 0x0000, 0x0000, 0x0000, 0x0000, 0x0000, 0x0000, 0x0000, 0x0000, 0x0000, 0x0000,
 0x0000, 0x0000, 0x0000, 0x0000, 0x0000, 0x0021, 0x0041, 0x0041, 0x0020, 0x0000, 0x0000, 0x0000, 0x0000, 0x0000, 0x0000, 0x0000,
 0x0000, 0x0000, 0x0000, 0x0000, 0x0000, 0x0021, 0x1168, 0x33F6, 0x4D3D, 0x557D, 0x3351, 0x0041, 0x0000, 0x0000, 0x0000, 0x0000,
 0x0000, 0x0000, 0x0000, 0x0000, 0x0000, 0x0000, 0x0000, 0x0000, 0x0000, 0x0000, 0x0000, 0x0000, 0x0000, 0x0000, 0x0000, 0x0000,
 0x0000, 0x0000, 0x0000, 0x0000, 0x0000, 0x0000, 0x0000, 0x0000, 0x0000, 0x0000, 0x0000, 0x0000, 0x0000, 0x0000, 0x0000, 0x0000,
 0x0000, 0x0000, 0x0000, 0x0926, 0x3C79, 0x451C, 0x44FC, 0x453D, 0x3416, 0x08E5, 0x0000, 0x0000, 0x0000, 0x0000, 0x0000, 0x0000,
 0x0000, 0x0000, 0x0000, 0x0000, 0x0020, 0x0000, 0x0000, 0x0000, 0x0000, 0x0000, 0x0000, 0x0000, 0x0000, 0x0000, 0x0000, 0x0000,
 0x0020, 0x0021, 0x0041, 0x0041, 0x0041, 0x0062, 0x0062, 0x0062, 0x0042, 0x0042, 0x0041, 0x0021, 0x0000, 0x0000, 0x1147, 0x3C37,
 0x44FB, 0x44FC, 0x451C, 0x22D0, 0x0020, 0x0000, 0x0000, 0x0000, 0x0000, 0x0000, 0x0000, 0x0000, 0x0000, 0x0000, 0x0000, 0x0000,
 0x0000, 0x0000, 0x0000, 0x0000, 0x0000, 0x0000, 0x0000, 0x0000, 0x0000, 0x0000, 0x0000, 0x0000, 0x0000, 0x0000, 0x0000, 0x0000,
 0x0000, 0x0000, 0x0000, 0x0000, 0x0000, 0x0000, 0x0000, 0x0000, 0x0000, 0x0000, 0x0000, 0x0000, 0x1168, 0x44FB, 0x44FB, 0x3CBA,
 0x3CBA, 0x44FC, 0x33B4, 0x08E5, 0x0000, 0x0000, 0x0000, 0x0000, 0x0000, 0x0000, 0x0000, 0x0000, 0x0000, 0x0000, 0x0000, 0x0000,
 0x0062, 0x08C3, 0x10E4, 0x1125, 0x1146, 0x1987, 0x220A, 0x2AAD, 0x330F, 0x3B50, 0x43B2, 0x4C14, 0x4456, 0x33F6, 0x3417, 0x3C37,
 0x3C17, 0x3C17, 0x3416, 0x33D5, 0x1A4D, 0x0083, 0x08E5, 0x33B4, 0x451C, 0x451C, 0x451C, 0x453D, 0x228E, 0x0000, 0x0000, 0x0000,
 0x0000, 0x0000, 0x0000, 0x0000, 0x0000, 0x0000, 0x0000, 0x0000, 0x0000, 0x0000, 0x0000, 0x0000, 0x0000, 0x0000, 0x0000, 0x0000,
 0x0000, 0x0000, 0x0000, 0x0000, 0x0000, 0x0000, 0x0000, 0x0000, 0x0000, 0x0000, 0x0000, 0x0000, 0x0000, 0x0000, 0x0000, 0x0000,
 0x0000, 0x0000, 0x0000, 0x0000, 0x0000, 0x11A9, 0x44DB, 0x33F6, 0x2353, 0x2333, 0x3C58, 0x44FB, 0x1A4D, 0x0000, 0x0000, 0x0000,
 0x0000, 0x0000, 0x0020, 0x0862, 0x08C3, 0x1105, 0x1146, 0x21C9, 0x32CE, 0x43F4, 0x54D8, 0x5D5A, 0x659B, 0x659B, 0x659C, 0x65BC,
 0x65DC, 0x65DD, 0x65FD, 0x6DFD, 0x6E1E, 0x65DE, 0x4D3D, 0x451D, 0x453D, 0x453D, 0x453D, 0x451C, 0x3417, 0x2312, 0x1AB0, 0x2B74,
 0x44DB, 0x44FC, 0x44DB, 0x3CBA, 0x451C, 0x1A4C, 0x0000, 0x0000, 0x0000, 0x0000, 0x0000, 0x0000, 0x0000, 0x0000, 0x0000, 0x0000,
 0x0000, 0x0000, 0x0000, 0x0000, 0x0000, 0x0000, 0x0000, 0x0000, 0x0000, 0x0000, 0x0000, 0x0000, 0x0000, 0x0000, 0x0000, 0x0000,
 0x0000, 0x0000, 0x0000, 0x0000, 0x0000, 0x0000, 0x0000, 0x0000, 0x0000, 0x0000, 0x0000, 0x0000, 0x0000, 0x0000, 0x1189, 0x3417,
 0x2312, 0x1AD1, 0x1AD1, 0x2BD6, 0x44FB, 0x2B11, 0x0041, 0x0862, 0x1105, 0x1146, 0x19A8, 0x224B, 0x32EE, 0x3B92, 0x4C55, 0x54F8,
 0x65DD, 0x6E1E, 0x6E1E, 0x6E1E, 0x6E1E, 0x6E1E, 0x6E1E, 0x6E1E, 0x6DFE, 0x6DFD, 0x6DFD, 0x6DFD, 0x6DFD, 0x6DFD, 0x65BD, 0x4D1C,
 0x44FB, 0x44FB, 0x44FB, 0x44FC, 0x44BA, 0x2374, 0x1AF1, 0x2312, 0x2333, 0x33F7, 0x3C79, 0x33F6, 0x2BD6, 0x3C79, 0x19EB, 0x0000,
 0x0000, 0x0000, 0x0000, 0x0000, 0x0000, 0x0000, 0x0000, 0x0000, 0x0000, 0x0000, 0x0000, 0x0000, 0x0000, 0x0000, 0x0000, 0x0000,
 0x0000, 0x0000, 0x0000, 0x0000, 0x0000, 0x0000, 0x0000, 0x0000, 0x0000, 0x0000, 0x0000, 0x0000, 0x0000, 0x0000, 0x0000, 0x0000,
 0x0000, 0x0000, 0x0000, 0x0000, 0x0000, 0x0000, 0x0000, 0x0927, 0x2353, 0x2312, 0x1AF2, 0x22F2, 0x33F7, 0x44FC, 0x3C37, 0x1A0B,
 0x2AAE, 0x43F3, 0x5496, 0x5CF9, 0x5D39, 0x5D5A, 0x657B, 0x659C, 0x65DC, 0x6DFD, 0x6DFD, 0x6DFD, 0x65FD, 0x65DD, 0x65DD, 0x65DD,
 0x65DD, 0x65DD, 0x65DD, 0x65DD, 0x65DD, 0x65DD, 0x6DFD, 0x5DBD, 0x451C, 0x44FB, 0x44FB, 0x44FB, 0x44FC, 0x44DB, 0x2BD6, 0x22F2,
 0x1AF1, 0x22F2, 0x2333, 0x2353, 0x2333, 0x2333, 0x2B95, 0x11A9, 0x0000, 0x0000, 0x0000, 0x0000, 0x0000, 0x0000, 0x0000, 0x0000,
 0x0000, 0x0000, 0x0000, 0x0000, 0x0000, 0x0000, 0x0000, 0x0000, 0x0000, 0x0000, 0x0000, 0x0000, 0x0000, 0x0000, 0x0000, 0x0000,
 0x0000, 0x0000, 0x0000, 0x0000, 0x0000, 0x0000, 0x0000, 0x0000, 0x0000, 0x0000, 0x0000, 0x0000, 0x0000, 0x0000, 0x0000, 0x0000,
 0x0906, 0x22F2, 0x1AF2, 0x1AF1, 0x2B94, 0x3CBA, 0x44FC, 0x44FC, 0x44FB, 0x5D9C, 0x6E1E, 0x6E1E, 0x6E1E, 0x6E1E, 0x6E1E, 0x6DFE,
 0x6DFD, 0x6DFD, 0x65DD, 0x65DD, 0x65DD, 0x65DD, 0x65DD, 0x65DD, 0x65DD, 0x65DD, 0x65DD, 0x65DD, 0x65DD, 0x65DD, 0x65DD, 0x6DFD,
 0x65BD, 0x4D1B, 0x44FB, 0x44FB, 0x44FB, 0x44FB, 0x44FB, 0x3CBA, 0x33F6, 0x2312, 0x1AF1, 0x1AF1, 0x1AF1, 0x1AF1, 0x2312, 0x1AAF,
 0x08A4, 0x0000, 0x0000, 0x0000, 0x0000, 0x0000, 0x0000, 0x0000, 0x0000, 0x0000, 0x0000, 0x0000, 0x0000, 0x0000, 0x0000, 0x0000,
 0x0000, 0x0000, 0x0000, 0x0000, 0x0000, 0x0000, 0x0000, 0x0000, 0x0000, 0x0000, 0x0000, 0x0000, 0x0000, 0x0000, 0x0000, 0x0000,
 0x0000, 0x0000, 0x0000, 0x0000, 0x0000, 0x0000, 0x0000, 0x0000, 0x0000, 0x0906, 0x1AF2, 0x2313, 0x2B94, 0x3C99, 0x44FC, 0x44FB,
 0x44FB, 0x4D5C, 0x65FD, 0x6DFD, 0x65DD, 0x65DD, 0x65DD, 0x65DD, 0x65DD, 0x65DD, 0x65DD, 0x65DD, 0x65DD, 0x65DD, 0x65DD, 0x65DD,
 0x65DD, 0x65DD, 0x65DD, 0x65DD, 0x65DD, 0x65DD, 0x65DD, 0x65DD, 0x6DFD, 0x65DD, 0x4D3C, 0x44FB, 0x44FB, 0x44FB, 0x44FB, 0x44FB,
 0x44FC, 0x44FB, 0x3458, 0x2B74, 0x2312, 0x2312, 0x2312, 0x2BF7, 0x22AF, 0x0000, 0x0000, 0x0000, 0x0000, 0x0000, 0x0000, 0x0000,
 0x0000, 0x0000, 0x0000, 0x0000, 0x0000, 0x0000, 0x0000, 0x0000, 0x0000, 0x0000, 0x0000, 0x0000, 0x0000, 0x0000, 0x0000, 0x0000,
 0x0000, 0x0000, 0x0000, 0x0000, 0x0000, 0x0000, 0x0000, 0x0000, 0x0000, 0x0000, 0x0000, 0x0000, 0x0000, 0x0000, 0x0000, 0x0000,
 0x0000, 0x0000, 0x1147, 0x3417, 0x3C79, 0x44BA, 0x44FC, 0x44FB, 0x44FB, 0x44DB, 0x555C, 0x6DFD, 0x65DD, 0x65DD, 0x65DD, 0x65DD,
 0x65DD, 0x65DD, 0x65DD, 0x65DD, 0x65DD, 0x65DD, 0x65DD, 0x65DD, 0x65DD, 0x65DD, 0x65DD, 0x65DD, 0x65DD, 0x65DD, 0x65DD, 0x65DD,
 0x65DD, 0x6DFD, 0x65DD, 0x4D3C, 0x44FB, 0x44FB, 0x44FB, 0x44FB, 0x44FB, 0x44FB, 0x44FB, 0x44FC, 0x3CBA, 0x3C79, 0x3C59, 0x3C79,
 0x44DA, 0x226D, 0x0000, 0x0000, 0x0000, 0x0000, 0x0000, 0x0000, 0x0000, 0x0000, 0x0000, 0x0000, 0x0000, 0x0000, 0x0000, 0x0000,
 0x0000, 0x0000, 0x0000, 0x0000, 0x0000, 0x0000, 0x0000, 0x0000, 0x0000, 0x0000, 0x0000, 0x0000, 0x0000, 0x0000, 0x0000, 0x0000,
 0x0000, 0x0000, 0x0000, 0x0000, 0x0000, 0x0000, 0x0000, 0x0000, 0x0000, 0x0000, 0x0000, 0x11A9, 0x451C, 0x44FB, 0x44DA, 0x44FB,
 0x44FC, 0x44FB, 0x44DB, 0x4D3C, 0x65DD, 0x6DFD, 0x65DD, 0x65DD, 0x65DD, 0x65DD, 0x65DD, 0x65DD, 0x65DD, 0x65DD, 0x65DD, 0x65DD,
 0x65DD, 0x65DD, 0x65DD, 0x65DD, 0x65DD, 0x65DD, 0x65DD, 0x65DD, 0x65DD, 0x65DD, 0x6DFD, 0x65BD, 0x4D1C, 0x44FB, 0x44FB, 0x44FB,
 0x44FB, 0x44FB, 0x44FC, 0x451C, 0x451C, 0x451C, 0x451C, 0x44FC, 0x451C, 0x3C99, 0x1168, 0x0000, 0x0000, 0x0000, 0x0000, 0x0000,
 0x0000, 0x0000, 0x0000, 0x0000, 0x0000, 0x0000, 0x0000, 0x0000, 0x0000, 0x0000, 0x0000, 0x0000, 0x0000, 0x0000, 0x0000, 0x0000,
 0x0000, 0x0000, 0x0000, 0x0000, 0x0000, 0x0000, 0x0000, 0x0000, 0x0000, 0x0000, 0x0000, 0x0000, 0x0000, 0x0000, 0x0000, 0x0000,
 0x0000, 0x0000, 0x0000, 0x0000, 0x1167, 0x3417, 0x2374, 0x2333, 0x2BD6, 0x44DB, 0x44FC, 0x44FB, 0x451C, 0x5D9D, 0x6DFD, 0x65DD,
 0x65DD, 0x65DD, 0x65DD, 0x65DD, 0x65DD, 0x65DD, 0x65DD, 0x65DD, 0x65DD, 0x65DD, 0x65DD, 0x65DD, 0x65DD, 0x65DD, 0x65DD, 0x65DD,
 0x65DD, 0x65DD, 0x65DD, 0x6DFD, 0x5D9C, 0x44FB, 0x44FB, 0x44FB, 0x44FB, 0x44FB, 0x44FB, 0x3CBA, 0x3C79, 0x3C9A, 0x44DB, 0x3458,
 0x2BD6, 0x33F7, 0x2B74, 0x08A3, 0x0000, 0x0000, 0x0000, 0x0000, 0x0000, 0x0000, 0x0000, 0x0000, 0x0000, 0x0000, 0x0000, 0x0000,
 0x0000, 0x0000, 0x0000, 0x0000, 0x0000, 0x0000, 0x0000, 0x0000, 0x0000, 0x0000, 0x0000, 0x0000, 0x0000, 0x0000, 0x0000, 0x0000,
 0x0000, 0x0000, 0x0000, 0x0000, 0x0000, 0x0000, 0x0000, 0x0000, 0x0000, 0x0000, 0x0000, 0x0000, 0x0000, 0x08E5, 0x22F1, 0x1AF2,
 0x1AF1, 0x1AD1, 0x3438, 0x451C, 0x44FB, 0x44DB, 0x5D7C, 0x6DFD, 0x65DD, 0x65DD, 0x65DD, 0x65DD, 0x65DD, 0x65DD, 0x65DD, 0x65DD,
 0x65DD, 0x65DD, 0x65DD, 0x65DD, 0x65DD, 0x65DD, 0x65DD, 0x65DD, 0x65DD, 0x65DD, 0x65DD, 0x65DD, 0x6DFD, 0x5D9C, 0x44FB, 0x44FB,
 0x44FB, 0x44FB, 0x451C, 0x44BA, 0x2B94, 0x1AF2, 0x2353, 0x2BB5, 0x2333, 0x1AF2, 0x2313, 0x122D, 0x0000, 0x0000, 0x0000, 0x0000,
 0x0000, 0x0000, 0x0000, 0x0000, 0x0000, 0x0000, 0x0000, 0x0000, 0x0000, 0x0000, 0x0000, 0x0000, 0x0000, 0x0000, 0x0000, 0x0000,
 0x0000, 0x0000, 0x0000, 0x0000, 0x0000, 0x0000, 0x0000, 0x0000, 0x0000, 0x0000, 0x0000, 0x0000, 0x1822, 0x1843, 0x0041, 0x10E4,
 0x0862, 0x0000, 0x0000, 0x0000, 0x0000, 0x0000, 0x00A4, 0x1AB0, 0x22F2, 0x1AF1, 0x1AF2, 0x3458, 0x451C, 0x44FB, 0x44FB, 0x4D3C,
 0x5D9D, 0x65DD, 0x65DD, 0x65DD, 0x65DD, 0x65DD, 0x65DD, 0x65DD, 0x65DD, 0x65DD, 0x65DD, 0x65DD, 0x65DD, 0x65DD, 0x65DD, 0x65DD,
 0x65DD, 0x65DD, 0x65DD, 0x65DD, 0x6DFD, 0x65DD, 0x555C, 0x44FB, 0x44FB, 0x44FB, 0x44FB, 0x451C, 0x3C9A, 0x2312, 0x1AD1, 0x1AF1,
 0x1AF2, 0x1AF2, 0x22F2, 0x1AF2, 0x0989, 0x0000, 0x0000, 0x0000, 0x0000, 0x0000, 0x3144, 0x2924, 0x0000, 0x0000, 0x0000, 0x0000,
 0x0000, 0x0000, 0x0000, 0x0000, 0x0000, 0x0000, 0x0000, 0x0000, 0x0000, 0x0000, 0x0000, 0x0000, 0x0000, 0x0000, 0x0061, 0x1104,
 0x0041, 0x0000, 0x0881, 0x18E4, 0x50E8, 0x690B, 0x710B, 0x5A6D, 0x75F9, 0x43AF, 0x0000, 0x0000, 0x0000, 0x0000, 0x0000, 0x0083,
 0x1A8F, 0x2333, 0x2333, 0x2BD6, 0x3CBA, 0x44FC, 0x44FB, 0x44FB, 0x44FB, 0x4D3C, 0x65BD, 0x6DFD, 0x65DD, 0x65DD, 0x65DD, 0x65DD,
 0x65DD, 0x65DD, 0x65DD, 0x65DD, 0x65DD, 0x65DD, 0x65DD, 0x65DD, 0x65DD, 0x65DD, 0x65DD, 0x65DD, 0x65DD, 0x6DFD, 0x5DBD, 0x451B,
 0x44FB, 0x44FB, 0x44FB, 0x44FB, 0x44FB, 0x44DB, 0x3417, 0x2333, 0x22F2, 0x1AF2, 0x1AF2, 0x1AF2, 0x1B12, 0x11A9, 0x0000, 0x0000,
 0x7287, 0x9349, 0x8B4A, 0xCD73, 0xD5F5, 0x7B4B, 0x0841, 0x1061, 0x0841, 0x0000, 0x0000, 0x0000, 0x0000, 0x0000, 0x0000, 0x0000,
 0x0000, 0x0000, 0x0000, 0x0000, 0x0000, 0x0000, 0x0041, 0x4BAF, 0x8E7B, 0x438E, 0x10A2, 0x73B0, 0x9352, 0x816E, 0x896E, 0x892E,
 0x8AD2, 0xAF3F, 0x95B8, 0x3229, 0x1104, 0x0041, 0x0021, 0x0000, 0x0062, 0x1AD0, 0x3C99, 0x3CBA, 0x44DB, 0x44FB, 0x44FB, 0x44FB,
 0x44FB, 0x44FB, 0x44FB, 0x555C, 0x65DD, 0x6DFD, 0x65DD, 0x65DD, 0x65DD, 0x65DD, 0x65DD, 0x65DD, 0x65DD, 0x65DD, 0x65DD, 0x65DD,
 0x65DD, 0x65DD, 0x65DD, 0x65DD, 0x6DFD, 0x6DDD, 0x5D9C, 0x4D3C, 0x44FB, 0x44FB, 0x44FB, 0x44FB, 0x44FB, 0x44FB, 0x44FB, 0x44FB,
 0x3C99, 0x2BD6, 0x2B94, 0x4415, 0x4C77, 0x3C79, 0x2B31, 0x0840, 0x51E5, 0xE50E, 0xFDB0, 0xFD90, 0xFEB7, 0xFF9B, 0xD5D4, 0x7B4B,
 0xBD11, 0xA490, 0x5A68, 0x3185, 0x0841, 0x0000, 0x0000, 0x0000, 0x0000, 0x0000, 0x0000, 0x0000, 0x0000, 0x0000, 0x0000, 0x29A7,
 0x9CF6, 0xE73F, 0x8DB8, 0x6BD0, 0xCC97, 0x9A31, 0x812D, 0x814E, 0x812D, 0x89EF, 0xCCF8, 0xFDFB, 0xC63B, 0x85D9, 0x2A29, 0x0042,
 0x0021, 0x0000, 0x22AE, 0x453D, 0x451C, 0x44FB, 0x44FB, 0x44FB, 0x44FB, 0x44FB, 0x44FB, 0x44FB, 0x44FB, 0x555C, 0x65BD, 0x6DFD,
 0x6DFD, 0x65DD, 0x65DD, 0x65DD, 0x65DD, 0x65DD, 0x65DD, 0x65DD, 0x65DD, 0x65DD, 0x65DD, 0x65DD, 0x6DFD, 0x65DD, 0x557C, 0x44FB,
 0x44FB, 0x44FB, 0x44FB, 0x44FB, 0x44FB, 0x44FB, 0x44FB, 0x44FB, 0x44FB, 0x44FC, 0x3CDB, 0x757A, 0xDE99, 0xDE98, 0x95FB, 0x2332,
 0x49C5, 0xED2E, 0xFD8F, 0xFD90, 0xFDF2, 0xFED7, 0xFEF9, 0xF614, 0xED70, 0xFE54, 0xFEF8, 0xF6F8, 0xE656, 0x5248, 0x0000, 0x0000,
 0x0000, 0x0000, 0x0000, 0x0000, 0x0000, 0x08C3, 0x31E9, 0x3147, 0x626B, 0xCCD6, 0xFE1C, 0xCE1B, 0xB63B, 0xDC56, 0x898E, 0x812D,
 0x814E, 0x812D, 0x896E, 0xCBD5, 0xFE1B, 0xFE1C, 0xD6BD, 0x4AEC, 0x0000, 0x0000, 0x0000, 0x224D, 0x453D, 0x44FB, 0x44FB, 0x44FB,
 0x44FB, 0x44FB, 0x44FB, 0x44FB, 0x44FB, 0x44FB, 0x44FB, 0x4D1C, 0x557C, 0x65DD, 0x6DFD, 0x6DFD, 0x6DFD, 0x6DFD, 0x6DFD, 0x6DFD,
 0x6DFD, 0x6DFD, 0x6DFD, 0x6DFD, 0x65DD, 0x5DBD, 0x555C, 0x44FB, 0x44FB, 0x44FB, 0x44FB, 0x44FB, 0x44FB, 0x44FB, 0x44FB, 0x44FB,
 0x44FB, 0x44FB, 0x3CFB, 0x3CFC, 0x95B9, 0xFE54, 0xFE33, 0xF634, 0x7BAE, 0x8B29, 0xFDD1, 0xFDD1, 0xFE54, 0xFEB7, 0xFED7, 0xFE34,
 0xFD90, 0xFD8F, 0xFD90, 0xFE96, 0xFF5A, 0xFEF9, 0x62A9, 0x0000, 0x0000, 0x0000, 0x0000, 0x0000, 0x0000, 0x1042, 0x59CB, 0x8A91,
 0x79CE, 0x81AD, 0xCC56, 0xFE1C, 0xEE3C, 0xE67D, 0xF57A, 0xCBF5, 0xC3D5, 0xC3D5, 0x9210, 0x89AF, 0xD436, 0xFDFB, 0xFDFB, 0xEE5C,
 0x73F1, 0x00C4, 0x0000, 0x0020, 0x2B11, 0x453C, 0x44FB, 0x44FB, 0x44FB, 0x44FB, 0x44FB, 0x44FB, 0x44FB, 0x44FB, 0x44FB, 0x44FB,
 0x44FB, 0x44FB, 0x4D3C, 0x555C, 0x557C, 0x5DBD, 0x65DD, 0x65DD, 0x65DD, 0x65DD, 0x65DD, 0x65BD, 0x5D9C, 0x555C, 0x451B, 0x44FB,
 0x44FB, 0x44FB, 0x44FB, 0x44FB, 0x44FB, 0x44FB, 0x44FB, 0x44FB, 0x44FB, 0x44FB, 0x44FB, 0x3CFC, 0x44FB, 0xB554, 0xFD8F, 0xFD6F,
 0xFD8F, 0xED2E, 0xDD2F, 0xFE55, 0xFED7, 0xFEF9, 0xFEF8, 0xFDF2, 0xFD6F, 0xFD6F, 0xFD6F, 0xFD90, 0xFE75, 0xFEF8, 0xF697, 0x62C9,
 0x1061, 0x0000, 0x0000, 0x0000, 0x0000, 0x28E4, 0x7A0D, 0x896E, 0x812E, 0x896E, 0x896E, 0xBB74, 0xF59A, 0xFDDB, 0xF5BA, 0xFDDB,
 0xFDFB, 0xFDFB, 0xFDFB, 0xDC97, 0xAAB2, 0xAAB2, 0xC3B5, 0xED9A, 0xE6BE, 0x6C53, 0x0082, 0x0000, 0x1147, 0x3C79, 0x451C, 0x44FB,
 0x44FB, 0x44FB, 0x44FB, 0x44FB, 0x44FB, 0x44FB, 0x44FB, 0x44FB, 0x44FB, 0x44FB, 0x44FB, 0x44FB, 0x44FB, 0x44FB, 0x4D1C, 0x4D1C,
 0x4D3C, 0x4D3C, 0x4D3C, 0x4D5D, 0x4D3C, 0x451C, 0x44FB, 0x44FB, 0x44FB, 0x44FB, 0x44FB, 0x44FB, 0x44FB, 0x44FB, 0x44FB, 0x44FB,
 0x44FB, 0x44FB, 0x44FB, 0x553B, 0x95DA, 0xADF9, 0xE591, 0xFD6F, 0xFD6F, 0xFD90, 0xFD90, 0xFDD1, 0xFE96, 0xFF19, 0xFEF9, 0xFED7,
 0xFDD1, 0xFD6F, 0xFD6F, 0xFD6F, 0xFD90, 0xFE12, 0xFE13, 0xF5B1, 0xE570, 0x9C0D, 0x1061, 0x0000, 0x0000, 0x08C3, 0x93F2, 0xAAB2,
 0x812D, 0x89AF, 0xAAB2, 0x9A10, 0x89AF, 0xA271, 0xC3D5, 0xBB33, 0xD436, 0xFDDB, 0xFDFB, 0xFDFB, 0xDCD8, 0x89AF, 0x790D, 0x896E,
 0xAB13, 0x8C54, 0x29E8, 0x0000, 0x0062, 0x2B73, 0x451C, 0x44FB, 0x44FB, 0x44FB, 0x44FB, 0x44FB, 0x44FB, 0x44FB, 0x44FB, 0x44FB,
 0x44FB, 0x44FB, 0x44FB, 0x44FB, 0x44FB, 0x44FB, 0x44FB, 0x44FB, 0x44DB, 0x44DB, 0x44FC, 0x44DB, 0x3C58, 0x3C58, 0x44DB, 0x451C,
 0x44FB, 0x44FB, 0x44FB, 0x44FB, 0x44FB, 0x44FB, 0x44FB, 0x44FB, 0x44FB, 0x44FB, 0x3CFC, 0x3CFC, 0x8DBA, 0xFED8, 0xFED7, 0xFE13,
 0xFDB0, 0xFDB1, 0xFDB1, 0xFD90, 0xFD90, 0xFE12, 0xFE76, 0xFED7, 0xFED8, 0xFE55, 0xFDF2, 0xFDD1, 0xFD8F, 0xFD8F, 0xFD90, 0xFD6F,
 0xFD6F, 0xFDF1, 0xC48E, 0x1082, 0x0000, 0x0000, 0x2208, 0xA61B, 0xA333, 0x810D, 0xAAD2, 0xCBF5, 0x91CF, 0x812D, 0x814D, 0x814E,
 0x790D, 0xA291, 0xED7A, 0xFDFB, 0xFDFB, 0xED39, 0xB313, 0x9210, 0x894E, 0x60EA, 0x1863, 0x0000, 0x0000, 0x1A6E, 0x44FB, 0x44FC,
 0x44FB, 0x44FB, 0x44FB, 0x44FB, 0x44FB, 0x44FB, 0x44FB, 0x44FB, 0x44FB, 0x44FB, 0x44FB, 0x44FB, 0x44FB, 0x44FB, 0x44FB, 0x44FB,
 0x44FB, 0x44FB, 0x451C, 0x3C99, 0x228E, 0x0926, 0x0926, 0x22CF, 0x44BA, 0x451C, 0x44FB, 0x44FB, 0x44FB, 0x44FB, 0x44FB, 0x44FB,
 0x44FB, 0x44FB, 0x44FB, 0x44FB, 0x6519, 0xBD95, 0xFE13, 0xFDF2, 0xFDF2, 0xFE13, 0xFE76, 0xFDD1, 0xFD6F, 0xFD90, 0xFD6F, 0xFD8F,
 0xFDD2, 0xFE75, 0xFEF8, 0xFEF9, 0xFE96, 0xFDD1, 0xFDB0, 0xFDD2, 0xFDD1, 0xFD90, 0xFDB0, 0xD4CE, 0x3165, 0x0000, 0x0000, 0x08A2,
 0x6473, 0xB59A, 0x9A91, 0xAAB2, 0xAAF2, 0x898E, 0x814E, 0x816E, 0x814D, 0x896E, 0xC3B5, 0xFDDB, 0xFDFB, 0xFDDB, 0xFDDB, 0xFDBB,
 0xE4F8, 0x926F, 0x2043, 0x0000, 0x0000, 0x1189, 0x3C99, 0x451C, 0x44FB, 0x44FB, 0x44FB, 0x44FB, 0x44FB, 0x44FB, 0x44FB, 0x44FB,
 0x44FB, 0x44FB, 0x44FB, 0x44FB, 0x44FB, 0x44FB, 0x44FB, 0x44FB, 0x44FB, 0x44FB, 0x44FC, 0x44FB, 0x22CF, 0x0000, 0x0000, 0x0000,
 0x0020, 0x22AF, 0x44DB, 0x44FC, 0x44FB, 0x44FB, 0x44FB, 0x44FB, 0x44FB, 0x44FB, 0x44FB, 0x44FB, 0x7517, 0xC552, 0xFD8F, 0xFD6F,
 0xFD6F, 0xFD6F, 0xFE13, 0xFEF8, 0xFE55, 0xFD90, 0xFD6F, 0xFD70, 0xFD6F, 0xFDB0, 0xFE55, 0xFEF8, 0xFEF9, 0xFEF8, 0xFE34, 0xFDD1,
 0xFE75, 0xFE96, 0xFE13, 0xFDB0, 0xFE54, 0xB4F1, 0x20E3, 0x0000, 0x0000, 0x8390, 0xD59A, 0x9A91, 0x898E, 0x896E, 0x816E, 0x814E,
 0x9A10, 0xC394, 0xCC16, 0xED7A, 0xFDFB, 0xFE1B, 0xFE1C, 0xFE1B, 0xFDFB, 0xFDFB, 0x7ACD, 0x0000, 0x0000, 0x0083, 0x33B4, 0x451C,
 0x44FB, 0x44FB, 0x44FB, 0x44FB, 0x44FB, 0x44FB, 0x44FB, 0x44FB, 0x44FB, 0x44FB, 0x44FB, 0x44FB, 0x44FB, 0x44FB, 0x44FB, 0x44FB,
 0x44FB, 0x44FB, 0x44FB, 0x451C, 0x3CBA, 0x0926, 0x0000, 0x41EB, 0x524E, 0x0841, 0x00A3, 0x3437, 0x451C, 0x44FB, 0x44FB, 0x44FB,
 0x44FB, 0x44FB, 0x44FB, 0x44FB, 0x3CFB, 0x8536, 0xED70, 0xFD8F, 0xFD90, 0xFD8F, 0xFDB1, 0xFE75, 0xFEF9, 0xFEF8, 0xFE13, 0xFD8F,
 0xFE13, 0xFE34, 0xFE55, 0xFED7, 0xFEF8, 0xFEB6, 0xFEB7, 0xFE34, 0xFD90, 0xFE33, 0xFED8, 0xFED8, 0xFE13, 0xFDF1, 0xFE75, 0x5268,
 0x0000, 0x3125, 0xD517, 0xE4D8, 0x898E, 0x814E, 0x816E, 0x814E, 0x814D, 0xAAD2, 0xED59, 0xF5BA, 0xFDFB, 0xFDDB, 0xE4D8, 0xD456,
 0xE4D8, 0xFE1C, 0xDD17, 0x3966, 0x0000, 0x0000, 0x19CA, 0x3C99, 0x451C, 0x44FB, 0x44FB, 0x44FB, 0x44FB, 0x44FB, 0x44FB, 0x44FB,
 0x44FB, 0x44FB, 0x44FB, 0x44FB, 0x44FB, 0x44FB, 0x44FB, 0x44FB, 0x44FB, 0x44FB, 0x44FB, 0x44FB, 0x451C, 0x3C78, 0x00A4, 0x20E5,
 0x83D7, 0x9439, 0x4A0C, 0x0883, 0x2B73, 0x451C, 0x44FB, 0x44FB, 0x44FB, 0x44FB, 0x44FB, 0x44FB, 0x44FB, 0x3CFB, 0x6D18, 0xBD53,
 0xFD8F, 0xFD8F, 0xFD8F, 0xFE33, 0xFED8, 0xFEF9, 0xFEF9, 0xFE96, 0xFE34, 0xFE96, 0xFED7, 0xFED8, 0xFEF8, 0xFE96, 0xFE13, 0xFE13,
 0xFDD1, 0xFD6F, 0xFDF2, 0xFEB7, 0xFEF8, 0xFE13, 0xFD8F, 0xFDF2, 0x5A47, 0x0000, 0x51E9, 0xF5BA, 0xED19, 0x91F0, 0x814D, 0x814E,
 0x814E, 0x91EF, 0xD477, 0xFDFB, 0xFE1B, 0xFE1B, 0xDCB7, 0x9A30, 0x814E, 0xA271, 0xE559, 0x628B, 0x0000, 0x0020, 0x11A9, 0x3416,
 0x451C, 0x44FB, 0x44FB, 0x44FB, 0x44FB, 0x44FB, 0x44FB, 0x44FB, 0x44FB, 0x44FB, 0x44FB, 0x44FB, 0x44FB, 0x44FB, 0x44FB, 0x44FB,
 0x44FB, 0x44FB, 0x451B, 0x4D1C, 0x4D3C, 0x4D5D, 0x33D4, 0x18E5, 0x7354, 0xA4BC, 0xA4BC, 0x9C7B, 0x3989, 0x228D, 0x555C, 0x555C,
 0x4D5C, 0x4D3C, 0x4D3C, 0x451B, 0x44FB, 0x44FB, 0x44FB, 0x44FB, 0x64F9, 0xC593, 0xFDB0, 0xFDB1, 0xFE96, 0xFED8, 0xFE96, 0xFED7,
 0xFEF9, 0xFF19, 0xFEF9, 0xFEF8, 0xFEF9, 0xFEF8, 0xFE54, 0xFD6F, 0xFD6F, 0xFD6F, 0xFD6F, 0xFDF2, 0xFED7, 0xFEB7, 0xF5B1, 0xFD8F,
 0xFDB0, 0x5A05, 0x0000, 0x18A3, 0xD517, 0xFDFB, 0xB313, 0x812D, 0x814D, 0x812D, 0xB333, 0xF5BA, 0xFE1B, 0xED59, 0xCC15, 0xA271,
 0x814D, 0x812D, 0xA291, 0x934F, 0x0861, 0x0000, 0x19EA, 0x3C58, 0x453C, 0x453D, 0x453C, 0x44FC, 0x44FB, 0x44FB, 0x44FB, 0x44FB,
 0x44FB, 0x44FB, 0x44FB, 0x44FB, 0x44FB, 0x44FB, 0x451B, 0x4D3C, 0x555C, 0x5D9C, 0x5D9C, 0x5DBD, 0x65BD, 0x65DD, 0x65DD, 0x3371,
 0x2127, 0x945A, 0x9C9C, 0x9C7B, 0xA4BD, 0x4A0C, 0x222A, 0x659C, 0x65FE, 0x65DD, 0x65DD, 0x65BD, 0x5DBD, 0x5D9C, 0x5D9C, 0x557C,
 0x4D5C, 0x4D3C, 0x5D3A, 0x7D39, 0x7559, 0x9DD9, 0xF5F3, 0xFDB0, 0xFDF2, 0xFED7, 0xFEF8, 0xFEF8, 0xFEF8, 0xFEF8, 0xFEF8, 0xFEB7,
 0xFDF2, 0xFD90, 0xFD8F, 0xFD90, 0xFE75, 0xFEF8, 0xFE54, 0xFD90, 0xFD8F, 0xFDB0, 0x5A26, 0x0000, 0x0821, 0xD4F7, 0xFE1C, 0xBB74,
 0x814D, 0x898E, 0x91CF, 0xC3B5, 0xFDDB, 0xFE1B, 0xCBF5, 0x814E, 0x814E, 0x814E, 0x896E, 0xB373, 0x3145, 0x0000, 0x20E4, 0x43F5,
 0x44FC, 0x3C58, 0x33F6, 0x3C37, 0x44DA, 0x44FB, 0x44FB, 0x44FB, 0x44FB, 0x451C, 0x4D1C, 0x4D3C, 0x555C, 0x5D7C, 0x5D9C, 0x65BD,
 0x65DD, 0x65DD, 0x6DFD, 0x6DFD, 0x6DFD, 0x6DFD, 0x6DFD, 0x6DFD, 0x2ACD, 0x20E5, 0x943A, 0x9C9C, 0x9C7B, 0xA4BC, 0x41EC, 0x19E9,
 0x659B, 0x6E1E, 0x6DFD, 0x6DFD, 0x6DFD, 0x6DFD, 0x6DFD, 0x6DFD, 0x65DD, 0x65DD, 0x65DD, 0x5DBD, 0x4D7D, 0x6DBC, 0xCE16, 0xFD90,
 0xFD6F, 0xFD90, 0xFDF2, 0xFDF2, 0xFEB6, 0xFF19, 0xFEF8, 0xFEF8, 0xFEF8, 0xFED8, 0xFE96, 0xFE54, 0xFE96, 0xFED8, 0xFEB7, 0xFE13,
 0xFD90, 0xFDF1, 0xE570, 0x3985, 0x0000, 0x0020, 0xB433, 0xFE5D, 0xED19, 0xBB74, 0xAAF2, 0xBB94, 0xE518, 0xFDFB, 0xFE1C, 0xD457,
 0x816E, 0x792D, 0x812D, 0x898F, 0x9310, 0x1082, 0x0000, 0x30E5, 0x3A2C, 0x1A2C, 0x0905, 0x0021, 0x0083, 0x2B31, 0x4D5C, 0x555C,
 0x557C, 0x5D9C, 0x5DBD, 0x65DD, 0x65DD, 0x65DD, 0x65DD, 0x65FD, 0x6DFD, 0x6DFD, 0x6DDD, 0x65DD, 0x65DD, 0x65DD, 0x65DD, 0x6DFD,
 0x6DFD, 0x222B, 0x18C5, 0x943A, 0x9C9C, 0x9C7B, 0xA4BC, 0x4A0C, 0x19A8, 0x657B, 0x6E1E, 0x65DD, 0x65DD, 0x65DD, 0x65DD, 0x65DD,
 0x65DD, 0x65DD, 0x6DFD, 0x6DFD, 0x65DD, 0x761D, 0xD699, 0xFE12, 0xFD6F, 0xFD90, 0xFD90, 0xFD6F, 0xFD6F, 0xFE13, 0xFE96, 0xFED8,
 0xFEF8, 0xFEF8, 0xFED7, 0xFED8, 0xFEF9, 0xFF19, 0xFEB6, 0xFDD2, 0xFD90, 0xF590, 0xD530, 0x836B, 0x1081, 0x0000, 0x0000, 0x3966,
 0xB413, 0xF5BA, 0xDC77, 0x9A30, 0x9A51, 0xD477, 0xFDFB, 0xFDFB, 0xFDDB, 0xCBF5, 0x9A30, 0x9A30, 0xBB74, 0xB3F3, 0x1882, 0x0000,
 0x0000, 0x0000, 0x0000, 0x0000, 0x0000, 0x0000, 0x32EF, 0x65FE, 0x6DFD, 0x65DD, 0x65FD, 0x6DFD, 0x6DFD, 0x6DFD, 0x6DFD, 0x65DD,
 0x65DD, 0x65DD, 0x65DD, 0x65DD, 0x65DD, 0x65DD, 0x65DD, 0x65DD, 0x6DFD, 0x6DFD, 0x19E9, 0x18A4, 0x945A, 0x9C9C, 0x9C7B, 0xA4DD,
 0x4A0C, 0x1187, 0x659B, 0x6E1E, 0x65DD, 0x65DD, 0x65DD, 0x65DD, 0x65DD, 0x65DD, 0x65DD, 0x65DD, 0x65DD, 0x65DD, 0xAE7B, 0xFEB6,
 0xFDB1, 0xFD6F, 0xFD8F, 0xFD6F, 0xFD8F, 0xFD90, 0xFD90, 0xFD90, 0xFE13, 0xFE96, 0xFE75, 0xFDD2, 0xFE13, 0xFEB7, 0xFE75, 0xFDF2,
 0xFD90, 0xFDB0, 0xDCEE, 0x3164, 0x0020, 0x0000, 0x0000, 0x0000, 0x0000, 0x1082, 0x93D1, 0xBB54, 0x790D, 0x814D, 0xAAB2, 0xB333,
 0xB333, 0xED39, 0xFDDB, 0xED19, 0xDC97, 0xE4D8, 0xCC56, 0x5909, 0x1823, 0x1021, 0x0000, 0x0000, 0x0000, 0x0000, 0x1126, 0x5D19,
 0x6E1E, 0x65FD, 0x65DD, 0x65DD, 0x65DD, 0x65DD, 0x65DD, 0x65DD, 0x65DD, 0x65DD, 0x65DD, 0x65DD, 0x65DD, 0x65DD, 0x65DD, 0x65DD,
 0x65FD, 0x6E1E, 0x6DFD, 0x19C8, 0x1083, 0x8BF8, 0xA4BD, 0xA4BD, 0x7B96, 0x18A4, 0x1105, 0x54D8, 0x6E1E, 0x6DFE, 0x6DFD, 0x65DD,
 0x65DD, 0x65DD, 0x65DD, 0x65DD, 0x65DD, 0x65DD, 0x6DFD, 0xBE7A, 0xFE75, 0xFD90, 0xFD6F, 0xFD8F, 0xFD90, 0xFD6F, 0xFD8F, 0xFD6F,
 0xFD6F, 0xFD90, 0xFDB1, 0xFDB1, 0xFD6F, 0xFD6F, 0xFDF2, 0xFDB1, 0xFD6F, 0xFD6F, 0xFDD0, 0xCCAD, 0x0840, 0x0000, 0x0000, 0x0000,
 0x0000, 0x0000, 0x0020, 0x7BB0, 0xBB54, 0x810D, 0x816E, 0x898E, 0x812D, 0x812D, 0x9A10, 0xC3B5, 0xDCB7, 0xAAD2, 0x9A10, 0xA291,
 0xA251, 0x714C, 0x2864, 0x0000, 0x0000, 0x0000, 0x1146, 0x4C35, 0x6E1E, 0x6DFD, 0x65DD, 0x65DD, 0x65DD, 0x65DD, 0x65DD, 0x65DD,
 0x65DD, 0x65DD, 0x65DD, 0x65DD, 0x65DD, 0x65DD, 0x65DD, 0x65DD, 0x6DFD, 0x6DFE, 0x5D5A, 0x3B30, 0x08A3, 0x0000, 0x3168, 0x7B96,
 0x7B96, 0x2927, 0x0000, 0x0000, 0x1105, 0x330F, 0x5D3A, 0x65DD, 0x6DFD, 0x65DD, 0x65DD, 0x65DD, 0x65DD, 0x65DD, 0x65DD, 0x65DD,
 0x7E1C, 0xB639, 0xEDF3, 0xFDF1, 0xFE54, 0xFE75, 0xFDD1, 0xFD8F, 0xFD90, 0xFDB1, 0xFD90, 0xFD6F, 0xFD6F, 0xFD6F, 0xFD90, 0xFE34,
 0xFE13, 0xFDB0, 0xFDF1, 0xFDF1, 0x9BAB, 0x0820, 0x0000, 0x0000, 0x0000, 0x0000, 0x0000, 0x0020, 0x62CD, 0xAAF2, 0x812D, 0x816E,
 0x812D, 0x898E, 0x9210, 0x812D, 0x91CF, 0x91EF, 0x812D, 0x78ED, 0xA271, 0xDC97, 0x61CA, 0x0000, 0x0000, 0x0862, 0x326B, 0x5D19,
 0x6DFE, 0x65FD, 0x65DD, 0x65DD, 0x65DD, 0x65DD, 0x65DD, 0x65DD, 0x65DD, 0x65DD, 0x65DD, 0x65DD, 0x65DD, 0x65DD, 0x65DD, 0x65DD,
 0x65DD, 0x6DFD, 0x54F9, 0x21C8, 0x0000, 0x0000, 0x0000, 0x0000, 0x0862, 0x0862, 0x0000, 0x0000, 0x0000, 0x0000, 0x0020, 0x220A,
 0x5497, 0x6DFE, 0x65DD, 0x65DD, 0x65DD, 0x65DD, 0x65DD, 0x65DD, 0x65DD, 0x65DD, 0x6DDD, 0xB65A, 0xE6B8, 0xD6B9, 0xDEB9, 0xE656,
 0xE5F4, 0xFE75, 0xFEB6, 0xFDF2, 0xFD8F, 0xFD8F, 0xFD90, 0xFE13, 0xFEF8, 0xFF59, 0xF655, 0xCD10, 0x9C0D, 0x2944, 0x0000, 0x0000,
 0x0000, 0x0000, 0x0000, 0x0000, 0x0000, 0x20A3, 0x79AD, 0x896E, 0x812D, 0x898E, 0xC3B5, 0xD436, 0x896E, 0x814D, 0x812D, 0x814E,
 0x9A10, 0xD4B8, 0x93F1, 0x0861, 0x0000, 0x1966, 0x53D3, 0x6D9B, 0x6E1E, 0x6DFD, 0x65DD, 0x65DD, 0x65DD, 0x65DD, 0x65DD, 0x65DD,
 0x65DD, 0x65DD, 0x65DD, 0x65DD, 0x65DD, 0x65DD, 0x65DD, 0x65DD, 0x65DD, 0x6DFD, 0x5D3A, 0x32EF, 0x0000, 0x0000, 0x1105, 0x0882,
 0x0000, 0x0000, 0x0000, 0x1125, 0x32EE, 0x32EE, 0x08A3, 0x0000, 0x08C3, 0x43D3, 0x6DFE, 0x65FD, 0x65DD, 0x65DD, 0x65DD, 0x65DD,
 0x65DD, 0x65DD, 0x65DD, 0x65DD, 0x6DFD, 0x761D, 0x6DFD, 0x75FC, 0x7E1C, 0x861C, 0xDEB9, 0xFF18, 0xDE77, 0xC5D6, 0xD5B3, 0xDD92,
 0xB48F, 0x83AD, 0xA490, 0x732B, 0x20E3, 0x0000, 0x0000, 0x0000, 0x0000, 0x0000, 0x0000, 0x0000, 0x0000, 0x0000, 0x0000, 0x2864,
 0x7A0E, 0xB333, 0xD457, 0xFE1C, 0xF59A, 0xA271, 0x812D, 0x814E, 0x81AE, 0x92D0, 0x8C94, 0x1945, 0x0000, 0x10E4, 0x4C96, 0x6E1E,
 0x6DFD, 0x65DD, 0x65DD, 0x65DD, 0x65DD, 0x65DD, 0x65DD, 0x65DD, 0x65DD, 0x65DD, 0x65DD, 0x65DD, 0x65DD, 0x65DD, 0x65DD, 0x65DD,
 0x65DD, 0x65DD, 0x6DFD, 0x657B, 0x43B2, 0x08C3, 0x19C9, 0x54B7, 0x32EE, 0x0000, 0x0000, 0x1125, 0x54B7, 0x6E3F, 0x6E1E, 0x3B92,
 0x21E9, 0x3B30, 0x5D19, 0x6DFE, 0x65DD, 0x65DD, 0x6DFD, 0x6E1E, 0x6E1E, 0x6E1E, 0x65FD, 0x65DD, 0x6DDD, 0x65DD, 0x65DD, 0x65DD,
 0x65DD, 0x65DD, 0x65DD, 0x8E3C, 0xB67A, 0x863C, 0x6DFD, 0x4BF2, 0x4228, 0x2924, 0x0000, 0x0000, 0x0000, 0x0000, 0x0000, 0x0000,
 0x0000, 0x0000, 0x0000, 0x0000, 0x0000, 0x0000, 0x0000, 0x0000, 0x0000, 0x2905, 0x9B90, 0xD517, 0xE579, 0xF5DB, 0xECF8, 0xBB34,
 0x9B12, 0x3906, 0x20A3, 0x1104, 0x0000, 0x0041, 0x43B2, 0x6E1E, 0x6DFD, 0x65DD, 0x65DD, 0x65DD, 0x65DD, 0x65DD, 0x65DD, 0x65DD,
 0x65DD, 0x65DD, 0x6DFD, 0x6E1E, 0x6E1E, 0x6E1E, 0x6E1E, 0x65DD, 0x65DD, 0x65DD, 0x65DD, 0x65DD, 0x6DFD, 0x659C, 0x54B7, 0x5D5A,
 0x6E1E, 0x5D19, 0x21EA, 0x222B, 0x4414, 0x6DFE, 0x6DFD, 0x6DFD, 0x65DD, 0x5D7B, 0x65DD, 0x6DFD, 0x65DD, 0x65DD, 0x6DFE, 0x65DD,
 0x659B, 0x657B, 0x659C, 0x6DFE, 0x6DFD, 0x6DDD, 0x65DD, 0x65DD, 0x65DD, 0x65DD, 0x65BD, 0x5D9C, 0x5D9D, 0x5DBD, 0x5DDD, 0x557D,
 0x11A9, 0x0000, 0x0000, 0x0000, 0x0000, 0x0000, 0x0000, 0x0000, 0x0000, 0x0000, 0x0000, 0x0000, 0x0000, 0x0000, 0x0000, 0x0000,
 0x0000, 0x0000, 0x0000, 0x1061, 0x20C4, 0x2904, 0x72ED, 0xE599, 0xDD99, 0x5AED, 0x0020, 0x0000, 0x0000, 0x0000, 0x21E9, 0x65BC,
 0x6E1E, 0x65DD, 0x65DD, 0x65DD, 0x65DD, 0x65DD, 0x65DD, 0x65DD, 0x65DD, 0x65DD, 0x6DFD, 0x65BC, 0x54D8, 0x54B7, 0x54F8, 0x657B,
 0x6E1E, 0x65DD, 0x65DD, 0x65DD, 0x65DD, 0x65DD, 0x6DFD, 0x6E1E, 0x6E1E, 0x6DFD, 0x65FD, 0x657B, 0x659B, 0x65DD, 0x65DD, 0x65DD,
 0x65DD, 0x6DFD, 0x6DFE, 0x6DFD, 0x65DD, 0x65DD, 0x6DFE, 0x54F8, 0x2A6C, 0x1105, 0x08E4, 0x1967, 0x4C76, 0x65DD, 0x5D9C, 0x4D5C,
 0x4D3C, 0x4D1C, 0x4D1C, 0x451C, 0x451B, 0x451B, 0x451C, 0x4D1C, 0x451C, 0x22CF, 0x0000, 0x0000, 0x0000, 0x0000, 0x0000, 0x0000,
 0x0000, 0x0000, 0x0000, 0x0000, 0x0000, 0x0000, 0x0000, 0x0000, 0x0000, 0x0000, 0x0000, 0x0000, 0x0000, 0x0000, 0x0000, 0x0000,
 0x39E8, 0x426A, 0x0061, 0x0000, 0x0000, 0x0000, 0x0862, 0x4C35, 0x6E1E, 0x65FD, 0x65DD, 0x65DD, 0x65DD, 0x65DD, 0x65DD, 0x65DD,
 0x65DD, 0x65DD, 0x6DFD, 0x65DD, 0x330F, 0x0062, 0x0041, 0x0882, 0x21C9, 0x54D8, 0x6E1E, 0x65DD, 0x65DD, 0x65DD, 0x65DD, 0x65DD,
 0x65DD, 0x65DD, 0x65DD, 0x65DD, 0x6E1E, 0x6DFE, 0x6DFD, 0x65DD, 0x65DD, 0x65DD, 0x65DD, 0x65DD, 0x65DD, 0x65DD, 0x6DFD, 0x65BC,
 0x220A, 0x0000, 0x0000, 0x0000, 0x0000, 0x08C3, 0x33B4, 0x451C, 0x44FB, 0x44FB, 0x44FB, 0x44FB, 0x44FB, 0x44FB, 0x44FB, 0x44FB,
 0x44FB, 0x451C, 0x3C79, 0x08E5, 0x0000, 0x0000, 0x0000, 0x0000, 0x0000, 0x0000, 0x0000, 0x0000, 0x0000, 0x0000, 0x0000, 0x0000,
 0x0000, 0x0000, 0x0000, 0x0000, 0x0000, 0x0000, 0x0000, 0x0000, 0x0000, 0x0000, 0x0000, 0x0000, 0x0000, 0x0000, 0x0041, 0x330F,
 0x65DD, 0x6DFD, 0x6DFD, 0x6DFD, 0x6DFD, 0x6DFD, 0x6DFD, 0x6DFD, 0x6DFD, 0x6DFD, 0x6DFD, 0x6E1E, 0x4414, 0x0062, 0x0000, 0x0000,
 0x0000, 0x0000, 0x2A4B, 0x65FD, 0x6DFD, 0x65DD, 0x65DD, 0x65DD, 0x65DD, 0x65DD, 0x65DD, 0x65DD, 0x65DD, 0x65DD, 0x65DD, 0x65DD,
 0x65DD, 0x65DD, 0x65DD, 0x65DD, 0x65DD, 0x65DD, 0x65DD, 0x6DFE, 0x5D3A, 0x1966, 0x0000, 0x0000, 0x0000, 0x0000, 0x0000, 0x1A0B,
 0x453D, 0x44FB, 0x44FB, 0x44FB, 0x44FB, 0x44FB, 0x44FB, 0x44FB, 0x44FB, 0x44FB, 0x44FC, 0x44FB, 0x2B52, 0x11CA, 0x08C4, 0x0000,
 0x0000, 0x0000, 0x0000, 0x0000, 0x0000, 0x0000, 0x0000, 0x0000, 0x0000, 0x0000, 0x0000, 0x0000, 0x0000, 0x0000, 0x0000, 0x0000,
 0x0000, 0x0000, 0x0000, 0x0000, 0x0000, 0x0000, 0x0000, 0x1126, 0x4CFA, 0x65DE, 0x5D9C, 0x555C, 0x555C, 0x555C, 0x555C, 0x555C,
 0x555C, 0x555C, 0x555C, 0x557C, 0x559D, 0x226C, 0x0000, 0x0000, 0x0000, 0x0000, 0x0000, 0x1987, 0x5D5A, 0x6E1E, 0x65DD, 0x65DD,
 0x65DD, 0x65DD, 0x65DD, 0x65DD, 0x65DD, 0x65DD, 0x65DD, 0x65DD, 0x65DD, 0x65DD, 0x65DD, 0x65DD, 0x65DD, 0x65DD, 0x65DD, 0x65DD,
 0x6DFD, 0x65DC, 0x21E9, 0x0000, 0x0000, 0x0000, 0x0000, 0x0000, 0x1A2C, 0x453D, 0x44FB, 0x44FB, 0x44FB, 0x44FB, 0x44FB, 0x44FB,
 0x44FB, 0x44FB, 0x44FB, 0x44FB, 0x451C, 0x44FC, 0x44DA, 0x1A2B, 0x0000, 0x0000, 0x0000, 0x0000, 0x0000, 0x0000, 0x0000, 0x0000,
 0x0000, 0x0000, 0x0000, 0x0000, 0x0000, 0x0000, 0x0000, 0x0000, 0x0000, 0x0000, 0x0000, 0x0000, 0x0000, 0x0000, 0x0000, 0x0000,
 0x22F0, 0x451C, 0x4D1C, 0x451C, 0x44FB, 0x44DB, 0x44FB, 0x44FC, 0x44FB, 0x44DB, 0x44DB, 0x44FB, 0x44FB, 0x451C, 0x33B5, 0x08A3,
 0x0000, 0x0000, 0x0000, 0x0000, 0x224C, 0x5D9C, 0x65DD, 0x65DD, 0x6DFD, 0x65DD, 0x65DD, 0x65DD, 0x65DD, 0x65DD, 0x65DD, 0x65DD,
 0x65DD, 0x65DD, 0x65DD, 0x65DD, 0x65DD, 0x65DD, 0x65DD, 0x65DD, 0x65DD, 0x65DD, 0x5DDD, 0x3393, 0x08C4, 0x0021, 0x0020, 0x0021,
 0x1146, 0x3C17, 0x451C, 0x44FB, 0x44FB, 0x44FB, 0x44FB, 0x44FB, 0x44FB, 0x44FB, 0x44FB, 0x44FB, 0x44FB, 0x3C37, 0x4BB2, 0x5BB0,
 0x3A29, 0x0861, 0x0020, 0x0000, 0x0000, 0x0000, 0x0000, 0x0000, 0x0000, 0x0000, 0x0000, 0x0000, 0x0000, 0x0000, 0x0000, 0x0000,
 0x0000, 0x0000, 0x0000, 0x0000, 0x0000, 0x0000, 0x0000, 0x0000, 0x0000, 0x2B52, 0x453D, 0x44FC, 0x44DB, 0x4477, 0x4C56, 0x4499,
 0x44DB, 0x44FB, 0x44FB, 0x44FB, 0x44FB, 0x44FB, 0x44FC, 0x44FB, 0x22AE, 0x0042, 0x0020, 0x0041, 0x0926, 0x33F5, 0x4D3C, 0x4D3C,
 0x5D9C, 0x65DD, 0x65DD, 0x6DFD, 0x65DD, 0x65DD, 0x65DD, 0x65DD, 0x65DD, 0x65DD, 0x65DD, 0x65DD, 0x65DD, 0x65DD, 0x65DD, 0x65DD,
 0x6DDD, 0x65DD, 0x557C, 0x451C, 0x44FB, 0x3417, 0x1A6D, 0x11CA, 0x22AE, 0x3C79, 0x451C, 0x44FB, 0x44FB, 0x44FB, 0x44FB, 0x44FB,
 0x44FB, 0x44FB, 0x44FB, 0x44FC, 0x44FB, 0x3C58, 0x19A8, 0x5269, 0x6B2C, 0x630B, 0x52AA, 0x39C7, 0x2104, 0x0861, 0x0020, 0x0000,
 0x0000, 0x0000, 0x0000, 0x0000, 0x0000, 0x0000, 0x0000, 0x0000, 0x0000, 0x0000, 0x0000, 0x0000, 0x0000, 0x0000, 0x0000, 0x0000,
 0x0000, 0x0000, 0x228D, 0x44DA, 0x44DA, 0x4C35, 0x5BB0, 0x5B8F, 0x432F, 0x2B11, 0x3C58, 0x44FB, 0x44FB, 0x44FB, 0x44FB, 0x44FB,
 0x44FC, 0x3C58, 0x2B11, 0x226D, 0x22D0, 0x33B4, 0x3CBA, 0x44FC, 0x44FB, 0x4D3C, 0x555C, 0x65BD, 0x65DD, 0x6DFD, 0x6DDD, 0x65DD,
 0x65DD, 0x65DD, 0x6DFD, 0x6DFD, 0x6DFD, 0x65DD, 0x65DD, 0x6DDD, 0x65DD, 0x5DBD, 0x557C, 0x4D1C, 0x44FB, 0x44FC, 0x44FB, 0x3C37,
 0x33F6, 0x3C58, 0x451C, 0x44FC, 0x44FB, 0x44FB, 0x44FB, 0x44FB, 0x44FB, 0x44FB, 0x44FB, 0x44FB, 0x44FC, 0x44DB, 0x33F6, 0x1105,
 0x41E7, 0x630C, 0x6B4C, 0x6B4D, 0x5ACB, 0x528A, 0x4208, 0x3186, 0x18E3, 0x1082, 0x0020, 0x0000, 0x0000, 0x0000, 0x0000, 0x0000,
 0x0000, 0x0000, 0x0000, 0x0000, 0x0841, 0x2945, 0x39C7, 0x39C7, 0x39C7, 0x39E7, 0x4207, 0x4AAB, 0x5B6F, 0x5B6F, 0x634D, 0x6B2C,
 0x6B4C, 0x5269, 0x10A2, 0x11EA, 0x44DB, 0x451C, 0x44FB, 0x44FB, 0x44FB, 0x44FB, 0x451C, 0x453D, 0x44FB, 0x451C, 0x453D, 0x44FC,
 0x44FB, 0x44FB, 0x44FB, 0x44FB, 0x4D1C, 0x4D3C, 0x5D9C, 0x65DD, 0x6DFD, 0x65DD, 0x6DFD, 0x65DD, 0x65BD, 0x65DD, 0x6DDD, 0x6DFD,
 0x65DD, 0x557C, 0x451C, 0x44FB, 0x44FB, 0x44FB, 0x44FB, 0x44FB, 0x451C, 0x451C, 0x451C, 0x44FB, 0x44FB, 0x44FB, 0x44FB, 0x44FB,
 0x44FB, 0x44FB, 0x44FB, 0x44FB, 0x44FC, 0x451C, 0x451C, 0x3CBA, 0x22F0, 0x21EA, 0x3209, 0x4A28, 0x5ACB, 0x630C, 0x6B4D, 0x6B6D,
 0x632C, 0x5AEB, 0x52AA, 0x4208, 0x0841, 0x0000, 0x0000, 0x0000, 0x0000, 0x0000, 0x0000, 0x0000, 0x0000, 0x18E3, 0x630C, 0x6B4D,
 0x632C, 0x6B4D, 0x6B4D, 0x6B4D, 0x6B4D, 0x6B2C, 0x630B, 0x62EB, 0x52AA, 0x5269, 0x2923, 0x0000, 0x1A2C, 0x44FB, 0x44FC, 0x44FB,
 0x44FB, 0x44FB, 0x44FB, 0x44FB, 0x44FB, 0x44FC, 0x44FB, 0x44FB, 0x44FB, 0x44FB, 0x44FB, 0x44FB, 0x44FB, 0x44FB, 0x44FB, 0x44FB,
 0x555C, 0x65BD, 0x6DFD, 0x5D7C, 0x4457, 0x3C16, 0x4CF9, 0x6DFD, 0x65DD, 0x555C, 0x44FC, 0x44FB, 0x44FB, 0x44FB, 0x44FB, 0x44FB,
 0x44FB, 0x44FB, 0x44FB, 0x44FB, 0x44FB, 0x44FB, 0x44FB, 0x44FB, 0x44FB, 0x44FB, 0x44FB, 0x44FB, 0x44FB, 0x3CDA, 0x3437, 0x3C58,
 0x44FB, 0x453D, 0x3CBA, 0x224D, 0x0020, 0x1082, 0x2965, 0x39E7, 0x4A49, 0x5ACB, 0x632C, 0x738E, 0x5AEB, 0x1082, 0x0000, 0x0000,
 0x0000, 0x0000, 0x0000, 0x0000, 0x0000, 0x0000, 0x1082, 0x4208, 0x528A, 0x4A69, 0x4A69, 0x4A49, 0x4228, 0x4208, 0x39E7, 0x3165,
 0x20E3, 0x1082, 0x10C4, 0x1168, 0x1A4C, 0x3C78, 0x451C, 0x44FB, 0x44FB, 0x44FB, 0x44FB, 0x44FB, 0x44FB, 0x44FB, 0x44FB, 0x44FB,
 0x44FB, 0x44FB, 0x44FB, 0x44FB, 0x44FB, 0x44FB, 0x44FC, 0x44FC, 0x44FB, 0x44FB, 0x4D3C, 0x5D9C, 0x3C57, 0x1AF1, 0x1AD1, 0x33B5,
 0x5D7C, 0x555C, 0x44FB, 0x44DB, 0x44BA, 0x44DB, 0x44FB, 0x44FB, 0x44FB, 0x44FB, 0x44FB, 0x44FB, 0x44FB, 0x44FB, 0x44FB, 0x44FB,
 0x44FB, 0x44FB, 0x44FB, 0x44FB, 0x44FB, 0x44FC, 0x43F5, 0x3A4A, 0x326C, 0x3310, 0x33F6, 0x3416, 0x0927, 0x0000, 0x0000, 0x0000,
 0x0000, 0x0020, 0x10A2, 0x2965, 0x39E7, 0x2124, 0x0020, 0x0000, 0x0000, 0x0000, 0x0000, 0x0000, 0x0000, 0x0000, 0x0000, 0x0000,
 0x0020, 0x0861, 0x0861, 0x0861, 0x0841, 0x0820, 0x0000, 0x0906, 0x22AF, 0x22AF, 0x22AF, 0x2B73, 0x3CBA, 0x455D, 0x451C, 0x44FC,
 0x44FC, 0x44FB, 0x44FB, 0x44FB, 0x44FB, 0x44FB, 0x44FB, 0x44FB, 0x44FB, 0x44FB, 0x44FB, 0x44FB, 0x44FB, 0x44FB, 0x44DB, 0x3C99,
 0x3C99, 0x44DB, 0x44FB, 0x44FC, 0x44DA, 0x2B74, 0x1AF1, 0x1AD1, 0x2B94, 0x44FB, 0x44FC, 0x3CBA, 0x2BD6, 0x2B74, 0x2BD6, 0x44DA,
 0x44FC, 0x44FB, 0x44FB, 0x44FB, 0x44FB, 0x44FB, 0x44FB, 0x44FB, 0x44FB, 0x44FB, 0x44FB, 0x44FB, 0x44FB, 0x44FB, 0x44FB, 0x53B1,
 0x62EA, 0x5ACA, 0x4A49, 0x426A, 0x2A2A, 0x0862, 0x0000, 0x0000, 0x0000, 0x0000, 0x0000, 0x0000, 0x0000, 0x0000, 0x0000, 0x0000,
 0x0000, 0x0000, 0x0000, 0x0000, 0x0000, 0x0000, 0x0000, 0x0000, 0x0000, 0x0000, 0x0000, 0x0000, 0x0000, 0x0000, 0x0000, 0x0000,
 0x1147, 0x44FB, 0x4D7E, 0x455E, 0x453D, 0x44FB, 0x44DA, 0x4C56, 0x4C14, 0x44B9, 0x44FC, 0x44FB, 0x44FB, 0x44FB, 0x44FB, 0x44FB,
 0x44FB, 0x44FB, 0x44FB, 0x44FB, 0x44FB, 0x44FB, 0x44FB, 0x3438, 0x2333, 0x2333, 0x33F6, 0x44DB, 0x451C, 0x3C9A, 0x2353, 0x1AF2,
 0x1AD1, 0x2BB5, 0x44FC, 0x44FB, 0x3417, 0x22F2, 0x1AD1, 0x2312, 0x3C59, 0x44FC, 0x44FB, 0x44FB, 0x44FB, 0x44FB, 0x44FB, 0x44FB,
 0x44FB, 0x44FB, 0x44FB, 0x44FB, 0x44FB, 0x44FB, 0x44FB, 0x44FC, 0x4C56, 0x5B4E, 0x630C, 0x632C, 0x630C, 0x5AAA, 0x4A49, 0x39C7,
 0x2965, 0x2104, 0x18E3, 0x18E3, 0x2104, 0x2945, 0x31A6, 0x18E3, 0x0000, 0x0000, 0x0000, 0x0000, 0x0000, 0x0000, 0x0000, 0x0000,
 0x0000, 0x0000, 0x0000, 0x0000, 0x0000, 0x0000, 0x0000, 0x0000, 0x0000, 0x0041, 0x2311, 0x44BA, 0x4498, 0x4457, 0x3B51, 0x4B0D,
 0x632D, 0x630B, 0x53F3, 0x44FC, 0x44FB, 0x44FB, 0x44FB, 0x44FB, 0x44FB, 0x44FB, 0x44FB, 0x44FB, 0x44FB, 0x44FB, 0x44FC, 0x44BA,
 0x2B74, 0x1AD1, 0x1AD1, 0x2353, 0x3C9A, 0x451C, 0x3CBA, 0x2353, 0x1AF2, 0x1AD1, 0x2BB5, 0x44FC, 0x44FB, 0x33F6, 0x22F2, 0x1AF1,
 0x2333, 0x3C59, 0x44FC, 0x44FB, 0x44FB, 0x44FB, 0x44FB, 0x44FB, 0x44FB, 0x44FB, 0x44FB, 0x44FB, 0x44FB, 0x44FB, 0x44FB, 0x44FB,
 0x44FB, 0x44FB, 0x4499, 0x5414, 0x5BB0, 0x5B0D, 0x630C, 0x6B6D, 0x6B4D, 0x630C, 0x5AEB, 0x5AEB, 0x5AEB, 0x5AEB, 0x630C, 0x6B4D,
 0x4A49, 0x0841, 0x0000, 0x0000, 0x0000, 0x0000, 0x0000, 0x0000, 0x0000, 0x0000, 0x0000, 0x0000, 0x0000, 0x0000, 0x0000, 0x0000,
 0x0000, 0x0020, 0x1082, 0x29E9, 0x432E, 0x52EC, 0x5B0C, 0x630B, 0x62EB, 0x62EB, 0x62EB, 0x53F4, 0x44FC, 0x44FB, 0x44FB, 0x44FB,
 0x44FB, 0x44FB, 0x44FB, 0x44FB, 0x44FB, 0x44FB, 0x44FB, 0x44FC, 0x3CBA, 0x2B94, 0x1AF2, 0x1AF1, 0x2354, 0x3C9A, 0x451C, 0x3CBA,
 0x2374, 0x1AF2, 0x1AD1, 0x2B95, 0x44FB, 0x44FB, 0x33F6, 0x22F2, 0x1AF1, 0x2333, 0x3C99, 0x44FC, 0x44FB, 0x44FB, 0x44FB, 0x44FB,
 0x44FB, 0x44FB, 0x44FB, 0x44FB, 0x44FB, 0x3CFB, 0x3CFB, 0x44FB, 0x44FB, 0x44FB, 0x44FC, 0x451C, 0x44DB, 0x44BA, 0x2A4B, 0x2945,
 0x4228, 0x528A, 0x5ACB, 0x5AEB, 0x630C, 0x630C, 0x5AEB, 0x5ACB, 0x528A, 0x2965, 0x0000, 0x0000, 0x0000, 0x0000, 0x0000, 0x0000,
 0x0000, 0x0000, 0x0000, 0x0000, 0x0000, 0x0000, 0x0000, 0x1082, 0x2104, 0x2965, 0x39E7, 0x528A, 0x630C, 0x630B, 0x62EB, 0x630B,
 0x62EB, 0x52EC, 0x5390, 0x5414, 0x44B9, 0x44FC, 0x44FB, 0x44FB, 0x44FB, 0x44FB, 0x44FB, 0x44FB, 0x44FB, 0x44FB, 0x44FB, 0x44FB,
 0x44FC, 0x44DB, 0x2BB5, 0x1AF1, 0x1AF1, 0x2B74, 0x3CBA, 0x451C, 0x44DB, 0x2B95, 0x1AF2, 0x1AF1, 0x2B95, 0x44DB, 0x451C, 0x33F6,
 0x2312, 0x1AF2, 0x2354, 0x3CBA, 0x44FC, 0x44FB, 0x44FB, 0x44FB, 0x44FB, 0x44FB, 0x44FB, 0x44FB, 0x44FB, 0x4CDB, 0x64BB, 0x6CBB,
 0x5CDB, 0x44FB, 0x44FC, 0x451C, 0x2B32, 0x19CA, 0x19EB, 0x0083, 0x0000, 0x0000, 0x0861, 0x18C3, 0x2104, 0x2124, 0x2124, 0x2104,
 0x18E3, 0x0861, 0x0000, 0x0000, 0x0000, 0x0000, 0x0000, 0x0000, 0x0000, 0x0000, 0x0000, 0x0000, 0x0000, 0x0000, 0x0000, 0x2104,
 0x528A, 0x630C, 0x6B4D, 0x6B4D, 0x632C, 0x630C, 0x5B0C, 0x4B2E, 0x4B91, 0x4BF4, 0x4436, 0x44BA, 0x451C, 0x44FC, 0x44FB, 0x44FB,
 0x44FB, 0x44FB, 0x44FB, 0x44FB, 0x44FB, 0x44FB, 0x44FB, 0x44FC, 0x451C, 0x451C, 0x451C, 0x2BF6, 0x2312, 0x22F2, 0x2B74, 0x3CBA,
 0x453D, 0x44DB, 0x2374, 0x22F2, 0x1AF2, 0x2B74, 0x3CBA, 0x44FB, 0x2BD6, 0x1AD0, 0x124E, 0x1A6E, 0x3437, 0x453D, 0x451C, 0x44FB,
 0x44FB, 0x44FB, 0x44FB, 0x44FB, 0x64BB, 0x7C9B, 0x849B, 0x9C7B, 0xA47B, 0x8C9B, 0x5CDB, 0x451C, 0x44BA, 0x1126, 0x0000, 0x0000,
 0x0000, 0x0000, 0x0000, 0x0000, 0x0000, 0x0000, 0x0000, 0x0000, 0x0000, 0x0000, 0x0000, 0x0000, 0x0000, 0x0000, 0x0000, 0x0000,
 0x0000, 0x0000, 0x0000, 0x0000, 0x0000, 0x0000, 0x0000, 0x0000, 0x39C7, 0x6B4D, 0x630C, 0x5AEB, 0x4A69, 0x31A6, 0x18C3, 0x32AC,
 0x4CD9, 0x3C99, 0x3CBA, 0x451D, 0x451C, 0x44FB, 0x44FB, 0x4CDB, 0x54DB, 0x5CDB, 0x6CBB, 0x6CBB, 0x4CDB, 0x44FB, 0x44FB, 0x44FC,
 0x44FB, 0x3CBA, 0x3C79, 0x3C37, 0x2B73, 0x1AB0, 0x1AB0, 0x22D1, 0x33B5, 0x3416, 0x2B73, 0x122D, 0x11CB, 0x09AA, 0x11CA, 0x1A2C,
 0x19EA, 0x0926, 0x00A3, 0x0062, 0x0042, 0x11A9, 0x33F6, 0x44BA, 0x451C, 0x44FB, 0x44FB, 0x3CFB, 0x54DB, 0x9C7B, 0xA47B, 0xA47B,
 0x9C7B, 0x9C7B, 0x9C7B, 0x64BB, 0x451C, 0x33D5, 0x08A3, 0x0000, 0x0000, 0x0000, 0x0000, 0x0000, 0x0000, 0x0000, 0x0000, 0x0000,
 0x0000, 0x0000, 0x0000, 0x0000, 0x0000, 0x0000, 0x0000, 0x0000, 0x0000, 0x0000, 0x0000, 0x0000, 0x0000, 0x0000, 0x0000, 0x0000,
 0x0000, 0x10A2, 0x2965, 0x2124, 0x10A2, 0x0841, 0x0000, 0x0000, 0x0062, 0x3351, 0x2B10, 0x11CA, 0x2B93, 0x44FB, 0x44FC, 0x5CDB,
 0x8C9B, 0x947B, 0x947B, 0x9C7B, 0x9C7B, 0x7C9B, 0x44FB, 0x44FB, 0x451C, 0x33B4, 0x1167, 0x08E5, 0x0083, 0x0083, 0x00A3, 0x0083,
 0x0062, 0x0062, 0x0062, 0x0042, 0x0021, 0x0020, 0x0000, 0x0000, 0x0000, 0x0000, 0x0000, 0x0000, 0x0000, 0x0000, 0x0000, 0x0062,
 0x19EA, 0x3C79, 0x451C, 0x44FB, 0x3CFB, 0x54DB, 0x947B, 0x9C7B, 0x9C7B, 0x9C7B, 0x9C7B, 0x947B, 0x54DB, 0x453D, 0x22CF, 0x0000,
 0x0000, 0x0000, 0x0000, 0x0000, 0x0000, 0x0000, 0x0000, 0x0000, 0x0000, 0x0000, 0x0000, 0x0000, 0x0000, 0x0000, 0x0000, 0x0000,
 0x0000, 0x0000, 0x0000, 0x0000, 0x0000, 0x0000, 0x0000, 0x0000, 0x0000, 0x0000, 0x0000, 0x0000, 0x0000, 0x0000, 0x0000, 0x0000,
 0x0000, 0x0000, 0x1105, 0x08C4, 0x0000, 0x08C4, 0x3C78, 0x453C, 0x6CBB, 0xA47B, 0x9C7B, 0x9C7B, 0x9C7B, 0xA47B, 0x8C9B, 0x44FB,
 0x44FC, 0x3C99, 0x11A9, 0x0000, 0x0000, 0x0000, 0x0000, 0x0000, 0x0000, 0x0000, 0x0000, 0x0000, 0x0000, 0x0000, 0x0000, 0x0000,
 0x0000, 0x0000, 0x0000, 0x0000, 0x0000, 0x0000, 0x0000, 0x0000, 0x0000, 0x0000, 0x19EA, 0x3C79, 0x451C, 0x44FC, 0x44FB, 0x64BB,
 0x947B, 0x9C7B, 0x9C7B, 0x9C7B, 0x949B, 0x4CFC, 0x3CFB, 0x19EA, 0x0000, 0x0000, 0x0000, 0x0000, 0x0000, 0x0000, 0x0000, 0x0000,
 0x0000, 0x0000, 0x0000, 0x0000, 0x0000, 0x0000, 0x0000, 0x0000, 0x0000, 0x0000, 0x0000, 0x0000, 0x0000, 0x0000, 0x0000, 0x0000,
 0x0000, 0x0000, 0x0000, 0x0000, 0x0000, 0x0000, 0x0000, 0x0000, 0x0000, 0x0000, 0x0000, 0x0000, 0x0000, 0x0000, 0x0000, 0x2B52,
 0x451C, 0x5CDB, 0x8C9B, 0x9C7B, 0x9C7B, 0x9C7B, 0x9C7B, 0x64BB, 0x451C, 0x3C99, 0x22F0, 0x0062, 0x0000, 0x0000, 0x0000, 0x0000,
 0x0000, 0x0000, 0x0000, 0x0000, 0x0000, 0x0000, 0x0000, 0x0000, 0x0000, 0x0000, 0x0000, 0x0000, 0x0000, 0x0000, 0x0000, 0x0000,
 0x0000, 0x0000, 0x0000, 0x0000, 0x11CA, 0x3C37, 0x44FB, 0x451C, 0x44FB, 0x6CBB, 0x9C7B, 0x9C7B, 0x9C7B, 0x947B, 0x54FC, 0x3437,
 0x0906, 0x0000, 0x0042, 0x0021, 0x0000, 0x0000, 0x0000, 0x0000, 0x0000, 0x0000, 0x0000, 0x0000, 0x0000, 0x0000, 0x0000, 0x0000,
 0x0000, 0x0000, 0x0000, 0x0000, 0x0000, 0x0000, 0x0000, 0x0000, 0x0000, 0x0000, 0x0000, 0x0000, 0x0000, 0x0000, 0x0000, 0x0000,
 0x0000, 0x0000, 0x0000, 0x0000, 0x0000, 0x0000, 0x0000, 0x0000, 0x0926, 0x3C58, 0x451C, 0x64BB, 0x8C9B, 0xA47B, 0x9C7B, 0x74BB,
 0x44FB, 0x451C, 0x22D0, 0x08A3, 0x0000, 0x0000, 0x0000, 0x0000, 0x0000, 0x0000, 0x0000, 0x0000, 0x0000, 0x0000, 0x0000, 0x0000,
 0x0000, 0x0000, 0x0000, 0x0000, 0x0000, 0x0000, 0x0000, 0x0000, 0x0000, 0x0000, 0x0000, 0x0000, 0x0000, 0x0000, 0x0926, 0x22AE,
 0x44BA, 0x451C, 0x4CDB, 0x849B, 0xA47B, 0xA47B, 0x947B, 0x551D, 0x2B73, 0x0041, 0x0000, 0x0020, 0x0000, 0x0000, 0x0000, 0x0000,
 0x0000, 0x0000, 0x0000, 0x0000, 0x0000, 0x0000, 0x0000, 0x0000, 0x0000, 0x0000, 0x0000, 0x0000, 0x0000, 0x0000, 0x0000, 0x0000,
 0x0000, 0x0000, 0x0000, 0x0000, 0x0000, 0x0000, 0x0000, 0x0000, 0x0000, 0x0000, 0x0000, 0x0000, 0x0000, 0x0000, 0x0000, 0x0000,
 0x0000, 0x0000, 0x1A4C, 0x44FB, 0x44FC, 0x5CDB, 0x849B, 0x7C9B, 0x4CDB, 0x451C, 0x3C37, 0x08E5, 0x0000, 0x0000, 0x0000, 0x0000,
 0x0000, 0x0000, 0x0000, 0x0000, 0x0000, 0x0000, 0x0000, 0x0000, 0x0000, 0x0000, 0x0000, 0x0000, 0x0000, 0x0000, 0x0000, 0x0000,
 0x0000, 0x0000, 0x0000, 0x0000, 0x0000, 0x0000, 0x0000, 0x0000, 0x0020, 0x19EB, 0x3C78, 0x451C, 0x54FB, 0x7C9B, 0x8C9B, 0x6CDB,
 0x44FB, 0x226D, 0x0000, 0x0000, 0x0000, 0x0000, 0x0000, 0x0000, 0x0000, 0x0000, 0x0000, 0x0000, 0x0000, 0x0000, 0x0000, 0x0000,
 0x0000, 0x0000, 0x0000, 0x0000, 0x0000, 0x0000, 0x0000, 0x0000, 0x0000, 0x0000, 0x0000, 0x0000, 0x0000, 0x0000, 0x0000, 0x0000,
 0x0000, 0x0000, 0x0000, 0x0000, 0x0000, 0x0000, 0x0000, 0x0000, 0x0000, 0x0000, 0x0000, 0x0062, 0x2B73, 0x451C, 0x44FB, 0x44FB,
 0x44DB, 0x44FC, 0x44FB, 0x224D, 0x0000, 0x0000, 0x0000, 0x0000, 0x0000, 0x0000, 0x0000, 0x0000, 0x0000, 0x0000, 0x0000, 0x0000,
 0x0000, 0x0000, 0x0000, 0x0000, 0x0000, 0x0000, 0x0000, 0x0000, 0x0000, 0x0000, 0x0000, 0x0000, 0x0000, 0x0000, 0x0000, 0x0020,
 0x0000, 0x0000, 0x0000, 0x1147, 0x33D5, 0x451C, 0x44FC, 0x4CFB, 0x451C, 0x3C58, 0x0926, 0x0000, 0x0041, 0x0020, 0x0000, 0x0000,
 0x0000, 0x0000, 0x0000, 0x0000, 0x0000, 0x0000, 0x0000, 0x0000, 0x0000, 0x0000, 0x0000, 0x0000, 0x0000, 0x0000, 0x0000, 0x0000,
 0x0000, 0x0000, 0x0000, 0x0000, 0x0000, 0x0000, 0x0000, 0x0000, 0x0000, 0x0000, 0x0000, 0x0000, 0x0000, 0x0000, 0x0000, 0x0000,
 0x0000, 0x0000, 0x0000, 0x0000, 0x0000, 0x1188, 0x3C99, 0x451C, 0x44FB, 0x44FB, 0x453C, 0x3416, 0x08A4, 0x0000, 0x0000, 0x0000,
 0x0000, 0x0000, 0x0000, 0x0000, 0x0000, 0x0000, 0x0000, 0x0000, 0x0000, 0x0000, 0x0000, 0x0000, 0x0000, 0x0000, 0x0000, 0x0000,
 0x0000, 0x0000, 0x0000, 0x0000, 0x0000, 0x0000, 0x0000, 0x0000, 0x0000, 0x0020, 0x0000, 0x0000, 0x0000, 0x0905, 0x33B5, 0x451C,
 0x451C, 0x451C, 0x3394, 0x0021, 0x0000, 0x0021, 0x0000, 0x0000, 0x0000, 0x0000, 0x0000, 0x0000, 0x0000, 0x0000, 0x0000, 0x0000,
 0x0000, 0x0000, 0x0000, 0x0000, 0x0000, 0x0000, 0x0000, 0x0000, 0x0000, 0x0000, 0x0000, 0x0000, 0x0000, 0x0000, 0x0000, 0x0000,
 0x0000, 0x0000, 0x0000, 0x0000, 0x0000, 0x0000, 0x0000, 0x0000, 0x0000, 0x0000, 0x0000, 0x0000, 0x0000, 0x0000, 0x0082, 0x2B94,
 0x451C, 0x44FC, 0x44FC, 0x451C, 0x2B11, 0x0020, 0x0000, 0x0000, 0x0000, 0x0000, 0x0000, 0x0000, 0x0000, 0x0000, 0x0000, 0x0000,
 0x0000, 0x0000, 0x0000, 0x0000, 0x0000, 0x0000, 0x0000, 0x0000, 0x0000, 0x0000, 0x0000, 0x0000, 0x0000, 0x0000, 0x0000, 0x0000,
 0x0000, 0x0000, 0x0000, 0x0020, 0x0000, 0x0000, 0x0020, 0x11C9, 0x3C58, 0x453D, 0x451C, 0x22AF, 0x0000, 0x0000, 0x0000, 0x0000,
 0x0000, 0x0000, 0x0000, 0x0000, 0x0000, 0x0000, 0x0000, 0x0000, 0x0000, 0x0000, 0x0000, 0x0000, 0x0000, 0x0000, 0x0000, 0x0000,
 0x0000, 0x0000, 0x0000, 0x0000, 0x0000, 0x0000, 0x0000, 0x0000, 0x0000, 0x0000, 0x0000, 0x0000, 0x0000, 0x0000, 0x0000, 0x0000,
 0x0000, 0x0000, 0x0000, 0x0000, 0x0000, 0x0000, 0x0000, 0x0000, 0x1167, 0x2B73, 0x451C, 0x453D, 0x3C58, 0x0926, 0x0000, 0x0000,
 0x0000, 0x0000, 0x0000, 0x0000, 0x0000, 0x0000, 0x0000, 0x0000, 0x0000, 0x0000, 0x0000, 0x0000, 0x0000, 0x0000, 0x0000, 0x0000,
 0x0000, 0x0000, 0x0000, 0x0000, 0x0000, 0x0000, 0x0000, 0x0000, 0x0000, 0x0000, 0x0000, 0x0000, 0x0000, 0x0000, 0x0000, 0x0000,
 0x0000, 0x1167, 0x2B73, 0x2B93, 0x08E5, 0x0000, 0x0000, 0x0000, 0x0000, 0x0000, 0x0000, 0x0000, 0x0000, 0x0000, 0x0000, 0x0000,
 0x0000, 0x0000, 0x0000, 0x0000, 0x0000, 0x0000, 0x0000, 0x0000, 0x0000, 0x0000, 0x0000, 0x0000, 0x0000, 0x0000, 0x0000, 0x0000,
 0x0000, 0x0000, 0x0000, 0x0000, 0x0000, 0x0000, 0x0000, 0x0000, 0x0000, 0x0000, 0x0000, 0x0000, 0x0000, 0x0000, 0x0000, 0x0000,
 0x0000, 0x0000, 0x08E5, 0x33D5, 0x44BA, 0x1A2C, 0x0000, 0x0000, 0x0000, 0x0000, 0x0000, 0x0000, 0x0000, 0x0000, 0x0000, 0x0000,
 0x0000, 0x0000, 0x0000, 0x0000, 0x0000, 0x0000, 0x0000, 0x0000, 0x0000, 0x0000, 0x0000, 0x0000, 0x0000, 0x0000, 0x0000, 0x0000,
 0x0000, 0x0000, 0x0000, 0x0000, 0x0000, 0x0000, 0x0000, 0x0000, 0x0000, 0x0000, 0x0000, 0x0021, 0x0083, 0x0000, 0x0000, 0x0000,
 0x0000, 0x0000, 0x0000, 0x0000, 0x0000, 0x0000, 0x0000, 0x0000, 0x0000, 0x0000, 0x0000, 0x0000, 0x0000, 0x0000, 0x0000, 0x0000,
 0x0000, 0x0000, 0x0000, 0x0000, 0x0000, 0x0000, 0x0000, 0x0000, 0x0000, 0x0000, 0x0000, 0x0000, 0x0000, 0x0000, 0x0000, 0x0000,
 0x0000, 0x0000, 0x0000, 0x0000, 0x0000, 0x0000, 0x0000, 0x0000, 0x0000, 0x0000, 0x0000, 0x0000, 0x08A3, 0x1126, 0x0020, 0x0000,
 0x0000, 0x0000, 0x0000, 0x0000, 0x0000, 0x0000, 0x0000, 0x0000, 0x0000, 0x0000, 0x0000, 0x0000, 0x0000, 0x0000, 0x0000, 0x0000,
 0x0000, 0x0000, 0x0000, 0x0000, 0x0000, 0x0000, 0x0000, 0x0000, 0x0000, 0x0000, 0x0000, 0x0000, 0x0000, 0x0000, 0x0000, 0x0000,
 0x0000, 0x0000, 0x0000, 0x0000, 0x0000, 0x0000, 0x0000, 0x0000, 0x0000, 0x0000, 0x0000, 0x0000, 0x0000, 0x0000, 0x0000, 0x0000,
 0x0000, 0x0000, 0x0000, 0x0000, 0x0000, 0x0000, 0x0000, 0x0000, 0x0000,

};

//height of 65
const unsigned short titlecat4[] = {
 0x0000, 0x0000, 0x0000, 0x0000, 0x0000, 0x0000, 0x0000, 0x0000, 0x0000, 0x0000, 0x0000, 0x0000, 0x0000, 0x0000, 0x0000, 0x0000,
 0x0000, 0x0000, 0x0000, 0x0000, 0x0000, 0x0000, 0x0000, 0x0000, 0x0000, 0x0000, 0x0000, 0x0000, 0x0000, 0x0000, 0x0000, 0x0000,
 0x0000, 0x0000, 0x0000, 0x0000, 0x0000, 0x0000, 0x0000, 0x0000, 0x0000, 0x0000, 0x0000, 0x0000, 0x0000, 0x0000, 0x0000, 0x0000,
 0x0000, 0x0000, 0x0000, 0x0000, 0x0000, 0x0000, 0x0000, 0x0000, 0x0000, 0x0000, 0x0000, 0x0000, 0x0000, 0x0000, 0x0000, 0x0000,
 0x0000, 0x0000, 0x0000, 0x0000, 0x0000, 0x0000, 0x0000, 0x0000, 0x0000, 0x0000, 0x0000, 0x0000, 0x0000, 0x0000, 0x0000, 0x0000,
 0x0000, 0x0000, 0x0000, 0x0000, 0x0000, 0x0000, 0x0000, 0x0000, 0x0000, 0x0000, 0x0000, 0x0000, 0x0000, 0x0000, 0x0000, 0x0000,
 0x0000, 0x0000, 0x0000, 0x0000, 0x0000, 0x0000, 0x0000, 0x0000, 0x0000, 0x0000, 0x0000, 0x0000, 0x0000, 0x0000, 0x0000, 0x0000,
 0x0000, 0x0000, 0x0000, 0x0000, 0x0000, 0x0000, 0x0000, 0x0000, 0x0000, 0x0000, 0x0000, 0x0000, 0x0000, 0x0000, 0x0000, 0x0000,
 0x0000, 0x0000, 0x0000, 0x0000, 0x0000, 0x0000, 0x0000, 0x0000, 0x0000, 0x0000, 0x0000, 0x0000, 0x0000, 0x0000, 0x0000, 0x0000,
 0x0000, 0x0000, 0x0000, 0x0000, 0x0000, 0x0000, 0x0000, 0x0000, 0x0000, 0x0000, 0x0000, 0x0000, 0x0000, 0x0000, 0x0000, 0x0000,
 0x0000, 0x0000, 0x0000, 0x0000, 0x0000, 0x0000, 0x0000, 0x0000, 0x0000, 0x0000, 0x0000, 0x0000, 0x0000, 0x2AAD, 0x19C9, 0x08A3,
 0x0041, 0x08C4, 0x0041, 0x0020, 0x0000, 0x0000, 0x0000, 0x0000, 0x0000, 0x0000, 0x0000, 0x1126, 0x220A, 0x19C9, 0x3B50, 0x0041,
 0x0020, 0x0000, 0x0000, 0x0000, 0x0000, 0x0000, 0x0000, 0x0000, 0x0000, 0x0000, 0x0000, 0x0000, 0x0000, 0x0000, 0x0000, 0x0000,
 0x0000, 0x0000, 0x0000, 0x0000, 0x0000, 0x0000, 0x0000, 0x0000, 0x0000, 0x0000, 0x0000, 0x0000, 0x0000, 0x0000, 0x0000, 0x0000,
 0x0000, 0x0000, 0x0000, 0x0000, 0x0000, 0x0000, 0x0000, 0x0000, 0x0000, 0x0000, 0x0000, 0x0000, 0x0000, 0x0000, 0x0000, 0x0000,
 0x0000, 0x0000, 0x0000, 0x0000, 0x0000, 0x0000, 0x0000, 0x0000, 0x0000, 0x0000, 0x0000, 0x0000, 0x0000, 0x0000, 0x0000, 0x0000,
 0x0000, 0x0000, 0x0000, 0x0000, 0x0000, 0x0000, 0x0000, 0x0000, 0x0000, 0x0000, 0x0000, 0x0000, 0x0000, 0x0000, 0x0000, 0x0000,
 0x0000, 0x0000, 0x0000, 0x0000, 0x0000, 0x1967, 0x4C96, 0x43F3, 0x4414, 0x3B91, 0x0062, 0x08C3, 0x1167, 0x0000, 0x0000, 0x0000,
 0x0000, 0x0041, 0x0041, 0x10E4, 0x5D7B, 0x5D19, 0x3BB2, 0x54D8, 0x2A8C, 0x330F, 0x0000, 0x0000, 0x0000, 0x0000, 0x0000, 0x0000,
 0x0000, 0x0000, 0x0000, 0x0000, 0x0000, 0x0000, 0x0000, 0x0000, 0x0000, 0x0000, 0x0000, 0x0000, 0x0000, 0x0000, 0x0000, 0x0000,
 0x0000, 0x0000, 0x0000, 0x0000, 0x0000, 0x0000, 0x0000, 0x0000, 0x0000, 0x0000, 0x0000, 0x0000, 0x0000, 0x0000, 0x0000, 0x0000,
 0x0000, 0x0000, 0x0000, 0x0000, 0x0000, 0x0000, 0x0000, 0x0000, 0x0000, 0x0000, 0x0000, 0x0000, 0x0000, 0x0000, 0x0000, 0x0000,
 0x0000, 0x0000, 0x0000, 0x0000, 0x0000, 0x0000, 0x0000, 0x0000, 0x0000, 0x0000, 0x0000, 0x0000, 0x0000, 0x0000, 0x0000, 0x0000,
 0x0000, 0x0000, 0x0000, 0x0000, 0x0000, 0x0000, 0x0000, 0x0000, 0x0000, 0x0000, 0x0000, 0x0000, 0x0000, 0x1105, 0x6E1E, 0x65DD,
 0x65DD, 0x65DD, 0x6DFD, 0x5D7B, 0x220A, 0x0000, 0x00A3, 0x0020, 0x0000, 0x0000, 0x0021, 0x2A6C, 0x65DD, 0x65FD, 0x6DFD, 0x6DFD,
 0x6DFD, 0x6DFD, 0x6DFD, 0x3B71, 0x0000, 0x0000, 0x0000, 0x0000, 0x0000, 0x0000, 0x0000, 0x0000, 0x0000, 0x0000, 0x0000, 0x0000,
 0x0000, 0x0000, 0x0000, 0x0000, 0x0000, 0x0000, 0x0000, 0x0000, 0x0000, 0x0000, 0x0000, 0x0000, 0x0000, 0x0000, 0x0000, 0x0000,
 0x0000, 0x0000, 0x0000, 0x0000, 0x0000, 0x0000, 0x0000, 0x0000, 0x0000, 0x0000, 0x0000, 0x0000, 0x0000, 0x0000, 0x0000, 0x0000,
 0x0000, 0x0000, 0x0000, 0x0000, 0x0000, 0x0000, 0x0000, 0x0000, 0x0000, 0x0000, 0x0000, 0x0000, 0x0000, 0x0000, 0x0000, 0x0000,
 0x0000, 0x0000, 0x0000, 0x0000, 0x0000, 0x0000, 0x0000, 0x0000, 0x0000, 0x0000, 0x0000, 0x0000, 0x0000, 0x0000, 0x0000, 0x0000,
 0x0000, 0x0000, 0x0000, 0x0000, 0x0000, 0x0000, 0x2ACE, 0x6DFD, 0x6DFD, 0x6DFD, 0x65BD, 0x557C, 0x4D3C, 0x44BA, 0x22CF, 0x0021,
 0x0041, 0x0000, 0x0000, 0x228E, 0x5D9C, 0x65FE, 0x5D5B, 0x54D8, 0x4C55, 0x4C55, 0x54B7, 0x65DD, 0x5D39, 0x0000, 0x0000, 0x0000,
 0x0000, 0x0000, 0x0000, 0x0000, 0x0000, 0x0000, 0x0000, 0x0000, 0x0000, 0x0000, 0x0000, 0x0000, 0x0000, 0x0000, 0x0000, 0x0000,
 0x0000, 0x0000, 0x0000, 0x0000, 0x0000, 0x0000, 0x0000, 0x0000, 0x0000, 0x0000, 0x0000, 0x0000, 0x0000, 0x0000, 0x0000, 0x0000,
 0x0000, 0x0000, 0x0000, 0x0000, 0x0000, 0x0000, 0x0000, 0x0000, 0x0000, 0x0000, 0x0000, 0x0000, 0x0000, 0x0000, 0x0000, 0x0000,
 0x0000, 0x0000, 0x0000, 0x0000, 0x0000, 0x0000, 0x0000, 0x0000, 0x0000, 0x0000, 0x0000, 0x0000, 0x0000, 0x0000, 0x0000, 0x0000,
 0x0000, 0x0000, 0x0000, 0x0000, 0x0000, 0x0000, 0x0000, 0x0000, 0x0000, 0x0000, 0x0000, 0x0000, 0x0000, 0x0000, 0x0000, 0x33B4,
 0x4D3C, 0x4D1C, 0x4D1C, 0x4D1B, 0x44FB, 0x44FB, 0x44FB, 0x44DB, 0x228E, 0x0021, 0x0000, 0x00A3, 0x2311, 0x224C, 0x1188, 0x08E4,
 0x08A3, 0x0862, 0x0882, 0x08A3, 0x32EE, 0x659B, 0x0021, 0x0000, 0x0000, 0x0000, 0x0000, 0x0000, 0x0000, 0x0000, 0x0000, 0x0000,
 0x0000, 0x0000, 0x0000, 0x0000, 0x0000, 0x0000, 0x0000, 0x0000, 0x0000, 0x0000, 0x0000, 0x0000, 0x0000, 0x0000, 0x0000, 0x0000,
 0x0000, 0x0000, 0x0000, 0x0000, 0x0000, 0x0000, 0x0000, 0x0000, 0x0000, 0x0000, 0x0000, 0x0000, 0x0000, 0x0000, 0x0000, 0x0000,
 0x0000, 0x0000, 0x0000, 0x0000, 0x0000, 0x0000, 0x0000, 0x0000, 0x0000, 0x0000, 0x0000, 0x0000, 0x0000, 0x0000, 0x0000, 0x0000,
 0x0000, 0x0000, 0x0000, 0x0000, 0x0000, 0x0000, 0x0000, 0x0000, 0x0000, 0x0000, 0x0000, 0x0000, 0x0000, 0x0000, 0x0000, 0x0000,
 0x0000, 0x0000, 0x0000, 0x0000, 0x0000, 0x0000, 0x0062, 0x00A3, 0x2332, 0x2B74, 0x2354, 0x33F7, 0x44FB, 0x44FB, 0x44FB, 0x451C,
 0x44DB, 0x22AF, 0x0926, 0x0000, 0x0000, 0x00E6, 0x0989, 0x11EB, 0x124E, 0x1A6F, 0x1AB0, 0x1AB0, 0x1A8F, 0x0021, 0x1A4C, 0x0062,
 0x0000, 0x0000, 0x0000, 0x0000, 0x0000, 0x0000, 0x0000, 0x0000, 0x0000, 0x0000, 0x0000, 0x0000, 0x0000, 0x0000, 0x0000, 0x0000,
 0x0000, 0x0000, 0x0000, 0x0000, 0x0000, 0x0000, 0x0000, 0x0000, 0x0000, 0x0000, 0x0000, 0x0000, 0x0000, 0x0000, 0x0000, 0x0000,
 0x0000, 0x0000, 0x0000, 0x0000, 0x0000, 0x0000, 0x0000, 0x0000, 0x0000, 0x0000, 0x0000, 0x0000, 0x0000, 0x0000, 0x0000, 0x0000,
 0x0000, 0x0000, 0x0000, 0x0000, 0x0000, 0x0000, 0x0000, 0x0000, 0x0000, 0x0000, 0x0000, 0x0000, 0x0000, 0x0000, 0x0000, 0x0000,
 0x0000, 0x0000, 0x0000, 0x0000, 0x0000, 0x0000, 0x0000, 0x0000, 0x0000, 0x0000, 0x0000, 0x0000, 0x0000, 0x0000, 0x0000, 0x00A3,
 0x00C5, 0x1AB0, 0x22F2, 0x22F2, 0x2B95, 0x44FB, 0x44FB, 0x3C58, 0x226D, 0x08C4, 0x0020, 0x0083, 0x11EB, 0x1A90, 0x1AD1, 0x1AF1,
 0x22F2, 0x22F2, 0x22F2, 0x22F2, 0x22F2, 0x22F2, 0x00C4, 0x0062, 0x08E5, 0x0000, 0x0000, 0x0000, 0x0000, 0x0000, 0x0000, 0x0000,
 0x0000, 0x0000, 0x0000, 0x0000, 0x0000, 0x0000, 0x0000, 0x0000, 0x0000, 0x0000, 0x0000, 0x0000, 0x0000, 0x0000, 0x0000, 0x0000,
 0x0000, 0x0000, 0x0000, 0x0000, 0x0000, 0x0000, 0x0000, 0x0000, 0x0000, 0x0000, 0x0000, 0x0000, 0x0000, 0x0000, 0x0000, 0x0000,
 0x0000, 0x0000, 0x0000, 0x0000, 0x0000, 0x0000, 0x0000, 0x0000, 0x0000, 0x0000, 0x0000, 0x0000, 0x0000, 0x0000, 0x0000, 0x0000,
 0x0000, 0x0000, 0x0000, 0x0000, 0x0000, 0x0000, 0x0000, 0x0000, 0x0000, 0x0000, 0x0000, 0x0000, 0x0000, 0x0000, 0x0000, 0x0000,
 0x0000, 0x0000, 0x0000, 0x0000, 0x0000, 0x0000, 0x0000, 0x0000, 0x0000, 0x11EA, 0x3C58, 0x3CBA, 0x3C9A, 0x3438, 0x1A6D, 0x08A3,
 0x0021, 0x0948, 0x1A4D, 0x1AD1, 0x22F2, 0x22F2, 0x22F2, 0x22F2, 0x22F2, 0x1AF2, 0x3BD4, 0x3BB4, 0x22F2, 0x22F2, 0x22F2, 0x11EC,
 0x0021, 0x11A9, 0x0000, 0x0000, 0x0000, 0x0000, 0x0000, 0x0000, 0x0000, 0x0000, 0x0000, 0x0000, 0x0000, 0x0000, 0x0000, 0x0000,
 0x0000, 0x0000, 0x0000, 0x0000, 0x0000, 0x0000, 0x0000, 0x0000, 0x0000, 0x0000, 0x0000, 0x0000, 0x0000, 0x0000, 0x0000, 0x0000,
 0x0000, 0x0000, 0x0000, 0x0000, 0x0000, 0x0000, 0x0000, 0x0000, 0x0000, 0x0000, 0x0000, 0x0000, 0x0000, 0x0000, 0x0000, 0x0000,
 0x0000, 0x0000, 0x0000, 0x0000, 0x0000, 0x0000, 0x0000, 0x0000, 0x0000, 0x0000, 0x0000, 0x0000, 0x0000, 0x0000, 0x0000, 0x0000,
 0x0000, 0x0000, 0x0000, 0x0000, 0x0000, 0x0000, 0x0000, 0x0000, 0x0000, 0x0000, 0x0000, 0x0000, 0x0000, 0x0000, 0x0000, 0x0000,
 0x0000, 0x0000, 0x228E, 0x3438, 0x2B74, 0x1A8F, 0x00E5, 0x0021, 0x00C4, 0x1AD0, 0x22F2, 0x22F2, 0x22F2, 0x22F2, 0x22F2, 0x22F2,
 0x22F2, 0x22F2, 0x43D4, 0xFFDF, 0xFFFF, 0x1AF2, 0x22F2, 0x22F2, 0x1A90, 0x0021, 0x1A0B, 0x0000, 0x0000, 0x0000, 0x0000, 0x0000,
 0x0000, 0x0000, 0x0000, 0x0000, 0x0000, 0x0000, 0x0000, 0x0000, 0x0000, 0x0000, 0x0000, 0x0000, 0x0000, 0x0000, 0x0000, 0x0000,
 0x0000, 0x0000, 0x0000, 0x0000, 0x0000, 0x0000, 0x0000, 0x0000, 0x0000, 0x0000, 0x0000, 0x0000, 0x0000, 0x0000, 0x0000, 0x0000,
 0x0000, 0x0000, 0x0000, 0x0000, 0x0000, 0x0000, 0x0000, 0x0000, 0x0000, 0x0000, 0x0000, 0x0000, 0x0000, 0x0000, 0x0000, 0x0000,
 0x0000, 0x0000, 0x0000, 0x0000, 0x0000, 0x0000, 0x0000, 0x0000, 0x0000, 0x0841, 0x0000, 0x1082, 0x0000, 0x0000, 0x0000, 0x0000,
 0x0000, 0x0000, 0x0000, 0x0000, 0x0000, 0x0000, 0x0000, 0x0000, 0x0000, 0x0000, 0x0000, 0x122D, 0x1AF2, 0x0989, 0x0020, 0x0062,
 0x120C, 0x2312, 0x22F2, 0x22F2, 0x22F2, 0x22F2, 0x22F2, 0x22F2, 0x22F2, 0x22F2, 0x1AF2, 0x6476, 0xFFFF, 0xFFFF, 0x2B73, 0x1AF2,
 0x22F2, 0x2312, 0x0041, 0x1A4D, 0x0000, 0x0000, 0x0000, 0x0000, 0x0000, 0x0000, 0x0000, 0x0000, 0x0000, 0x0000, 0x0000, 0x0000,
 0x0000, 0x0000, 0x0000, 0x0000, 0x0000, 0x0000, 0x0000, 0x0000, 0x0000, 0x0000, 0x0000, 0x0000, 0x0000, 0x0000, 0x0000, 0x0000,
 0x0000, 0x0000, 0x0000, 0x0000, 0x0000, 0x0000, 0x0000, 0x0000, 0x0000, 0x0000, 0x0000, 0x0000, 0x0000, 0x0000, 0x0000, 0x0000,
 0x0000, 0x0000, 0x0000, 0x0000, 0x0000, 0x0000, 0x0000, 0x0000, 0x0000, 0x0000, 0x0000, 0x0000, 0x0000, 0x0000, 0x0000, 0x0841,
 0x18E3, 0x0000, 0x0000, 0x0000, 0x0861, 0x2104, 0x2104, 0x0020, 0x0000, 0x0000, 0x0000, 0x0000, 0x0000, 0x0000, 0x0000, 0x0000,
 0x0000, 0x0000, 0x0000, 0x0000, 0x11EB, 0x0062, 0x0083, 0x1A4E, 0x22F2, 0x22F2, 0x22F2, 0x22F2, 0x2332, 0x2332, 0x22F2, 0x22F2,
 0x22F2, 0x22F2, 0x22F2, 0x22F2, 0x1AF2, 0x8D78, 0x74F7, 0x1AF2, 0x22F2, 0x22F2, 0x1A8F, 0x0041, 0x11EC, 0x0000, 0x0000, 0x0000,
 0x0000, 0x0000, 0x0000, 0x0000, 0x0000, 0x0000, 0x0000, 0x0000, 0x0000, 0x0000, 0x0000, 0x0000, 0x0000, 0x0000, 0x0000, 0x0000,
 0x0000, 0x0000, 0x0000, 0x0000, 0x0000, 0x0000, 0x0000, 0x0000, 0x0000, 0x0000, 0x0000, 0x0000, 0x0000, 0x0000, 0x0000, 0x0000,
 0x0000, 0x0000, 0x0000, 0x0000, 0x0000, 0x0000, 0x0000, 0x0000, 0x0000, 0x0000, 0x0000, 0x0000, 0x0000, 0x0000, 0x0000, 0x0000,
 0x0000, 0x0000, 0x0000, 0x0000, 0x0000, 0x0000, 0x0000, 0x0000, 0x0000, 0x0000, 0x0000, 0x0861, 0x528A, 0x7BCF, 0x9CF3, 0x94B2,
 0x4208, 0x0000, 0x0000, 0x0000, 0x0000, 0x0000, 0x0000, 0x0000, 0x0000, 0x0000, 0x0000, 0x0000, 0x0000, 0x0042, 0x00A4, 0x1AB0,
 0x2312, 0x22F2, 0x22F2, 0x22F2, 0x2B53, 0x9DD9, 0x9DD9, 0x2312, 0x22F2, 0x22F2, 0x22F2, 0x22F2, 0x22F2, 0x22F2, 0x1AF2, 0x1AF2,
 0x2312, 0x1AB0, 0x11EC, 0x0041, 0x0083, 0x226D, 0x0000, 0x0000, 0x08C4, 0x0021, 0x0000, 0x0000, 0x0000, 0x0000, 0x0000, 0x0000,
 0x0000, 0x0000, 0x0000, 0x0000, 0x0000, 0x0000, 0x0000, 0x0000, 0x0000, 0x0000, 0x0000, 0x0000, 0x0000, 0x0000, 0x0000, 0x0000,
 0x0000, 0x0000, 0x0000, 0x0000, 0x0000, 0x0000, 0x0000, 0x0000, 0x0000, 0x0000, 0x0000, 0x0000, 0x0000, 0x0000, 0x0000, 0x0000,
 0x0000, 0x0000, 0x0000, 0x0000, 0x0000, 0x0000, 0x0000, 0x0000, 0x0000, 0x0000, 0x0000, 0x0000, 0x0000, 0x0841, 0x0000, 0x0000,
 0x0000, 0x0841, 0x10A2, 0x738E, 0x9CF3, 0x9CD3, 0x9CD3, 0x9CD3, 0x9CD3, 0x94B2, 0x0020, 0x0000, 0x0000, 0x0000, 0x0000, 0x0000,
 0x0000, 0x0000, 0x0000, 0x0000, 0x0020, 0x0021, 0x122D, 0x2312, 0x22F2, 0x22F2, 0x22F2, 0x22F2, 0x22F2, 0x5C96, 0xFFFF, 0xFFFF,
 0x6496, 0x1AF2, 0x22F2, 0x22F2, 0x22F2, 0x22F2, 0x2312, 0x1AB0, 0x120C, 0x0062, 0x0000, 0x0083, 0x122D, 0x1AF1, 0x0041, 0x0000,
 0x2A4B, 0x54F8, 0x1988, 0x1126, 0x0062, 0x0000, 0x0000, 0x0000, 0x0000, 0x0000, 0x0000, 0x0000, 0x0000, 0x0000, 0x0000, 0x0000,
 0x0000, 0x0000, 0x0000, 0x0000, 0x0000, 0x0000, 0x0000, 0x0000, 0x0000, 0x0000, 0x0000, 0x0000, 0x0000, 0x0000, 0x0000, 0x0000,
 0x0000, 0x0000, 0x0000, 0x0000, 0x0000, 0x0000, 0x0000, 0x0000, 0x0000, 0x0000, 0x0000, 0x0000, 0x0000, 0x0000, 0x0000, 0x0000,
 0x0000, 0x0000, 0x0000, 0x0000, 0x0000, 0x0000, 0x0000, 0x0000, 0x0000, 0x1082, 0x4A69, 0x8410, 0x9CF3, 0x9CD3, 0x9CD3, 0x9CD3,
 0x9CD3, 0x9CD3, 0x9CF3, 0x4208, 0x0000, 0x0000, 0x0000, 0x0000, 0x0000, 0x0000, 0x0000, 0x0062, 0x0041, 0x0062, 0x11EB, 0x2312,
 0x22F2, 0x22F2, 0x22F2, 0x22F2, 0x22F2, 0x22F2, 0x3373, 0xD6FD, 0xEF7E, 0x3373, 0x22F2, 0x22F2, 0x22F2, 0x2312, 0x1AB0, 0x11EB,
 0x00A4, 0x0000, 0x19CA, 0x2311, 0x2BD5, 0x2374, 0x1A8F, 0x0000, 0x22CF, 0x4C76, 0x6DFD, 0x65BC, 0x3B50, 0x3BB2, 0x08A3, 0x0000,
 0x0000, 0x0000, 0x0000, 0x0000, 0x0000, 0x0000, 0x0000, 0x0000, 0x0000, 0x0000, 0x0000, 0x0000, 0x0000, 0x0000, 0x0000, 0x0000,
 0x0000, 0x0000, 0x0000, 0x0000, 0x0000, 0x0000, 0x0000, 0x0000, 0x0000, 0x0000, 0x0000, 0x0000, 0x0000, 0x0000, 0x0000, 0x0000,
 0x0000, 0x0000, 0x0000, 0x0000, 0x0000, 0x0000, 0x0000, 0x0000, 0x0000, 0x0000, 0x0000, 0x0000, 0x0020, 0x0000, 0x0000, 0x3186,
 0x0020, 0x2945, 0x8430, 0x9CD3, 0x9CF3, 0x9CD3, 0x9CD3, 0x9CD3, 0x9CD3, 0x9CD3, 0x9CD3, 0x9CD3, 0x73AE, 0x0841, 0x0000, 0x0000,
 0x0000, 0x0000, 0x0000, 0x0906, 0x0041, 0x0021, 0x1A8F, 0x1AF2, 0x22F2, 0x22F2, 0x22F2, 0x22F2, 0x22F2, 0x22F2, 0x22F2, 0x2312,
 0x3393, 0x43B4, 0x1AF2, 0x22F2, 0x2312, 0x1AD1, 0x0906, 0x0062, 0x0000, 0x1167, 0x2B72, 0x3CBA, 0x44FB, 0x44FB, 0x3CBA, 0x3C79,
 0x33D5, 0x44FB, 0x4D1C, 0x65BD, 0x65DD, 0x65DD, 0x65FD, 0x08A3, 0x0000, 0x0000, 0x0000, 0x0000, 0x0000, 0x0000, 0x0000, 0x0000,
 0x0000, 0x0000, 0x0000, 0x0000, 0x0000, 0x0000, 0x0000, 0x0000, 0x0000, 0x0000, 0x0000, 0x0000, 0x0000, 0x0000, 0x0000, 0x0000,
 0x0000, 0x0000, 0x0000, 0x0000, 0x0000, 0x0000, 0x0000, 0x0000, 0x0000, 0x0000, 0x0000, 0x0000, 0x0000, 0x0000, 0x0000, 0x0000,
 0x0000, 0x0000, 0x0000, 0x0000, 0x0000, 0x0000, 0x0000, 0x0000, 0x4A69, 0x8C71, 0x9CF3, 0x9CD3, 0x9CD3, 0x9CD3, 0x9CD3, 0x9CD3,
 0x9CD3, 0x9CD3, 0x9CD3, 0x9CD3, 0x9CD3, 0x94B2, 0x39E7, 0x0000, 0x0000, 0x0000, 0x08E5, 0x00A4, 0x0000, 0x0989, 0x1AD1, 0x1AF2,
 0x3393, 0xC6BC, 0xAE3A, 0x1AF2, 0x22F2, 0x22F2, 0x22F2, 0x22F2, 0x22F2, 0x22F2, 0x2312, 0x1AD0, 0x09AA, 0x0062, 0x0000, 0x2AAD,
 0x4C56, 0x5D5A, 0x4D3C, 0x44FB, 0x44FB, 0x44FB, 0x44FB, 0x44FB, 0x44FB, 0x44FB, 0x44FB, 0x44FB, 0x44FB, 0x555C, 0x6DFD, 0x659C,
 0x0000, 0x0000, 0x0000, 0x0000, 0x0000, 0x0000, 0x0000, 0x0000, 0x0000, 0x0000, 0x0000, 0x0000, 0x0000, 0x0000, 0x0000, 0x0000,
 0x0000, 0x0000, 0x0000, 0x0000, 0x0000, 0x0000, 0x0000, 0x0000, 0x0000, 0x0000, 0x0000, 0x0000, 0x0000, 0x0000, 0x0000, 0x0000,
 0x0000, 0x0000, 0x0000, 0x0000, 0x0000, 0x0000, 0x0000, 0x0000, 0x0000, 0x0000, 0x0000, 0x0000, 0x0000, 0x0000, 0x0000, 0x0000,
 0x8430, 0x9CD3, 0x9CD3, 0x9CD3, 0x9CD3, 0x9CD3, 0x9CD3, 0x9CD3, 0x9CD3, 0x9CD3, 0x9CD3, 0x9CD3, 0x9CD3, 0x9CD3, 0x9CF3, 0x630C,
 0x0000, 0x0042, 0x00C5, 0x0021, 0x0020, 0x122D, 0x1AF1, 0x22F2, 0x1AF2, 0x9DD9, 0xFFFF, 0xFFFF, 0x1AF2, 0x22F2, 0x22F2, 0x22F2,
 0x22F2, 0x22F2, 0x1AF1, 0x122D, 0x0062, 0x0020, 0x11A9, 0x4CB7, 0x65BC, 0x65DD, 0x5D9C, 0x44FB, 0x44FB, 0x44FB, 0x44FB, 0x44FB,
 0x44FB, 0x44FB, 0x44FB, 0x44FB, 0x44FB, 0x44FB, 0x44FB, 0x5DBD, 0x43F3, 0x0020, 0x0000, 0x0000, 0x0000, 0x0000, 0x0000, 0x0000,
 0x0000, 0x0000, 0x0000, 0x0000, 0x0000, 0x0000, 0x0000, 0x0000, 0x0000, 0x0000, 0x0000, 0x0000, 0x0000, 0x0000, 0x0000, 0x0000,
 0x0000, 0x0000, 0x0000, 0x0000, 0x0000, 0x0000, 0x0000, 0x0000, 0x0000, 0x0000, 0x0000, 0x0000, 0x0000, 0x0000, 0x0000, 0x0000,
 0x0000, 0x0000, 0x0000, 0x0000, 0x0000, 0x0000, 0x0000, 0x8C71, 0x9CD3, 0x9CD3, 0x9CD3, 0x9CD3, 0x9CD3, 0x9CD3, 0x9CD3, 0x9CD3,
 0x9CD3, 0x9CD3, 0x9CD3, 0x9CD3, 0x9CD3, 0x9CD3, 0x9CD3, 0x9CD3, 0x94B2, 0x0000, 0x0927, 0x11AA, 0x1A6F, 0x1AD1, 0x22F2, 0x22F2,
 0x22F2, 0x1AF2, 0x2B32, 0x95B9, 0x5C55, 0x1AF2, 0x22F2, 0x22F2, 0x1AF1, 0x09AA, 0x0062, 0x0000, 0x00A3, 0x4435, 0x5D5A, 0x6DFD,
 0x6DFD, 0x5DBD, 0x4D1C, 0x44FB, 0x44FB, 0x44FB, 0x44FB, 0x44FB, 0x44FB, 0x44FB, 0x44FB, 0x44FB, 0x44FB, 0x44FB, 0x44FB, 0x44FB,
 0x3C58, 0x08E5, 0x0000, 0x0000, 0x0000, 0x0000, 0x0000, 0x0000, 0x0000, 0x0000, 0x0000, 0x0000, 0x0000, 0x0000, 0x0000, 0x0000,
 0x0000, 0x0000, 0x0000, 0x0000, 0x0000, 0x0000, 0x0000, 0x0000, 0x0000, 0x0000, 0x0000, 0x0000, 0x0000, 0x0000, 0x0000, 0x0000,
 0x0000, 0x0000, 0x0000, 0x0000, 0x0000, 0x0000, 0x0000, 0x0000, 0x0000, 0x0000, 0x0000, 0x0000, 0x0861, 0x18E3, 0x73AE, 0x9492,
 0x9CD3, 0x9CD3, 0x9CD3, 0x9CD3, 0x9CD3, 0x9CD3, 0x9CD3, 0x9CD3, 0x9CD3, 0x9CD3, 0x9CD3, 0x9CD3, 0x9CD3, 0x9CD3, 0x9CD3, 0x9CD3,
 0x9CD3, 0x9CF3, 0x18C2, 0x0968, 0x1AF1, 0x22F2, 0x22F2, 0x22F2, 0x22F2, 0x22F2, 0x22F2, 0x22F2, 0x2312, 0x22F2, 0x22F2, 0x1AD1,
 0x122D, 0x0041, 0x0021, 0x0906, 0x2B32, 0x3CBA, 0x557C, 0x65DD, 0x65DD, 0x4D3C, 0x44FB, 0x44FB, 0x44FB, 0x44FB, 0x44FB, 0x44FB,
 0x44FB, 0x44FB, 0x44FB, 0x44FB, 0x44FB, 0x44FB, 0x44FB, 0x44FB, 0x44FB, 0x22F0, 0x0020, 0x0000, 0x0000, 0x0000, 0x0000, 0x0000,
 0x0000, 0x0000, 0x0000, 0x0000, 0x0000, 0x0000, 0x0000, 0x0000, 0x0000, 0x0000, 0x0000, 0x0000, 0x0000, 0x0000, 0x0000, 0x0000,
 0x0000, 0x0000, 0x0000, 0x0000, 0x0000, 0x0000, 0x0000, 0x0000, 0x0000, 0x0000, 0x0000, 0x0000, 0x0000, 0x0000, 0x0000, 0x0000,
 0x0000, 0x0000, 0x0000, 0x0000, 0x0020, 0x2965, 0x9492, 0x9CF3, 0x9CD3, 0x9CD3, 0x9CD3, 0x9CD3, 0x9CD3, 0x9CD3, 0x9CD3, 0x9CD3,
 0x9CD3, 0x9CD3, 0x9CD3, 0x9CD3, 0x9CD3, 0x9CD3, 0x9CD3, 0x9CD3, 0x9CD3, 0x9CD3, 0x9CF3, 0x39E7, 0x0083, 0x1AD1, 0x22F2, 0x22F2,
 0x22F2, 0x22F2, 0x22F2, 0x22F2, 0x22F2, 0x2312, 0x1AD1, 0x11EB, 0x00A4, 0x0000, 0x0926, 0x1AAF, 0x44FC, 0x44FC, 0x44FB, 0x44FB,
 0x44FB, 0x44FB, 0x44FB, 0x44FB, 0x44FB, 0x44FB, 0x44FB, 0x44FB, 0x44FB, 0x44FB, 0x44FB, 0x44FB, 0x44FB, 0x44FB, 0x44FB, 0x44FB,
 0x44FB, 0x44FC, 0x0926, 0x0000, 0x0000, 0x0000, 0x0000, 0x0000, 0x0000, 0x0000, 0x0000, 0x0000, 0x0000, 0x0000, 0x0000, 0x0000,
 0x0000, 0x0000, 0x0000, 0x0000, 0x0000, 0x0000, 0x0000, 0x0000, 0x0000, 0x0000, 0x0000, 0x0000, 0x0000, 0x0000, 0x0000, 0x0000,
 0x0000, 0x0000, 0x0000, 0x0000, 0x0000, 0x0000, 0x0000, 0x0000, 0x0000, 0x0000, 0x0000, 0x0000, 0x5AEB, 0x9CD3, 0x9CD3, 0x9CD3,
 0x9CD3, 0x9CD3, 0x9CD3, 0x9CD3, 0x9CD3, 0x9CD3, 0x9CD3, 0x9CD3, 0x9CD3, 0x9CD3, 0x9CD3, 0x9CD3, 0x9CD3, 0x9CD3, 0x9CD3, 0x9CD3,
 0x9CD3, 0x9CD3, 0x9CD3, 0x9CD3, 0x632D, 0x0000, 0x1A4E, 0x22F2, 0x22F2, 0x22F2, 0x22F2, 0x22F2, 0x1AD1, 0x1A8F, 0x00E5, 0x0000,
 0x00C4, 0x1A6E, 0x3C79, 0x44FB, 0x44FB, 0x44FB, 0x44FB, 0x44FB, 0x44FB, 0x44FB, 0x44FB, 0x44FB, 0x44FB, 0x44FB, 0x44FB, 0x44FB,
 0x44FB, 0x44FB, 0x44FB, 0x44FB, 0x44FB, 0x44FB, 0x44FB, 0x44FB, 0x44FB, 0x44FB, 0x2B11, 0x0000, 0x0000, 0x0000, 0x0000, 0x0000,
 0x0000, 0x0000, 0x0000, 0x0000, 0x0000, 0x0000, 0x0000, 0x0000, 0x0000, 0x0000, 0x0000, 0x0000, 0x0000, 0x0000, 0x0000, 0x0000,
 0x0000, 0x0000, 0x0000, 0x0000, 0x0000, 0x0000, 0x0000, 0x0000, 0x0000, 0x0000, 0x0000, 0x0000, 0x0000, 0x0000, 0x0000, 0x0000,
 0x0000, 0x0000, 0x0000, 0x0000, 0x6B6D, 0x9CF3, 0x9CD3, 0x9CD3, 0x9CD3, 0x9CD3, 0x9CD3, 0x9CD3, 0x9CD3, 0x9CD3, 0x9CD3, 0x9CD3,
 0x9CD3, 0x9CD3, 0x9CD3, 0x9CD3, 0x9CD3, 0x9CD3, 0x9CD3, 0x9CD3, 0x9CD3, 0x9CD3, 0x9CD3, 0x9CD3, 0x9CD3, 0x7BEF, 0x10A2, 0x0968,
 0x22F2, 0x22F2, 0x2312, 0x2312, 0x1A8F, 0x0927, 0x0021, 0x0083, 0x11CA, 0x3437, 0x44FB, 0x44FB, 0x44FB, 0x44FB, 0x44FB, 0x44FB,
 0x44FB, 0x44FB, 0x44FB, 0x44FB, 0x44FB, 0x44FB, 0x44FB, 0x44FB, 0x44FB, 0x44FB, 0x44FB, 0x44FB, 0x44FB, 0x44FB, 0x44FB, 0x44FB,
 0x44DB, 0x3417, 0x33F6, 0x08C4, 0x0000, 0x0000, 0x0000, 0x0000, 0x0000, 0x0000, 0x0000, 0x0000, 0x0000, 0x0000, 0x0000, 0x0000,
 0x0000, 0x0000, 0x0000, 0x0000, 0x0000, 0x0000, 0x0000, 0x0000, 0x0000, 0x0000, 0x0000, 0x0000, 0x0000, 0x0000, 0x0000, 0x0000,
 0x0000, 0x0000, 0x0000, 0x0000, 0x0000, 0x0000, 0x0000, 0x0000, 0x0000, 0x0000, 0x0000, 0x0000, 0x9CF3, 0x9CD3, 0x9CD3, 0x9CD3,
 0x9CD3, 0x9CD3, 0x9CD3, 0x9CD3, 0x9CD3, 0x9CD3, 0x9CD3, 0x9CD3, 0x9CD3, 0x9CD3, 0x9CD3, 0x9CD3, 0x9CD3, 0x9CD3, 0x9CD3, 0x9CD3,
 0x9CD3, 0x9CD3, 0x9CD3, 0x9CD3, 0x9CD3, 0x9CD3, 0x9CF3, 0x31A7, 0x0021, 0x22F2, 0x1AD1, 0x1189, 0x0062, 0x0000, 0x0968, 0x2312,
 0x44DB, 0x4D1C, 0x4D3C, 0x4D3C, 0x4D3C, 0x5D9C, 0x5D9D, 0x5DBD, 0x5DBD, 0x65BD, 0x65DD, 0x65DD, 0x65DD, 0x65DD, 0x6DFD, 0x6DFD,
 0x6DFD, 0x65DD, 0x65BD, 0x5DBD, 0x5D9C, 0x5D9C, 0x557C, 0x4D3C, 0x4D3C, 0x3C15, 0x0882, 0x0000, 0x0000, 0x0000, 0x0000, 0x0000,
 0x0000, 0x0000, 0x0000, 0x0000, 0x0000, 0x0000, 0x0000, 0x0000, 0x0000, 0x0000, 0x0000, 0x0000, 0x0000, 0x0000, 0x0000, 0x0000,
 0x0000, 0x0000, 0x0000, 0x0000, 0x0000, 0x0000, 0x0000, 0x0000, 0x0000, 0x0000, 0x0000, 0x0000, 0x0000, 0x0000, 0x0000, 0x0000,
 0x0000, 0x0841, 0x528A, 0x9492, 0x9CF3, 0x9CD3, 0x9CD3, 0x9CD3, 0x9CD3, 0x9CD3, 0x9CD3, 0x9CD3, 0x9CD3, 0x9CD3, 0x9CD3, 0x9CD3,
 0x9CD3, 0x9CD3, 0x9CD3, 0x9CD3, 0x9CD3, 0x9CD3, 0x9CD3, 0x9CD3, 0x9CD3, 0x9CD3, 0x9CD3, 0x9CD3, 0x9CD3, 0x9CD3, 0x9CD3, 0x9CF3,
 0x5B0C, 0x0020, 0x11AA, 0x08E5, 0x0021, 0x0927, 0x22D0, 0x4CFA, 0x557C, 0x5D9C, 0x5DBD, 0x65DD, 0x6DFD, 0x6DFD, 0x6DFD, 0x6DDD,
 0x65DD, 0x65DD, 0x65DD, 0x65DD, 0x65DD, 0x65DD, 0x65DD, 0x65DD, 0x65DD, 0x65DD, 0x65DD, 0x65DD, 0x65DD, 0x65DD, 0x6DDD, 0x6DFD,
 0x6DFD, 0x65DD, 0x65BC, 0x4C97, 0x19A8, 0x0000, 0x0000, 0x0000, 0x0000, 0x0000, 0x0000, 0x0000, 0x0000, 0x0000, 0x0000, 0x0000,
 0x0000, 0x0000, 0x0000, 0x0000, 0x0000, 0x0000, 0x0000, 0x0000, 0x0000, 0x0000, 0x0000, 0x0000, 0x0000, 0x0000, 0x0000, 0x0000,
 0x0000, 0x0000, 0x0000, 0x0000, 0x0000, 0x0000, 0x0000, 0x0000, 0x0000, 0x0841, 0x4A69, 0x9CD3, 0x9CD3, 0x9CD3, 0x9CD3, 0x9CD3,
 0x9CD3, 0x9CD3, 0x9CD3, 0x9CD3, 0x9CD3, 0x9CD3, 0x9CD3, 0x9CD3, 0x9CD3, 0x9CD3, 0x9CD3, 0x9CD3, 0x9CD3, 0x9CD3, 0x9CD3, 0x9CD3,
 0x9CD3, 0x9CD3, 0x9CD3, 0x9CD3, 0x9CD3, 0x9CD3, 0x9CD3, 0x9CD3, 0x9CD3, 0x4A8A, 0x0020, 0x0020, 0x0042, 0x1189, 0x54B8, 0x65BC,
 0x65DD, 0x65DD, 0x65DD, 0x65DD, 0x65DD, 0x65DD, 0x65DD, 0x65DD, 0x65DD, 0x65DD, 0x65DD, 0x65DD, 0x65DD, 0x65DD, 0x65DD, 0x65DD,
 0x65DD, 0x65DD, 0x65DD, 0x65DD, 0x65DD, 0x65DD, 0x65DD, 0x65DD, 0x65DD, 0x65DD, 0x65DD, 0x65BD, 0x5DBD, 0x5D5B, 0x330F, 0x0000,
 0x0000, 0x0000, 0x0000, 0x0000, 0x0000, 0x0000, 0x0000, 0x0000, 0x0000, 0x0000, 0x0000, 0x0000, 0x0000, 0x0000, 0x0000, 0x0000,
 0x0000, 0x0000, 0x0000, 0x0000, 0x0000, 0x0000, 0x0000, 0x0000, 0x0000, 0x0000, 0x0000, 0x0000, 0x0000, 0x0000, 0x0861, 0x0000,
 0x0000, 0x2104, 0x8C71, 0x9CF3, 0x9CD3, 0x9CD3, 0x9CD3, 0x9CD3, 0x9CD3, 0x9CD3, 0x9CD3, 0x9CD3, 0x9CD3, 0x9CD3, 0x9CD3, 0x9CD3,
 0x9CD3, 0x9CD3, 0x9CD3, 0x9CD3, 0x9CD3, 0x9CD3, 0x9CD3, 0x9CD3, 0x9CD3, 0x9CD3, 0x9CD3, 0x9CD3, 0x9CD3, 0x9CD3, 0x9CF3, 0x9492,
 0x52AA, 0x0861, 0x0000, 0x0000, 0x43D3, 0x5D19, 0x6DFD, 0x65DD, 0x65DD, 0x65DD, 0x65DD, 0x65DD, 0x65DD, 0x65DD, 0x65DD, 0x65DD,
 0x65DD, 0x65DD, 0x65DD, 0x54D8, 0x222A, 0x3AB4, 0x4B18, 0x2A0C, 0x2A4B, 0x65BC, 0x65DD, 0x65DD, 0x65DD, 0x65DD, 0x65DD, 0x65DD,
 0x65DD, 0x65DD, 0x65DD, 0x65DD, 0x65BD, 0x65BD, 0x65DD, 0x65DD, 0x4C35, 0x10E4, 0x0000, 0x0000, 0x0000, 0x0000, 0x0000, 0x0000,
 0x0000, 0x0000, 0x0000, 0x0000, 0x0000, 0x0000, 0x0000, 0x0000, 0x0000, 0x0000, 0x0000, 0x0000, 0x0000, 0x0000, 0x0000, 0x0000,
 0x0000, 0x0000, 0x0000, 0x0000, 0x0000, 0x0000, 0x0000, 0x0000, 0x0000, 0x31A6, 0x8C71, 0x9CD3, 0x9CD3, 0x9CD3, 0x9CD3, 0x9CD3,
 0x9CD3, 0x9CD3, 0x9CD3, 0x9CD3, 0x9CD3, 0x9CD3, 0x9CD3, 0x9CD3, 0x9CD3, 0x9CD3, 0x9CD3, 0x9CD3, 0x9CD3, 0x9CD3, 0x9CD3, 0x9CD3,
 0x9CD3, 0x9CD3, 0x9CD3, 0x9492, 0x9CD3, 0x9CD3, 0x94B2, 0x738E, 0x1082, 0x0020, 0x10C3, 0x220A, 0x54D8, 0x65DD, 0x65DD, 0x65DD,
 0x65DD, 0x65DD, 0x65DD, 0x65DD, 0x65DD, 0x65DD, 0x65DD, 0x65DD, 0x65DD, 0x65DD, 0x65DD, 0x659B, 0x220A, 0x0000, 0x4257, 0x4257,
 0x212C, 0x0020, 0x54B7, 0x65DD, 0x65DD, 0x65DD, 0x65DD, 0x65DD, 0x65DD, 0x65DD, 0x65DD, 0x65DD, 0x65DD, 0x65DD, 0x65DD, 0x65DD,
 0x65DD, 0x65DD, 0x5D19, 0x0062, 0x0000, 0x0000, 0x0000, 0x0000, 0x0000, 0x0000, 0x0000, 0x0000, 0x0000, 0x0000, 0x0000, 0x0000,
 0x0000, 0x0000, 0x0000, 0x0000, 0x0000, 0x0000, 0x0000, 0x0000, 0x0000, 0x0000, 0x0000, 0x0000, 0x0000, 0x0841, 0x0000, 0x0000,
 0x0000, 0x73AE, 0x9CD3, 0x9CD3, 0x9CD3, 0x9CD3, 0x9CD3, 0x9CD3, 0x9CD3, 0x9CD3, 0x9CD3, 0x9CD3, 0x9CD3, 0x9CD3, 0x9CD3, 0x9CD3,
 0x9CD3, 0x9CD3, 0x9CD3, 0x9CD3, 0x9CD3, 0x9CD3, 0x9CD3, 0x9CD3, 0x9CD3, 0x9CD3, 0x9CD3, 0x9CD3, 0x8430, 0x4A69, 0x18E3, 0x0020,
 0x1082, 0x0882, 0x32EE, 0x659C, 0x65FD, 0x65DD, 0x65DD, 0x65DD, 0x65FD, 0x65DD, 0x65DD, 0x65DD, 0x65DD, 0x65DD, 0x65DD, 0x65DD,
 0x65DD, 0x65DD, 0x65DD, 0x65DD, 0x65DC, 0x3B30, 0x0000, 0x0843, 0x0864, 0x0021, 0x0000, 0x5D19, 0x65DD, 0x65DD, 0x65DD, 0x65DD,
 0x65DD, 0x65DD, 0x65DD, 0x65DD, 0x65DD, 0x65DD, 0x65DD, 0x65DD, 0x65DD, 0x65DD, 0x65DD, 0x65DD, 0x659C, 0x330F, 0x0000, 0x0000,
 0x0000, 0x0000, 0x0000, 0x0000, 0x0000, 0x0000, 0x0000, 0x0000, 0x0000, 0x0000, 0x0000, 0x0000, 0x0000, 0x0000, 0x0000, 0x0000,
 0x0000, 0x0000, 0x0000, 0x0000, 0x0000, 0x0020, 0x0000, 0x0000, 0x0000, 0x8C71, 0x9CD3, 0x9CD3, 0x9CD3, 0x9CD3, 0x9CD3, 0x9CD3,
 0x9CD3, 0x9CD3, 0x9CD3, 0x9CD3, 0x9CD3, 0x9CD3, 0x9CD3, 0x9CD3, 0x9CD3, 0x9CD3, 0x9CD3, 0x9CD3, 0x9CD3, 0x9CD3, 0x9CD3, 0x9CD3,
 0x9CD3, 0x9CD3, 0x9CD3, 0x8430, 0x528A, 0x0841, 0x0020, 0x0841, 0x18C3, 0x0020, 0x3B71, 0x65DD, 0x6DDD, 0x6DDD, 0x65DD, 0x6DBD,
 0x6DBD, 0x7C9B, 0x65DD, 0x65DD, 0x65DD, 0x65DD, 0x65DD, 0x65DD, 0x65DD, 0x65DD, 0x65DD, 0x65DD, 0x65DD, 0x65DD, 0x65BC, 0x222A,
 0x0000, 0x0000, 0x0020, 0x08A3, 0x65DD, 0x65DD, 0x65DD, 0x65DD, 0x65DD, 0x65DD, 0x65DD, 0x65DD, 0x65DD, 0x65DD, 0x65DD, 0x65DD,
 0x65DD, 0x65DD, 0x65DD, 0x65DD, 0x6D9D, 0x65DD, 0x65DD, 0x2A8D, 0x0061, 0x0000, 0x0000, 0x0000, 0x0000, 0x0000, 0x0000, 0x0000,
 0x0000, 0x0000, 0x0000, 0x0000, 0x0000, 0x0000, 0x0000, 0x0000, 0x0000, 0x0000, 0x0000, 0x0000, 0x0000, 0x0841, 0x0000, 0x0000,
 0x18C3, 0x94B2, 0x9CD3, 0x9CD3, 0x9CD3, 0x9CD3, 0x9CD3, 0x9CD3, 0x9CD3, 0x9CD3, 0x9CD3, 0x9CD3, 0x9CD3, 0x9CD3, 0x9CD3, 0x9CD3,
 0x9CD3, 0x9CD3, 0x9CD3, 0x9CD3, 0x9CD3, 0x9CD3, 0x9CD3, 0x9CD3, 0x9CD3, 0x9492, 0x8410, 0x5AEB, 0x0841, 0x0000, 0x1082, 0x18E3,
 0x0020, 0x0021, 0x08C4, 0x6DFE, 0x65FD, 0x74DC, 0x7CBB, 0x6DBD, 0x841B, 0x753C, 0x8BDA, 0x6D3C, 0x65FD, 0x65DD, 0x65DD, 0x65DD,
 0x65DD, 0x65DD, 0x65DD, 0x65DD, 0x65DD, 0x65DD, 0x65DD, 0x65DD, 0x6DDD, 0x18C5, 0x18A5, 0x2A2B, 0x65DD, 0x65DD, 0x65DD, 0x65DD,
 0x65DD, 0x65DD, 0x65DD, 0x65DD, 0x65DD, 0x65DD, 0x65DD, 0x65DD, 0x6DBD, 0x6DBD, 0x6DDD, 0x6D7D, 0x6D5C, 0x83FA, 0x6DBD, 0x65DD,
 0x5D7B, 0x0021, 0x10E4, 0x0000, 0x0000, 0x0000, 0x0000, 0x0000, 0x0000, 0x0000, 0x0000, 0x0000, 0x0000, 0x0000, 0x0000, 0x0000,
 0x0000, 0x0000, 0x0000, 0x0000, 0x0000, 0x2104, 0x0000, 0x0020, 0x6B4D, 0x94B2, 0x9CD3, 0x9CD3, 0x9CD3, 0x9CD3, 0x9CD3, 0x9CD3,
 0x9CD3, 0x9CD3, 0x9CD3, 0x9CD3, 0x9CD3, 0x9CD3, 0x9CD3, 0x9CD3, 0x9CD3, 0x9CD3, 0x9CD3, 0x9CD3, 0x9CD3, 0x9CD3, 0x9CD3, 0x9CD3,
 0x738E, 0x31A6, 0x0841, 0x0000, 0x1082, 0x0020, 0x0000, 0x0000, 0x0000, 0x0020, 0x0882, 0x4C76, 0x65DD, 0x65DD, 0x6D3C, 0x83FA,
 0x7C7B, 0x841B, 0x843B, 0x843B, 0x841B, 0x6D9C, 0x65DD, 0x65DD, 0x65DD, 0x65BC, 0x65DD, 0x65DD, 0x65DD, 0x65DD, 0x65DD, 0x65DD,
 0x6D5C, 0x841B, 0x8BDA, 0x8BDA, 0x8BFA, 0x6D3C, 0x65DD, 0x65DD, 0x65DD, 0x65DD, 0x5D7B, 0x4414, 0x54F9, 0x65BC, 0x65DD, 0x65DD,
 0x65DD, 0x7C9B, 0x841B, 0x6DBD, 0x7C5B, 0x751C, 0x7C5B, 0x74FC, 0x65DD, 0x65BC, 0x52EC, 0x52AA, 0x52AB, 0x52AA, 0x5ACB, 0x5AEB,
 0x0000, 0x0000, 0x0000, 0x0000, 0x0000, 0x0000, 0x0000, 0x0000, 0x0000, 0x0000, 0x0000, 0x0000, 0x0000, 0x1082, 0x0000, 0x0000,
 0x4A49, 0x9CF3, 0x9CD3, 0x9CD3, 0x9CD3, 0x9CD3, 0x9CD3, 0x9CD3, 0x9CD3, 0x9CD3, 0x9CD3, 0x9CD3, 0x9CD3, 0x9CD3, 0x9CD3, 0x9CD3,
 0x9CD3, 0x9CD3, 0x9CD3, 0x9CF3, 0x9CD3, 0x9492, 0x8430, 0x5AEB, 0x2965, 0x0000, 0x0000, 0x0861, 0x0020, 0x0000, 0x0000, 0x0000,
 0x0000, 0x0000, 0x0020, 0x19C9, 0x5519, 0x659B, 0x65DC, 0x65DD, 0x7C5B, 0x8BDA, 0x7C7B, 0x83FA, 0x74BB, 0x83FA, 0x6D5C, 0x65DD,
 0x659B, 0x3B50, 0x08E4, 0x32AD, 0x54B7, 0x65FD, 0x65DD, 0x65DD, 0x65DD, 0x753C, 0x83FB, 0x83FA, 0x83FA, 0x83FA, 0x7C5B, 0x65DD,
 0x65DD, 0x65DD, 0x54D8, 0x08A3, 0x0000, 0x0000, 0x19C9, 0x65BC, 0x65DD, 0x65DD, 0x6D7C, 0x8BBA, 0x65DD, 0x7C9B, 0x7CDC, 0x7CBB,
 0x7CBB, 0x65BD, 0x657B, 0x5ACB, 0x528A, 0x528A, 0x528A, 0x528A, 0x5ACB, 0x0000, 0x0000, 0x0000, 0x0000, 0x0000, 0x0000, 0x0000,
 0x0000, 0x0000, 0x0000, 0x0000, 0x0000, 0x0000, 0x0000, 0x0000, 0x8C51, 0x9CD3, 0x9CD3, 0x9CD3, 0x9CD3, 0x9CD3, 0x9CD3, 0x9CD3,
 0x9CD3, 0x9CD3, 0x9CD3, 0x9CD3, 0x9CD3, 0x9CD3, 0x9CD3, 0x9CD3, 0x9CD3, 0x9CD3, 0x9492, 0x7BEF, 0x528A, 0x0861, 0x0000, 0x0000,
 0x0861, 0x0000, 0x0000, 0x0000, 0x0000, 0x0000, 0x0000, 0x0000, 0x18C3, 0x2945, 0x3186, 0x39E7, 0x52AA, 0x630C, 0x632D, 0x4C35,
 0x4D3C, 0x6CFC, 0x841B, 0x753C, 0x843B, 0x6DDD, 0x65DD, 0x65DD, 0x5D39, 0x1146, 0x0000, 0x0000, 0x0000, 0x0000, 0x43B2, 0x65DD,
 0x65DD, 0x65DD, 0x65DD, 0x65DD, 0x65DD, 0x65DD, 0x65DD, 0x65DD, 0x65DD, 0x65DD, 0x6DFD, 0x0062, 0x0000, 0x0000, 0x0000, 0x0000,
 0x4414, 0x65DD, 0x65DD, 0x6D9D, 0x841B, 0x6DBD, 0x7CDC, 0x7C9B, 0x7CBB, 0x74FC, 0x65BC, 0x65BC, 0x5CF8, 0x3B30, 0x0882, 0x2187,
 0x2945, 0x4A49, 0x0000, 0x0000, 0x0000, 0x0000, 0x0000, 0x0000, 0x0000, 0x0000, 0x0000, 0x0000, 0x0000, 0x0000, 0x0000, 0x18E3,
 0x94B2, 0x9CF3, 0x9CD3, 0x9CD3, 0x9CD3, 0x9CD3, 0x9CD3, 0x9CD3, 0x9CD3, 0x9CD3, 0x9CD3, 0x9CD3, 0x9CD3, 0x9CD3, 0x9CF3, 0x9CF3,
 0x9492, 0x73AE, 0x52AA, 0x2965, 0x0000, 0x0841, 0x0020, 0x0861, 0x0000, 0x0000, 0x0000, 0x0000, 0x0000, 0x0000, 0x0000, 0x0000,
 0x0861, 0x528A, 0x5ACB, 0x52AA, 0x52EB, 0x5B90, 0x53B1, 0x4C56, 0x44DA, 0x44FB, 0x44FB, 0x4D3C, 0x5D9C, 0x5DBD, 0x65DD, 0x6DDD,
 0x65DD, 0x4C55, 0x0021, 0x0000, 0x0000, 0x0000, 0x0000, 0x1146, 0x65DD, 0x65DD, 0x65DD, 0x65DD, 0x65DD, 0x65DD, 0x65DD, 0x65DD,
 0x65DD, 0x65DD, 0x65DD, 0x6DFD, 0x1967, 0x0000, 0x0000, 0x0000, 0x0000, 0x21E9, 0x65BC, 0x65DD, 0x65DD, 0x6D7C, 0x65FD, 0x6D9C,
 0x6D5C, 0x65DD, 0x65DD, 0x64D6, 0x638F, 0x5B2D, 0x634D, 0x6B4D, 0x632C, 0x632C, 0x632C, 0x0000, 0x0000, 0x0000, 0x0000, 0x0000,
 0x0000, 0x0000, 0x0000, 0x0000, 0x0000, 0x0000, 0x18C3, 0x2945, 0x7BEF, 0x9CD3, 0x9CD3, 0x9CD3, 0x9CD3, 0x9CD3, 0x9CD3, 0x9CD3,
 0x9CD3, 0x9CD3, 0x9CD3, 0x9CD3, 0x9CD3, 0x9CF3, 0x9CF3, 0x8430, 0x4A49, 0x2965, 0x0841, 0x0861, 0x18C3, 0x0841, 0x0861, 0x0000,
 0x0000, 0x0000, 0x0000, 0x0000, 0x0000, 0x0000, 0x0000, 0x0000, 0x0000, 0x0000, 0x10A2, 0x18C3, 0x10A2, 0x2A6C, 0x44DB, 0x44FB,
 0x44FC, 0x44FB, 0x44FB, 0x44FB, 0x44FB, 0x44FB, 0x451B, 0x555C, 0x557C, 0x65DD, 0x1987, 0x0000, 0x0000, 0x0000, 0x0000, 0x0000,
 0x54B7, 0x65DD, 0x65DD, 0x65DD, 0x65DD, 0x65DD, 0x65DD, 0x65DD, 0x65DD, 0x65DD, 0x65DD, 0x65DD, 0x65DD, 0x5D5A, 0x1987, 0x0000,
 0x0000, 0x0000, 0x0000, 0x2A4B, 0x65FD, 0x65DD, 0x65DD, 0x65DD, 0x65FD, 0x65FD, 0x65BD, 0x5D9D, 0x5497, 0x4B70, 0x39E7, 0x31A6,
 0x2945, 0x2945, 0x2945, 0x2945, 0x0000, 0x0000, 0x0000, 0x0000, 0x0000, 0x0000, 0x0000, 0x0000, 0x0000, 0x0000, 0x0841, 0x4A69,
 0x9CF3, 0x9CD3, 0x9CD3, 0x9CD3, 0x9CD3, 0x9CD3, 0x9CD3, 0x9CD3, 0x9CD3, 0x9CD3, 0x9CF3, 0x9CF3, 0x7BEF, 0x5AEB, 0x2124, 0x0020,
 0x1082, 0x10A2, 0x10A2, 0x10A2, 0x0000, 0x0000, 0x0000, 0x0000, 0x0000, 0x0000, 0x0000, 0x0000, 0x0000, 0x0000, 0x0000, 0x0000,
 0x0000, 0x0000, 0x0000, 0x0000, 0x10A2, 0x2986, 0x4B50, 0x53B1, 0x4457, 0x44FB, 0x44FB, 0x44FB, 0x44FB, 0x44FB, 0x44FB, 0x44FB,
 0x44FB, 0x2B52, 0x0042, 0x0000, 0x0000, 0x0000, 0x0862, 0x43F3, 0x6DFD, 0x65DD, 0x65DD, 0x65DD, 0x65DD, 0x65DD, 0x65DD, 0x65DD,
 0x65DD, 0x65DD, 0x65DD, 0x65DD, 0x65DD, 0x65DD, 0x65DD, 0x6E1E, 0x3B71, 0x08C3, 0x0000, 0x0000, 0x0000, 0x54F8, 0x6DDD, 0x65DD,
 0x557C, 0x4CBB, 0x44BB, 0x449B, 0x44BB, 0x44FB, 0x44FC, 0x4D3C, 0x4D3C, 0x1125, 0x0000, 0x0000, 0x0000, 0x0000, 0x0000, 0x0000,
 0x0000, 0x0000, 0x0000, 0x0000, 0x0000, 0x0000, 0x0841, 0x6B6D, 0x94B2, 0x9CD3, 0x9CD3, 0x9CD3, 0x9CD3, 0x9CD3, 0x9CD3, 0x9CD3,
 0x9CD3, 0x9CF3, 0x9CF3, 0x6B6D, 0x39E7, 0x1082, 0x0020, 0x2965, 0x2945, 0x1082, 0x0861, 0x0000, 0x0000, 0x0000, 0x0000, 0x0000,
 0x0000, 0x0000, 0x0000, 0x0000, 0x0020, 0x0861, 0x18E3, 0x2124, 0x3186, 0x39C7, 0x4208, 0x31A6, 0x4228, 0x52CB, 0x632C, 0x630C,
 0x5AEC, 0x3B93, 0x44FB, 0x44FB, 0x44FB, 0x44FB, 0x44FB, 0x44FB, 0x44FB, 0x44DA, 0x0062, 0x0000, 0x0000, 0x0000, 0x1A0A, 0x4C77,
 0x6DFD, 0x65DD, 0x65DD, 0x65DD, 0x65DD, 0x65DD, 0x65DD, 0x65DD, 0x65DD, 0x65DD, 0x65DD, 0x65DD, 0x65DD, 0x65DD, 0x65DD, 0x65DD,
 0x65DD, 0x6DFD, 0x54F9, 0x0062, 0x0000, 0x0000, 0x1126, 0x5D9C, 0x4D3C, 0x44DB, 0x4338, 0x4399, 0x4379, 0x43B9, 0x44FB, 0x4D1C,
 0x44FB, 0x451C, 0x08A3, 0x0000, 0x0000, 0x0000, 0x0000, 0x0000, 0x0000, 0x0000, 0x0000, 0x0841, 0x0000, 0x0000, 0x2104, 0x73AE,
 0x9CD3, 0x9CD3, 0x9CD3, 0x9CD3, 0x9CD3, 0x9CD3, 0x9CF3, 0x9492, 0x738E, 0x39C7, 0x2104, 0x0841, 0x2104, 0x2124, 0x18E3, 0x18C3,
 0x0000, 0x0000, 0x0000, 0x0000, 0x0000, 0x2124, 0x4208, 0x5AEB, 0x73AE, 0x8410, 0x9492, 0x9CD3, 0xA514, 0x9CF3, 0x9492, 0x8C51,
 0x8410, 0x73AE, 0x6B6D, 0x632C, 0x4208, 0x2945, 0x10A2, 0x0882, 0x33D5, 0x44DB, 0x44FC, 0x44FB, 0x44FB, 0x44FB, 0x44FB, 0x44FB,
 0x44FB, 0x44FB, 0x44DA, 0x19EA, 0x08A4, 0x22F0, 0x3C37, 0x44FC, 0x44FB, 0x4D3C, 0x5DBD, 0x6DFD, 0x65DD, 0x65DD, 0x65DD, 0x65DD,
 0x65DD, 0x65DD, 0x65DD, 0x65DD, 0x65DD, 0x65DD, 0x65DD, 0x65DD, 0x65DD, 0x65DD, 0x65DD, 0x65DD, 0x6DFE, 0x3BB3, 0x0000, 0x0000,
 0x44DB, 0x447A, 0x42F8, 0x4277, 0x443A, 0x4338, 0x4359, 0x44DB, 0x44FB, 0x44FB, 0x44FB, 0x0000, 0x0000, 0x0000, 0x0000, 0x0000,
 0x0000, 0x0000, 0x0000, 0x0000, 0x0000, 0x0000, 0x2965, 0x8430, 0x9CD3, 0x9CD3, 0x9CD3, 0x9CD3, 0x9CD3, 0x9CF3, 0x9492, 0x630C,
 0x18C3, 0x0861, 0x0861, 0x2965, 0x2965, 0x0841, 0x0841, 0x0000, 0x0000, 0x0000, 0x0000, 0x0000, 0x39C7, 0x738E, 0x8C71, 0x94B2,
 0x94B2, 0x738E, 0x5AEB, 0x39E7, 0x2965, 0x18E3, 0x10A2, 0x10A2, 0x1082, 0x0861, 0x0861, 0x0841, 0x0841, 0x0020, 0x0000, 0x0000,
 0x0041, 0x3C99, 0x44FB, 0x44FB, 0x44FB, 0x44FB, 0x44FB, 0x44FB, 0x44FB, 0x44FB, 0x44FB, 0x44FB, 0x3CBA, 0x3C58, 0x44FB, 0x44FB,
 0x44FB, 0x44FB, 0x44FB, 0x451B, 0x557C, 0x65DD, 0x65DD, 0x65DD, 0x65DD, 0x65DD, 0x65DD, 0x65DD, 0x65DD, 0x65DD, 0x65DD, 0x65DD,
 0x65DD, 0x65DD, 0x65DD, 0x65DD, 0x65DD, 0x5DBD, 0x4D1C, 0x3C37, 0x3416, 0x44FB, 0x447B, 0x4298, 0x4318, 0x44FB, 0x43D9, 0x4257,
 0x447A, 0x44FB, 0x44FB, 0x44BA, 0x0021, 0x0000, 0x0000, 0x0000, 0x0000, 0x0000, 0x0000, 0x0000, 0x0000, 0x0000, 0x0841, 0x8C71,
 0x9CD3, 0x9CD3, 0x9CD3, 0x9CD3, 0x94B2, 0x8C51, 0x39E7, 0x0861, 0x0020, 0x10A2, 0x3186, 0x10A2, 0x0000, 0x0000, 0x0000, 0x0000,
 0x0000, 0x0020, 0x18C3, 0x4228, 0x7BEF, 0x94B2, 0x8C71, 0x52AA, 0x2965, 0x0841, 0x0000, 0x0000, 0x0000, 0x0000, 0x0000, 0x0000,
 0x0000, 0x0000, 0x0000, 0x0000, 0x0000, 0x0000, 0x0000, 0x0000, 0x0020, 0x0021, 0x33D5, 0x44FB, 0x44FB, 0x44FB, 0x44FB, 0x44FB,
 0x44FB, 0x44FB, 0x44FB, 0x44FB, 0x44FB, 0x44FB, 0x44FB, 0x44FB, 0x44FB, 0x44FB, 0x44FB, 0x44FB, 0x44FB, 0x44FB, 0x65BD, 0x65DD,
 0x65DD, 0x65DD, 0x65DD, 0x65DD, 0x65DD, 0x65DD, 0x65DD, 0x65DD, 0x65DD, 0x65DD, 0x65DD, 0x65DD, 0x65DD, 0x555C, 0x44FB, 0x44FB,
 0x44FB, 0x44FB, 0x43D9, 0x42B8, 0x447A, 0x44FB, 0x44FB, 0x44DB, 0x43D9, 0x44DB, 0x44FB, 0x44FB, 0x3C78, 0x0041, 0x0000, 0x0000,
 0x0000, 0x0000, 0x0000, 0x0000, 0x2104, 0x0000, 0x39C7, 0x8C71, 0x9CD3, 0x9CD3, 0x94B2, 0x6B6D, 0x3186, 0x0020, 0x0020, 0x18E3,
 0x0841, 0x0000, 0x0000, 0x0000, 0x0000, 0x0000, 0x0000, 0x1082, 0x4208, 0x8C51, 0x9492, 0x9492, 0x6B6D, 0x31A6, 0x0020, 0x0000,
 0x0000, 0x0000, 0x0000, 0x0000, 0x0000, 0x0000, 0x0000, 0x0020, 0x0020, 0x0020, 0x0020, 0x0020, 0x0000, 0x0000, 0x0000, 0x0000,
 0x0000, 0x0000, 0x0000, 0x19CA, 0x44FB, 0x44FB, 0x44FB, 0x44FB, 0x44FB, 0x44FB, 0x44FB, 0x44FB, 0x44FB, 0x44FB, 0x44FB, 0x44FB,
 0x44FB, 0x44FB, 0x44FB, 0x44FB, 0x44FB, 0x44FB, 0x44FB, 0x44FB, 0x5DBC, 0x65DD, 0x65DD, 0x65DD, 0x65DD, 0x65DD, 0x65DD, 0x65DD,
 0x65DD, 0x65DD, 0x65DD, 0x65DD, 0x5D7C, 0x44FB, 0x44FB, 0x44FB, 0x44FB, 0x44FB, 0x44FB, 0x43FA, 0x4338, 0x4297, 0x445A, 0x447B,
 0x42D8, 0x42D8, 0x44BB, 0x44FB, 0x44FB, 0x2B93, 0x08A3, 0x0000, 0x0000, 0x0000, 0x0000, 0x0000, 0x1082, 0x2104, 0x1082, 0x9492,
 0x9CD3, 0x8430, 0x632C, 0x2965, 0x0000, 0x0000, 0x0841, 0x0000, 0x0000, 0x0000, 0x0000, 0x0000, 0x0000, 0x1082, 0x2945, 0x5ACB,
 0x9CD3, 0x9492, 0x7BCF, 0x528A, 0x0861, 0x0000, 0x0000, 0x0000, 0x0000, 0x0000, 0x0841, 0x1082, 0x18E3, 0x2965, 0x4A69, 0x5AEB,
 0x6B6D, 0x9CF3, 0x9CF3, 0x9CF3, 0x7BCF, 0x0000, 0x0000, 0x0000, 0x0000, 0x0000, 0x0000, 0x0000, 0x08C4, 0x44FB, 0x44FB, 0x44FB,
 0x44FB, 0x44FB, 0x44FB, 0x44FB, 0x44FB, 0x44FB, 0x44FB, 0x44FB, 0x44FB, 0x44FB, 0x44FB, 0x44FB, 0x44FB, 0x44FB, 0x44FB, 0x44FB,
 0x44FB, 0x4D1C, 0x65DD, 0x65DD, 0x65DD, 0x65DD, 0x65DD, 0x65DD, 0x65DD, 0x65DD, 0x65DD, 0x65DD, 0x557C, 0x44FB, 0x44FB, 0x44FB,
 0x44FB, 0x44FB, 0x44FB, 0x44FB, 0x44FB, 0x44DB, 0x4257, 0x43FA, 0x43B9, 0x4257, 0x447A, 0x44FB, 0x44FB, 0x44DB, 0x19CA, 0x0000,
 0x0000, 0x0000, 0x0000, 0x0000, 0x0000, 0x4208, 0x1082, 0x5ACB, 0x39C7, 0x0841, 0x0000, 0x0000, 0x0000, 0x0000, 0x0000, 0x0000,
 0x0000, 0x0000, 0x0000, 0x0841, 0x39C7, 0x7BEF, 0x9492, 0x8430, 0x5ACB, 0x0861, 0x0000, 0x0000, 0x0000, 0x0000, 0x0000, 0x0841,
 0x2945, 0x52AA, 0x9492, 0x94B2, 0x9492, 0x8C51, 0x7BCF, 0x5ACB, 0x4228, 0x39E7, 0x39E7, 0x4A69, 0x7BCF, 0x6B6D, 0x0000, 0x0000,
 0x0000, 0x0000, 0x0000, 0x0000, 0x0000, 0x0000, 0x33B5, 0x44FB, 0x44FB, 0x44FB, 0x44FB, 0x44FB, 0x44FB, 0x44FB, 0x44FB, 0x44FB,
 0x44FB, 0x44FB, 0x44FB, 0x44FB, 0x44FB, 0x44FB, 0x44FB, 0x44FB, 0x44FB, 0x44FB, 0x44BA, 0x551A, 0x65FD, 0x65DD, 0x65DD, 0x65BD,
 0x65DD, 0x65DD, 0x65DD, 0x65BD, 0x4D3C, 0x44FB, 0x44FB, 0x44FB, 0x44FB, 0x44FB, 0x44FB, 0x44FB, 0x44FB, 0x44FB, 0x449B, 0x4237,
 0x43DA, 0x4359, 0x4237, 0x44FB, 0x44FB, 0x44FB, 0x3417, 0x0000, 0x0000, 0x0000, 0x0000, 0x0000, 0x0000, 0x0000, 0x0861, 0x0000,
 0x0000, 0x0000, 0x0000, 0x0000, 0x0000, 0x0000, 0x0000, 0x0000, 0x0000, 0x0000, 0x10A2, 0x31A6, 0x6B4D, 0x9CD3, 0x7BCF, 0x31A6,
 0x0020, 0x0000, 0x0000, 0x0000, 0x0000, 0x0020, 0x2124, 0x4A49, 0x73AE, 0x9CD3, 0x8C51, 0x6B6D, 0x4A69, 0x2965, 0x0020, 0x0000,
 0x0000, 0x0000, 0x0000, 0x0000, 0x0000, 0x0000, 0x0000, 0x0000, 0x0000, 0x0000, 0x0000, 0x0000, 0x0000, 0x0000, 0x0000, 0x08C4,
 0x3C37, 0x44FC, 0x44FB, 0x44FB, 0x44FB, 0x44FB, 0x44FB, 0x44FB, 0x44FB, 0x44FB, 0x44FB, 0x44FB, 0x44FB, 0x44FB, 0x44FB, 0x44FB,
 0x44FB, 0x44FB, 0x44DB, 0x2333, 0x2B73, 0x65BD, 0x65DD, 0x5D5B, 0x3C36, 0x5D7B, 0x65DD, 0x65BD, 0x44BA, 0x3C79, 0x44FB, 0x44FB,
 0x44FB, 0x44FB, 0x44FB, 0x44FB, 0x44FB, 0x44FB, 0x44FB, 0x44FB, 0x4359, 0x449B, 0x43FA, 0x4339, 0x44FB, 0x44FB, 0x44FB, 0x11A9,
 0x0042, 0x0000, 0x0000, 0x0000, 0x0000, 0x0000, 0x0000, 0x0000, 0x0000, 0x0000, 0x0000, 0x0000, 0x0000, 0x0000, 0x0000, 0x0000,
 0x10A2, 0x39E7, 0x73AE, 0x94B2, 0x8410, 0x528A, 0x0000, 0x0000, 0x0000, 0x0000, 0x0000, 0x1082, 0x2945, 0x73AE, 0x9CD3, 0x8430,
 0x6B6D, 0x39E7, 0x0000, 0x0000, 0x0000, 0x0000, 0x0000, 0x0020, 0x0841, 0x1082, 0x10A2, 0x18C3, 0x18C3, 0x10A2, 0x10A2, 0x0020,
 0x0000, 0x0000, 0x0000, 0x0000, 0x0000, 0x0000, 0x0000, 0x0000, 0x0000, 0x0062, 0x0906, 0x33B4, 0x44FB, 0x44FB, 0x44FB, 0x44FB,
 0x44FB, 0x44FB, 0x44FB, 0x44FB, 0x44FB, 0x44FB, 0x44FB, 0x44FB, 0x44FB, 0x44FB, 0x44FB, 0x3C9A, 0x1AF2, 0x2B73, 0x65DD, 0x65DD,
 0x3C16, 0x22F2, 0x33D5, 0x5D9C, 0x3417, 0x22F2, 0x1AF2, 0x44FC, 0x44FB, 0x44FB, 0x44FB, 0x44FB, 0x44FB, 0x44FB, 0x44FB, 0x44FB,
 0x44FB, 0x44FB, 0x44FB, 0x44FB, 0x44FB, 0x44DA, 0x3C79, 0x2AF0, 0x0041, 0x0000, 0x0000, 0x0000, 0x0000, 0x0000, 0x0000, 0x0000,
 0x0000, 0x0000, 0x0000, 0x0000, 0x0000, 0x0000, 0x0000, 0x0000, 0x2124, 0x8430, 0x94B2, 0x73AE, 0x39C7, 0x0861, 0x0000, 0x0000,
 0x0000, 0x0000, 0x18E3, 0x4208, 0x7BEF, 0x9CD3, 0x73AE, 0x528A, 0x18C3, 0x0000, 0x0000, 0x0000, 0x0000, 0x0020, 0x18E3, 0x31A6,
 0x5ACB, 0x6B4D, 0x7BEF, 0x8430, 0x8C71, 0x8C71, 0x8C51, 0x8410, 0x528A, 0x0000, 0x0000, 0x0000, 0x0000, 0x0000, 0x0000, 0x0000,
 0x0000, 0x0000, 0x0041, 0x0000, 0x19EB, 0x44FC, 0x44FB, 0x44FB, 0x44DB, 0x4CBB, 0x44FB, 0x44FB, 0x44FB, 0x44FB, 0x44FB, 0x44FB,
 0x44FB, 0x44FB, 0x44FB, 0x44FB, 0x3C79, 0x1AF2, 0x2353, 0x555C, 0x65DD, 0x2B94, 0x22F2, 0x4498, 0x4D1C, 0x2353, 0x22F2, 0x1AF2,
 0x44FC, 0x44FB, 0x44FB, 0x44FB, 0x44FB, 0x44FB, 0x44FB, 0x44FB, 0x44FB, 0x44FB, 0x44FB, 0x44FB, 0x44FC, 0x33D5, 0x1A0B, 0x1147,
 0x0000, 0x0000, 0x0000, 0x0000, 0x0000, 0x0000, 0x0000, 0x0000, 0x0000, 0x0000, 0x0000, 0x0000, 0x0000, 0x0000, 0x0000, 0x0000,
 0x0000, 0x2945, 0x73AE, 0x2104, 0x1082, 0x0000, 0x0000, 0x0000, 0x0000, 0x2124, 0x6B6D, 0x8C51, 0x9CD3, 0x6B4D, 0x31A6, 0x1082,
 0x0000, 0x0000, 0x0000, 0x0000, 0x18C3, 0x4A49, 0x7BCF, 0x8430, 0x94B2, 0x9492, 0x7BCF, 0x5AEB, 0x528A, 0x4228, 0x4228, 0x4A49,
 0x5AEB, 0x630C, 0x0000, 0x0000, 0x0000, 0x0000, 0x0000, 0x0000, 0x0000, 0x0000, 0x0000, 0x0083, 0x0000, 0x228E, 0x44FB, 0x44FB,
 0x44FB, 0x743B, 0x7BFA, 0x741B, 0x743B, 0x549B, 0x44DB, 0x44FB, 0x44FB, 0x44FB, 0x44FB, 0x44FB, 0x44FB, 0x3C99, 0x1AF2, 0x2353,
 0x44FB, 0x4D3C, 0x2B73, 0x22F2, 0x3C79, 0x44FB, 0x2353, 0x22F2, 0x1AF2, 0x44FC, 0x44FB, 0x44FB, 0x44FB, 0x44FB, 0x44FB, 0x44FB,
 0x44FB, 0x44FB, 0x44FB, 0x44FB, 0x44FB, 0x44FC, 0x2B52, 0x0000, 0x0000, 0x0000, 0x0000, 0x0000, 0x0000, 0x0000, 0x0000, 0x0000,
 0x0000, 0x0000, 0x0000, 0x0000, 0x0000, 0x0000, 0x0000, 0x0000, 0x0000, 0x0000, 0x0000, 0x0000, 0x0000, 0x0000, 0x0000, 0x0000,
 0x0861, 0x9CF3, 0x8C51, 0x4A49, 0x2124, 0x0841, 0x0000, 0x0000, 0x0000, 0x0841, 0x4A49, 0x6B6D, 0x8C51, 0x9492, 0x6B4D, 0x39C7,
 0x2124, 0x1082, 0x0000, 0x0000, 0x0000, 0x0000, 0x0000, 0x0000, 0x0000, 0x0000, 0x0000, 0x0000, 0x0000, 0x0000, 0x0000, 0x0000,
 0x0000, 0x0000, 0x0000, 0x0000, 0x0000, 0x0000, 0x1188, 0x44FC, 0x44FB, 0x44FB, 0x741B, 0x8BDA, 0x8BDA, 0x8BDA, 0x8BDA, 0x8BDA,
 0x8BDA, 0x5C7B, 0x44FB, 0x44FB, 0x44FB, 0x451C, 0x3CBB, 0x22F2, 0x2333, 0x3CBA, 0x451C, 0x2333, 0x22F2, 0x3C59, 0x44FB, 0x2353,
 0x22F2, 0x1AF2, 0x44FC, 0x44FC, 0x44FC, 0x44FB, 0x44FB, 0x44FB, 0x44FB, 0x54BB, 0x6C3B, 0x6C3B, 0x54BB, 0x44FB, 0x44FB, 0x3C58,
 0x0021, 0x0000, 0x0083, 0x0000, 0x0000, 0x0000, 0x0000, 0x0000, 0x0000, 0x0000, 0x0000, 0x0000, 0x0000, 0x0000, 0x0000, 0x0000,
 0x0000, 0x0000, 0x0000, 0x0000, 0x0000, 0x0000, 0x0000, 0x0000, 0x0000, 0x0000, 0x39C7, 0x10A2, 0x0000, 0x0000, 0x0000, 0x0000,
 0x0861, 0x5AEB, 0x8430, 0x94B2, 0x8C51, 0x52AA, 0x10A2, 0x0841, 0x0000, 0x0000, 0x0000, 0x0000, 0x0000, 0x0000, 0x0000, 0x0000,
 0x0000, 0x0000, 0x0000, 0x0000, 0x0000, 0x0000, 0x0000, 0x0000, 0x0000, 0x0000, 0x0000, 0x0000, 0x0000, 0x0000, 0x0000, 0x0062,
 0x451C, 0x44FB, 0x44FB, 0x4CBB, 0x8BDA, 0x8BDA, 0x8BDA, 0x8BDA, 0x8BDA, 0x8BDA, 0x5C7B, 0x44FB, 0x44FB, 0x44FB, 0x1A2C, 0x08E5,
 0x0927, 0x11EC, 0x2B94, 0x3C79, 0x2333, 0x22F2, 0x3C59, 0x44FB, 0x2353, 0x22F2, 0x22F2, 0x3C99, 0x2B11, 0x22CF, 0x44FC, 0x44FB,
 0x5C7B, 0x7BFA, 0x83FA, 0x8BDA, 0x8BDA, 0x743B, 0x44FB, 0x44FC, 0x33D5, 0x08E5, 0x0000, 0x0000, 0x0000, 0x0000, 0x0000, 0x0000,
 0x0000, 0x0000, 0x0000, 0x0000, 0x0000, 0x0000, 0x0000, 0x0000, 0x0000, 0x0000, 0x0000, 0x0000, 0x0000, 0x0000, 0x0000, 0x0000,
 0x0000, 0x0000, 0x0000, 0x0000, 0x0000, 0x0000, 0x2965, 0x632C, 0x8C71, 0x9CD3, 0x5ACB, 0x2965, 0x0841, 0x0000, 0x0000, 0x0000,
 0x0000, 0x0000, 0x0000, 0x0000, 0x0000, 0x0000, 0x0000, 0x0000, 0x0000, 0x0000, 0x0000, 0x0000, 0x0000, 0x0000, 0x0000, 0x0000,
 0x0000, 0x0000, 0x0000, 0x0000, 0x0000, 0x0000, 0x0000, 0x0000, 0x0083, 0x33B5, 0x44FC, 0x44FB, 0x44FB, 0x741B, 0x8BDA, 0x8BDA,
 0x8BDA, 0x7C1A, 0x4CBB, 0x44FB, 0x44FB, 0x44FB, 0x44FB, 0x19EB, 0x0000, 0x0926, 0x0083, 0x0021, 0x0020, 0x0000, 0x0000, 0x0020,
 0x0020, 0x0000, 0x0000, 0x0000, 0x0020, 0x0020, 0x1147, 0x44BA, 0x44FB, 0x7BFA, 0x8BDA, 0x8BDA, 0x8BDA, 0x8BDA, 0x5C7B, 0x44FB,
 0x451C, 0x228E, 0x0000, 0x0000, 0x0000, 0x0000, 0x0000, 0x0000, 0x0000, 0x0000, 0x0000, 0x0000, 0x0000, 0x0000, 0x0000, 0x0000,
 0x0000, 0x0000, 0x0000, 0x0000, 0x0000, 0x0000, 0x0000, 0x0000, 0x0000, 0x0000, 0x0000, 0x0000, 0x0000, 0x0000, 0x738E, 0x94B2,
 0x9492, 0x52AA, 0x18C3, 0x0020, 0x0000, 0x0000, 0x0000, 0x0000, 0x0000, 0x0000, 0x0000, 0x0000, 0x0000, 0x0000, 0x0000, 0x0000,
 0x0000, 0x0000, 0x0000, 0x0000, 0x0000, 0x0000, 0x0000, 0x0000, 0x0000, 0x0000, 0x0000, 0x0000, 0x0000, 0x0000, 0x0000, 0x0000,
 0x0000, 0x08E5, 0x226D, 0x44FC, 0x44FB, 0x44FB, 0x4CBB, 0x8BDA, 0x8BDA, 0x7BFA, 0x44FB, 0x44FB, 0x44FB, 0x44FB, 0x44FC, 0x22AF,
 0x0020, 0x0000, 0x0000, 0x0000, 0x0000, 0x0000, 0x0000, 0x00A4, 0x0062, 0x0000, 0x0000, 0x0000, 0x0000, 0x22F0, 0x44BA, 0x44BA,
 0x44FB, 0x44FB, 0x741B, 0x8BDA, 0x8BDA, 0x8BDA, 0x8BDA, 0x44FB, 0x44FB, 0x44FC, 0x1188, 0x0000, 0x0000, 0x0000, 0x0000, 0x0000,
 0x0000, 0x0000, 0x0000, 0x0000, 0x0000, 0x0000, 0x0000, 0x0000, 0x0000, 0x0000, 0x0000, 0x0000, 0x0000, 0x0000, 0x0000, 0x0000,
 0x0000, 0x0000, 0x0000, 0x0000, 0x0000, 0x0000, 0x0000, 0x73AE, 0x5AEB, 0x18C3, 0x0000, 0x0000, 0x0000, 0x0000, 0x0000, 0x0000,
 0x0000, 0x0000, 0x0000, 0x0000, 0x0000, 0x0000, 0x0000, 0x0000, 0x0000, 0x0000, 0x0000, 0x0000, 0x0000, 0x0000, 0x0000, 0x0000,
 0x0000, 0x0000, 0x0000, 0x0000, 0x0000, 0x0000, 0x0000, 0x0000, 0x0000, 0x0000, 0x0083, 0x1147, 0x3C79, 0x44FB, 0x44FB, 0x4CDB,
 0x8BDA, 0x7BFA, 0x4CBB, 0x44FB, 0x44FB, 0x44FB, 0x44FB, 0x2B73, 0x0041, 0x0906, 0x0000, 0x0000, 0x0000, 0x0000, 0x0000, 0x0000,
 0x0000, 0x0000, 0x0000, 0x0000, 0x0000, 0x0000, 0x08C4, 0x3C58, 0x44FB, 0x44FB, 0x44FB, 0x4CBB, 0x83DA, 0x8BDA, 0x8BDA, 0x7C1A,
 0x44FB, 0x44FB, 0x3C79, 0x0905, 0x0000, 0x0041, 0x0000, 0x0000, 0x0000, 0x0000, 0x0000, 0x0000, 0x0000, 0x0000, 0x0000, 0x0000,
 0x0000, 0x0000, 0x0000, 0x0000, 0x0000, 0x0000, 0x0000, 0x0000, 0x0000, 0x0000, 0x0000, 0x0000, 0x0000, 0x0000, 0x0000, 0x0000,
 0x0000, 0x0000, 0x0000, 0x0000, 0x0000, 0x0000, 0x0000, 0x0000, 0x0000, 0x0000, 0x0000, 0x0000, 0x0000, 0x0000, 0x0000, 0x0000,
 0x0000, 0x0000, 0x0000, 0x0000, 0x0000, 0x0000, 0x0000, 0x0000, 0x0000, 0x0000, 0x0000, 0x0000, 0x0000, 0x0000, 0x0000, 0x0000,
 0x0000, 0x0000, 0x0000, 0x0041, 0x0000, 0x2B52, 0x44FB, 0x44FB, 0x44FB, 0x44DB, 0x44FB, 0x44FB, 0x44FB, 0x44FB, 0x44FB, 0x3416,
 0x0020, 0x0000, 0x0000, 0x0000, 0x0000, 0x0000, 0x0000, 0x0000, 0x0000, 0x0000, 0x0000, 0x0000, 0x0000, 0x0000, 0x0000, 0x0021,
 0x1147, 0x44FB, 0x44FB, 0x44FB, 0x44FB, 0x645B, 0x8BDA, 0x83DA, 0x645B, 0x44FB, 0x44FB, 0x2B52, 0x0021, 0x0000, 0x0000, 0x0000,
 0x0000, 0x0000, 0x0000, 0x0000, 0x0000, 0x0000, 0x0000, 0x0000, 0x0000, 0x0000, 0x0000, 0x0000, 0x0000, 0x0000, 0x0000, 0x0000,
 0x0000, 0x0000, 0x0000, 0x0000, 0x0000, 0x0000, 0x0000, 0x0000, 0x0000, 0x0000, 0x0000, 0x0000, 0x0000, 0x0000, 0x0000, 0x0000,
 0x0000, 0x0000, 0x0000, 0x0000, 0x0000, 0x0000, 0x0000, 0x0000, 0x0000, 0x0000, 0x0000, 0x0000, 0x0000, 0x0000, 0x0000, 0x0000,
 0x0000, 0x0000, 0x0000, 0x0000, 0x0000, 0x0000, 0x0000, 0x0000, 0x0000, 0x0000, 0x0000, 0x0000, 0x0000, 0x0062, 0x1168, 0x44BA,
 0x44FB, 0x44FB, 0x44FB, 0x44FB, 0x44FB, 0x44FB, 0x44FB, 0x2B11, 0x0083, 0x0000, 0x0000, 0x0000, 0x0000, 0x0000, 0x0000, 0x0000,
 0x0000, 0x0000, 0x0000, 0x0000, 0x0000, 0x0000, 0x0000, 0x0000, 0x0021, 0x0000, 0x33D5, 0x44FB, 0x44FB, 0x44FB, 0x4CDB, 0x8BDA,
 0x7BFA, 0x44DB, 0x44FB, 0x44FC, 0x1A2C, 0x0000, 0x0000, 0x0000, 0x0000, 0x0000, 0x0000, 0x0000, 0x0000, 0x0000, 0x0000, 0x0000,
 0x0000, 0x0000, 0x0000, 0x0000, 0x0000, 0x0000, 0x0000, 0x0000, 0x0000, 0x0000, 0x0000, 0x0000, 0x0000, 0x0000, 0x0000, 0x0000,
 0x0000, 0x0000, 0x0000, 0x0000, 0x0000, 0x0000, 0x0000, 0x0000, 0x0000, 0x0000, 0x0000, 0x0000, 0x0000, 0x0000, 0x0000, 0x0000,
 0x0000, 0x0000, 0x0000, 0x0000, 0x0000, 0x0000, 0x0000, 0x0000, 0x0000, 0x0000, 0x0000, 0x0000, 0x0000, 0x0000, 0x0000, 0x0000,
 0x0000, 0x0000, 0x0000, 0x0000, 0x0000, 0x0000, 0x0062, 0x0021, 0x11A9, 0x44FB, 0x44FB, 0x44FB, 0x44FB, 0x44FB, 0x3416, 0x1147,
 0x0082, 0x0000, 0x0000, 0x0000, 0x0000, 0x0000, 0x0000, 0x0000, 0x0000, 0x0000, 0x0000, 0x0000, 0x0000, 0x0000, 0x0000, 0x0000,
 0x0000, 0x0000, 0x0062, 0x0021, 0x1A4D, 0x3CBA, 0x44FB, 0x44FB, 0x4CDB, 0x44FB, 0x44FB, 0x44FB, 0x44DB, 0x0000, 0x0000, 0x0021,
 0x0000, 0x0000, 0x0000, 0x0000, 0x0000, 0x0000, 0x0000, 0x0000, 0x0000, 0x0000, 0x0000, 0x0000, 0x0000, 0x0000, 0x0000, 0x0000,
 0x0000, 0x0000, 0x0000, 0x0000, 0x0000, 0x0000, 0x0000, 0x0000, 0x0000, 0x0000, 0x0000, 0x0000, 0x0000, 0x0000, 0x0000, 0x0000,
 0x0000, 0x0000, 0x0000, 0x0000, 0x0000, 0x0000, 0x0000, 0x0000, 0x0000, 0x0000, 0x0000, 0x0000, 0x0000, 0x0000, 0x0000, 0x0000,
 0x0000, 0x0000, 0x0000, 0x0000, 0x0000, 0x0000, 0x0000, 0x0000, 0x0000, 0x0000, 0x0000, 0x0000, 0x0000, 0x0000, 0x0000, 0x0041,
 0x0905, 0x0000, 0x3C58, 0x44FB, 0x44FB, 0x44FC, 0x3C78, 0x08E5, 0x0062, 0x0000, 0x0000, 0x0000, 0x0000, 0x0000, 0x0000, 0x0000,
 0x0000, 0x0000, 0x0000, 0x0000, 0x0000, 0x0000, 0x0000, 0x0000, 0x0000, 0x0000, 0x0000, 0x0000, 0x08C4, 0x0021, 0x1A6D, 0x44FB,
 0x44FB, 0x44FB, 0x44FB, 0x44FB, 0x44FC, 0x3394, 0x0000, 0x0000, 0x0000, 0x0000, 0x0000, 0x0000, 0x0000, 0x0000, 0x0000, 0x0000,
 0x0000, 0x0000, 0x0000, 0x0000, 0x0000, 0x0000, 0x0000, 0x0000, 0x0000, 0x0000, 0x0000, 0x0000, 0x0000, 0x0000, 0x0000, 0x0000,
 0x0000, 0x0000, 0x0000, 0x0000, 0x0000, 0x0000, 0x0000, 0x0000, 0x0000, 0x0000, 0x0000, 0x0000, 0x0000, 0x0000, 0x0000, 0x0000,
 0x0000, 0x0000, 0x0000, 0x0000, 0x0000, 0x0000, 0x0000, 0x0000, 0x0000, 0x0000, 0x0000, 0x0000, 0x0000, 0x0000, 0x0000, 0x0000,
 0x0000, 0x0000, 0x0000, 0x0000, 0x0000, 0x0000, 0x0000, 0x0000, 0x0000, 0x00A4, 0x08E5, 0x11A9, 0x44FB, 0x44FC, 0x33D5, 0x0926,
 0x08A3, 0x0000, 0x0000, 0x0083, 0x0000, 0x0000, 0x0000, 0x0000, 0x0000, 0x0000, 0x0000, 0x0000, 0x0000, 0x0000, 0x0000, 0x0000,
 0x0000, 0x0000, 0x0000, 0x0000, 0x0000, 0x08A4, 0x08E5, 0x0021, 0x3C79, 0x44FB, 0x44FB, 0x44FB, 0x44FB, 0x44DB, 0x1A0B, 0x0000,
 0x0000, 0x0000, 0x0000, 0x0000, 0x0000, 0x0000, 0x0000, 0x0000, 0x0000, 0x0000, 0x0000, 0x0000, 0x0000, 0x0000, 0x0000, 0x0000,
 0x0000, 0x0000, 0x0000, 0x0000, 0x0000, 0x0000, 0x0000, 0x0000, 0x0000, 0x0000, 0x0000, 0x0000, 0x0000, 0x0000, 0x0000, 0x0000,
 0x0000, 0x0000, 0x0000, 0x0000, 0x0000, 0x0000, 0x0000, 0x0000, 0x0000, 0x0000, 0x0000, 0x0000, 0x0000, 0x0000, 0x0000, 0x0000,
 0x0000, 0x0000, 0x0000, 0x0000, 0x0000, 0x0000, 0x0000, 0x0000, 0x0000, 0x0000, 0x0000, 0x0000, 0x0000, 0x0000, 0x0000, 0x0000,
 0x0000, 0x0000, 0x0000, 0x0083, 0x0062, 0x0041, 0x0083, 0x0000, 0x0000, 0x0000, 0x0000, 0x0000, 0x0000, 0x0000, 0x0000, 0x0000,
 0x0000, 0x0000, 0x0000, 0x0000, 0x0000, 0x0000, 0x0000, 0x0000, 0x0000, 0x0000, 0x0000, 0x0000, 0x0000, 0x0000, 0x0000, 0x0062,
 0x08C4, 0x08C4, 0x33F6, 0x44FB, 0x44FB, 0x44FB, 0x2B31, 0x0000, 0x0000, 0x0000, 0x0000, 0x0000, 0x0000, 0x0000, 0x0000, 0x0000,
 0x0000, 0x0000, 0x0000, 0x0000, 0x0000, 0x0000, 0x0000, 0x0000, 0x0000, 0x0000, 0x0000, 0x0000, 0x0000, 0x0000, 0x0000, 0x0000,
 0x0000, 0x0000, 0x0000, 0x0000, 0x0000, 0x0000, 0x0000, 0x0000, 0x0000, 0x0000, 0x0000, 0x0000, 0x0000, 0x0000, 0x0000, 0x0000,
 0x0000, 0x0000, 0x0000, 0x0000, 0x0000, 0x0000, 0x0000, 0x0000, 0x0000, 0x0000, 0x0000, 0x0000, 0x0000, 0x0000, 0x0000, 0x0000,
 0x0000, 0x0000, 0x0000, 0x0000, 0x0000, 0x0000, 0x0000, 0x0000, 0x0000, 0x0000, 0x0000, 0x0000, 0x0000, 0x0000, 0x0000, 0x0000,
 0x0000, 0x0000, 0x0000, 0x0000, 0x0000, 0x0000, 0x0000, 0x0000, 0x0000, 0x0000, 0x0000, 0x0000, 0x0000, 0x0000, 0x0000, 0x0000,
 0x0000, 0x0000, 0x0000, 0x0000, 0x0000, 0x0000, 0x0000, 0x0000, 0x0000, 0x0020, 0x0021, 0x0883, 0x3CBA, 0x44FB, 0x44FB, 0x00A3,
 0x0000, 0x0000, 0x0000, 0x0000, 0x0000, 0x0000, 0x0000, 0x0000, 0x0000, 0x0000, 0x0000, 0x0000, 0x0000, 0x0000, 0x0000, 0x0000,
 0x0000, 0x0000, 0x0000, 0x0000, 0x0000, 0x0000, 0x0000, 0x0000, 0x0000, 0x0000, 0x0000, 0x0000, 0x0000, 0x0000, 0x0000, 0x0000,
 0x0000, 0x0000, 0x0000, 0x0000, 0x0000, 0x0000, 0x0000, 0x0000, 0x0000, 0x0000, 0x0000, 0x0000, 0x0000, 0x0000, 0x0000, 0x0000,
 0x0000, 0x0000, 0x0000, 0x0000, 0x0000, 0x0000, 0x0000, 0x0000, 0x0000, 0x0000, 0x0000, 0x0000, 0x0000, 0x0000, 0x0000, 0x0000,
 0x0000, 0x0000, 0x0000, 0x0000, 0x0000, 0x0000, 0x0000, 0x0041, 0x0083, 0x0020, 0x0000, 0x0000, 0x0000, 0x0000, 0x0000, 0x0000,
 0x0000, 0x0000, 0x0000, 0x0000, 0x0000, 0x0000, 0x0000, 0x0000, 0x0000, 0x0000, 0x0000, 0x0000, 0x0000, 0x0000, 0x0000, 0x0000,
 0x0000, 0x0000, 0x0000, 0x0021, 0x08C4, 0x0041, 0x1147, 0x11A9, 0x0000, 0x0000, 0x0000, 0x0000, 0x0000, 0x0000, 0x0000, 0x0000,
 0x0000, 0x0000, 0x0000, 0x0000, 0x0000, 0x0000, 0x0000, 0x0000, 0x0000, 0x0000, 0x0000, 0x0000, 0x0000, 0x0000, 0x0000, 0x0000,
 0x0000, 0x0000, 0x0000, 0x0000, 0x0000, 0x0000, 0x0000, 0x0000, 0x0000, 0x0000, 0x0000, 0x0000, 0x0000, 0x0000, 0x0000, 0x0000,
 0x0000, 0x0000, 0x0000, 0x0000, 0x0000, 0x0000, 0x0000, 0x0000, 0x0000, 0x0000, 0x0000, 0x0000, 0x0000, 0x0000, 0x0000, 0x0000,
 0x0000, 0x0000, 0x0000, 0x0000, 0x0000, 0x0000, 0x0000, 0x0000, 0x0000, 0x0000, 0x0000, 0x0000, 0x0000, 0x0000, 0x0000, 0x0000,
 0x0000, 0x0000, 0x0000, 0x0000, 0x0000, 0x0000, 0x0000, 0x0000, 0x0000, 0x0000, 0x0000, 0x0000, 0x0000, 0x0000, 0x0000, 0x0000,
 0x0000, 0x0000, 0x0000, 0x0000, 0x0000, 0x0000, 0x0000, 0x0000, 0x0000, 0x0000, 0x0000, 0x0000, 0x0000, 0x0000, 0x0083, 0x0000,
 0x0000, 0x0000, 0x0021, 0x0000, 0x0000, 0x0000, 0x0000, 0x0000, 0x0000, 0x0000, 0x0000, 0x0000, 0x0000, 0x0000, 0x0000, 0x0000,
 0x0000, 0x0000, 0x0000, 0x0000, 0x0000, 0x0000, 0x0000, 0x0000, 0x0000, 0x0000, 0x0000, 0x0000, 0x0000, 0x0000, 0x0000, 0x0000,
 0x0000, 0x0000, 0x0000, 0x0000, 0x0000, 0x0000, 0x0000, 0x0000, 0x0000, 0x0000, 0x0000, 0x0000, 0x0000, 0x0000, 0x0000, 0x0000,
 0x0000, 0x0000, 0x0000, 0x0000, 0x0000, 0x0000, 0x0000, 0x0000, 0x0000, 0x0000, 0x0000, 0x0000, 0x0000, 0x0000, 0x0000, 0x0000,
 0x0000, 0x0000, 0x0000, 0x0000, 0x0000, 0x0000, 0x0000, 0x0000, 0x0000, 0x0000, 0x0000, 0x0000, 0x0000, 0x0000, 0x0000, 0x0000,
 0x0000, 0x0000, 0x0000, 0x0000, 0x0000, 0x0000, 0x0000, 0x0000, 0x0000, 0x0000, 0x0000, 0x0000, 0x0000, 0x0000, 0x0000, 0x0000,
 0x0000, 0x0000, 0x0000, 0x0000, 0x0000, 0x0000, 0x0000, 0x0000, 0x0000, 0x0000, 0x0000, 0x0000, 0x0000, 0x0000, 0x0000, 0x0000,
 0x0000, 0x0000, 0x0000, 0x0000, 0x0000, 0x0000, 0x0000,

};
#endif // __images_h
